id,name,type,normalized_name,aliases,source,description
Drug:DB09130,Copper,Drug,copper,,DrugBank|NCBI,
Gene:2153,F5,Gene,F5,,DrugBank|MONDO|NCBI|REACTOME,
Drug:DB00162,Vitamin A,Drug,vitamin a,,DrugBank|NCBI,
Gene:5949,RBP3,Gene,RBP3,,DrugBank|MONDO|NCBI|REACTOME,
Drug:DB06755,Beta carotene,Drug,beta carotene,,DrugBank|NCBI,
Gene:5947,RBP1,Gene,RBP1,,DrugBank|MONDO_grouped|NCBI|REACTOME,
Drug:DB00255,Diethylstilbestrol,Drug,diethylstilbestrol,,DrugBank|MONDO|MONDO_grouped|NCBI,
Gene:7276,TTR,Gene,TTR,,DrugBank|MONDO|NCBI|REACTOME,
Drug:DB00279,Liothyronine,Drug,liothyronine,,DrugBank|NCBI,
Drug:DB00451,Levothyroxine,Drug,levothyroxine,,DrugBank|NCBI,
Drug:DB00586,Diclofenac,Drug,diclofenac,,DrugBank|NCBI,
Drug:DB00861,Diflunisal,Drug,diflunisal,,DrugBank|NCBI,
Drug:DB01093,Dimethyl sulfoxide,Drug,dimethyl sulfoxide,,DrugBank|NCBI,
Drug:DB01583,Liotrix,Drug,liotrix,,DrugBank|NCBI,
Drug:DB01645,Genistein,Drug,genistein,,DrugBank|NCBI,
Drug:DB01751,Tetraiodothyroacetic acid,Drug,tetraiodothyroacetic acid,,DrugBank|NCBI,
Drug:DB01838,"6,4'-Dihydroxy-3-Methyl-3',5'-Dibromoflavone",Drug,"6,4'-dihydroxy-3-methyl-3',5'-dibromoflavone",,DrugBank|NCBI,
Drug:DB02179,O-Trifluoromethylphenyl Anthranilic Acid,Drug,o-trifluoromethylphenyl anthranilic acid,,DrugBank|NCBI,
Drug:DB02266,Flufenamic acid,Drug,flufenamic acid,,DrugBank|NCBI,
Drug:DB02417,"2,4,6-Tribromophenol",Drug,"2,4,6-tribromophenol",,DrugBank|NCBI,
Drug:DB02698,"N-(M-Trifluoromethylphenyl) Phenoxazine-4,6-Dicarboxylic Acid",Drug,"n-(m-trifluoromethylphenyl) phenoxazine-4,6-dicarboxylic acid",,DrugBank|NCBI,
Drug:DB02709,Resveratrol,Drug,resveratrol,,DrugBank|NCBI,
Drug:DB03167,Pentabromophenol,Drug,pentabromophenol,,DrugBank|NCBI,
Drug:DB03239,"3',5'-Dinitro-N-Acetyl-L-Thyronine",Drug,"3',5'-dinitro-n-acetyl-l-thyronine",,DrugBank|NCBI,
Drug:DB03346,"3,3',5,5'-tetrachlorobiphenyl-4,4'-diol",Drug,"3,3',5,5'-tetrachlorobiphenyl-4,4'-diol",,DrugBank|NCBI,
Drug:DB03682,"Dibenzofuran-4,6-Dicarboxylic Acid",Drug,"dibenzofuran-4,6-dicarboxylic acid",,DrugBank|NCBI,
Drug:DB04474,8-anilinonaphthalene-1-sulfonic acid,Drug,8-anilinonaphthalene-1-sulfonic acid,,DrugBank|NCBI,
Drug:DB04674,"2-HYDROXY-3,5-DIIODOBENZOIC ACID",Drug,"2-hydroxy-3,5-diiodobenzoic acid",,DrugBank|NCBI,
Drug:DB04756,"2-[(3,5-Dichloro-4-trioxidanylphenyl)amino]benzoic acid",Drug,"2-[(3,5-dichloro-4-trioxidanylphenyl)amino]benzoic acid",,DrugBank|NCBI,
Drug:DB05235,NRP409,Drug,nrp409,,DrugBank|NCBI,
Drug:DB05352,Fx-1006A,Drug,fx-1006a,,DrugBank|NCBI,
Drug:DB06885,3-[({(1E)-[2-(trifluoromethyl)phenyl]methylidene}amino)oxy]propanoic acid,Drug,3-[({(1e)-[2-(trifluoromethyl)phenyl]methylidene}amino)oxy]propanoic acid,,DrugBank|NCBI,
Drug:DB06907,"2-(2,6-DICHLOROPHENYL)-1,3-BENZOXAZOLE-6-CARBOXYLIC ACID",Drug,"2-(2,6-dichlorophenyl)-1,3-benzoxazole-6-carboxylic acid",,DrugBank|NCBI,
Drug:DB06935,"2',6'-DIFLUOROBIPHENYL-4-CARBOXYLIC ACID",Drug,"2',6'-difluorobiphenyl-4-carboxylic acid",,DrugBank|NCBI,
Drug:DB07047,"2',4'-DICHLORO-4-HYDROXY-1,1'-BIPHENYL-3-CARBOXYLIC ACID",Drug,"2',4'-dichloro-4-hydroxy-1,1'-biphenyl-3-carboxylic acid",,DrugBank|NCBI,
Drug:DB07176,1-Naphthylamine-5-sulfonic acid,Drug,1-naphthylamine-5-sulfonic acid,,DrugBank|NCBI,
Drug:DB07201,(2S)-3-[(9H-fluoren-9-ylideneamino)oxy]-2-methylpropanoic acid,Drug,(2s)-3-[(9h-fluoren-9-ylideneamino)oxy]-2-methylpropanoic acid,,DrugBank|NCBI,
Drug:DB07240,3-[(9H-fluoren-9-ylideneamino)oxy]propanoic acid,Drug,3-[(9h-fluoren-9-ylideneamino)oxy]propanoic acid,,DrugBank|NCBI,
Drug:DB07282,3-({[(1Z)-(2-methoxyphenyl)methylidene]amino}oxy)propanoic acid,Drug,3-({[(1z)-(2-methoxyphenyl)methylidene]amino}oxy)propanoic acid,,DrugBank|NCBI,
Drug:DB07693,"N-(3,5-dibromo-4-hydroxyphenyl)-2,6-dimethylbenzamide",Drug,"n-(3,5-dibromo-4-hydroxyphenyl)-2,6-dimethylbenzamide",,DrugBank|NCBI,
Drug:DB07694,"2,5-dichloro-N-(3,5-dibromo-4-hydroxyphenyl)benzamide",Drug,"2,5-dichloro-n-(3,5-dibromo-4-hydroxyphenyl)benzamide",,DrugBank|NCBI,
Drug:DB07695,"N-(3,5-dibromo-4-hydroxyphenyl)-4-hydroxy-3,5-dimethylbenzamide",Drug,"n-(3,5-dibromo-4-hydroxyphenyl)-4-hydroxy-3,5-dimethylbenzamide",,DrugBank|NCBI,
Drug:DB07753,"3',5'-DIFLUOROBIPHENYL-4-CARBOXYLIC ACID",Drug,"3',5'-difluorobiphenyl-4-carboxylic acid",,DrugBank|NCBI,
Drug:DB07775,"3',5'-DIBROMO-2',4,4',6'-TETRAHYDROXY AURONE",Drug,"3',5'-dibromo-2',4,4',6'-tetrahydroxy aurone",,DrugBank|NCBI,
Drug:DB07962,"METHYL N-[(2',4'-DIFLUORO-4-HYDROXY-5-IODOBIPHENYL-3-YL)CARBONYL]-BETA-ALANINATE",Drug,"methyl n-[(2',4'-difluoro-4-hydroxy-5-iodobiphenyl-3-yl)carbonyl]-beta-alaninate",,DrugBank|NCBI,
Drug:DB07963,"N-[(2',4'-DIFLUORO-4-HYDROXY-5-IODOBIPHENYL-3-YL)CARBONYL]-BETA-ALANINE",Drug,"n-[(2',4'-difluoro-4-hydroxy-5-iodobiphenyl-3-yl)carbonyl]-beta-alanine",,DrugBank|NCBI,
Drug:DB08100,"2,6-dimethyl-4-[(E)-2-phenylethenyl]phenol",Drug,"2,6-dimethyl-4-[(e)-2-phenylethenyl]phenol",,DrugBank|NCBI,
Drug:DB08101,"2,6-dibromo-4-[(E)-2-phenylethenyl]phenol",Drug,"2,6-dibromo-4-[(e)-2-phenylethenyl]phenol",,DrugBank|NCBI,
Drug:DB08102,"3,5-dibromobiphenyl-4-ol",Drug,"3,5-dibromobiphenyl-4-ol",,DrugBank|NCBI,
Drug:DB08103,"2,6-dibromo-4-phenoxyphenol",Drug,"2,6-dibromo-4-phenoxyphenol",,DrugBank|NCBI,
Drug:DB08104,"N-(3,5-dibromo-4-hydroxyphenyl)benzamide",Drug,"n-(3,5-dibromo-4-hydroxyphenyl)benzamide",,DrugBank|NCBI,
Drug:DB08205,"4-(1,3-BENZOXAZOL-2-YL)-2,6-DIMETHYLPHENOL",Drug,"4-(1,3-benzoxazol-2-yl)-2,6-dimethylphenol",,DrugBank|NCBI,
Drug:DB08206,"4-(1,3-BENZOXAZOL-2-YL)-2,6-DIBROMOPHENOL",Drug,"4-(1,3-benzoxazol-2-yl)-2,6-dibromophenol",,DrugBank|NCBI,
Drug:DB08207,"2-(3,5-DIMETHYLPHENYL)-1,3-BENZOXAZOLE",Drug,"2-(3,5-dimethylphenyl)-1,3-benzoxazole",,DrugBank|NCBI,
Drug:DB09100,"Thyroid, porcine",Drug,"thyroid, porcine",,DrugBank|NCBI,
Drug:DB00200,Hydroxocobalamin,Drug,hydroxocobalamin,,DrugBank|NCBI,
Gene:6948,TCN2,Gene,TCN2,,DrugBank|MONDO|NCBI|REACTOME,
Drug:DB00523,Alitretinoin,Drug,alitretinoin,,DrugBank|NCBI,
Gene:1381,CRABP1,Gene,CRABP1,,DrugBank|MONDO|MONDO_grouped|NCBI|REACTOME,
Drug:DB00926,Etretinate,Drug,etretinate,,DrugBank|NCBI,
Drug:DB04942,Tamibarotene,Drug,tamibarotene,,DrugBank|NCBI,
Drug:DB00893,Iron Dextran,Drug,iron dextran,,DrugBank|NCBI,
Gene:7018,TF,Gene,TF,,DrugBank|MONDO|MONDO_grouped|NCBI|REACTOME,
Drug:DB01294,Bismuth subsalicylate,Drug,bismuth subsalicylate,,DrugBank|NCBI,
Drug:DB05260,Gallium nitrate,Drug,gallium nitrate,,DrugBank|NCBI,
Drug:DB11136,Chromium,Drug,chromium,,DrugBank|NCBI,
Drug:DB11182,Rose bengal,Drug,rose bengal,,DrugBank|NCBI,
Drug:DB13949,Ferric cation,Drug,ferric cation,,DrugBank|NCBI,
Drug:DB14520,Tetraferric tricitrate decahydrate,Drug,tetraferric tricitrate decahydrate,,DrugBank|NCBI,
Drug:DB14526,Chromic citrate,Drug,chromic citrate,,DrugBank|NCBI,
Drug:DB14527,Chromic nitrate,Drug,chromic nitrate,,DrugBank|NCBI,
Drug:DB14528,Chromium gluconate,Drug,chromium gluconate,,DrugBank|NCBI,
Drug:DB14529,Chromium nicotinate,Drug,chromium nicotinate,,DrugBank|NCBI,
Drug:DB14530,Chromous sulfate,Drug,chromous sulfate,,DrugBank|NCBI,
Drug:DB00070,Hyaluronidase (ovine),Drug,hyaluronidase (ovine),,DrugBank|NCBI,
Gene:213,ALB,Gene,ALB,,DrugBank|MONDO|NCBI|REACTOME,
Drug:DB00104,Octreotide,Drug,octreotide,,DrugBank|NCBI,
Drug:DB00126,Ascorbic acid,Drug,ascorbic acid,,DrugBank|NCBI,
Drug:DB00137,Lutein,Drug,lutein,,DrugBank|NCBI,
Drug:DB00152,Thiamine,Drug,thiamine,,DrugBank|NCBI,
Drug:DB00159,Icosapent,Drug,icosapent,,DrugBank|NCBI,
Drug:DB00165,Pyridoxine,Drug,pyridoxine,,DrugBank|MONDO_grouped|NCBI,
Drug:DB00214,Torasemide,Drug,torasemide,,DrugBank|NCBI,
Drug:DB00220,Nelfinavir,Drug,nelfinavir,,DrugBank|NCBI,
Drug:DB00227,Lovastatin,Drug,lovastatin,,DrugBank|NCBI,
Drug:DB00228,Enflurane,Drug,enflurane,,DrugBank|NCBI,
Drug:DB00237,Butabarbital,Drug,butabarbital,,DrugBank|NCBI,
Drug:DB00238,Nevirapine,Drug,nevirapine,,DrugBank|NCBI,
Drug:DB00245,Benzatropine,Drug,benzatropine,,DrugBank|NCBI,
Drug:DB00246,Ziprasidone,Drug,ziprasidone,,DrugBank|MONDO_grouped|NCBI,
Drug:DB00252,Phenytoin,Drug,phenytoin,,DrugBank|NCBI,
Drug:DB00264,Metoprolol,Drug,metoprolol,,DrugBank|NCBI,
Drug:DB00266,Dicoumarol,Drug,dicoumarol,,DrugBank|NCBI,
Drug:DB00273,Topiramate,Drug,topiramate,,DrugBank|NCBI,
Drug:DB00274,Cefmetazole,Drug,cefmetazole,,DrugBank|NCBI,
Drug:DB00278,Argatroban,Drug,argatroban,,DrugBank|NCBI,
Drug:DB00286,Conjugated estrogens,Drug,conjugated estrogens,,DrugBank|NCBI,
Drug:DB00289,Atomoxetine,Drug,atomoxetine,,DrugBank|NCBI,
Drug:DB00294,Etonogestrel,Drug,etonogestrel,,DrugBank|MONDO|MONDO_grouped|NCBI,
Drug:DB00295,Morphine,Drug,morphine,,DrugBank|NCBI,
Drug:DB00304,Desogestrel,Drug,desogestrel,,DrugBank|MONDO|MONDO_grouped|NCBI,
Drug:DB00310,Chlorthalidone,Drug,chlorthalidone,,DrugBank|NCBI,
Drug:DB00313,Valproic acid,Drug,valproic acid,,DrugBank|NCBI,
Drug:DB00316,Acetaminophen,Drug,acetaminophen,,DrugBank|NCBI,
Drug:DB00317,Gefitinib,Drug,gefitinib,,DrugBank|MONDO|NCBI,
Drug:DB00321,Amitriptyline,Drug,amitriptyline,,DrugBank|NCBI,
Drug:DB00327,Hydromorphone,Drug,hydromorphone,,DrugBank|NCBI,
Drug:DB00328,Indomethacin,Drug,indomethacin,,DrugBank|MONDO|NCBI,
Drug:DB00332,Ipratropium,Drug,ipratropium,,DrugBank|NCBI,
Drug:DB00333,Methadone,Drug,methadone,,DrugBank|NCBI,
Drug:DB00334,Olanzapine,Drug,olanzapine,,DrugBank|MONDO_grouped|NCBI,
Drug:DB00335,Atenolol,Drug,atenolol,,DrugBank|NCBI,
Drug:DB00343,Diltiazem,Drug,diltiazem,,DrugBank|NCBI,
Drug:DB00404,Alprazolam,Drug,alprazolam,,DrugBank|NCBI,
Drug:DB00412,Rosiglitazone,Drug,rosiglitazone,,DrugBank|NCBI,
Drug:DB00414,Acetohexamide,Drug,acetohexamide,,DrugBank|NCBI,
Drug:DB00415,Ampicillin,Drug,ampicillin,,DrugBank|NCBI,
Drug:DB00421,Spironolactone,Drug,spironolactone,,DrugBank|NCBI,
Drug:DB00430,Cefpiramide,Drug,cefpiramide,,DrugBank|NCBI,
Drug:DB00432,Trifluridine,Drug,trifluridine,,DrugBank|MONDO|NCBI,
Drug:DB00443,Betamethasone,Drug,betamethasone,,DrugBank|NCBI,
Drug:DB00454,Meperidine,Drug,meperidine,,DrugBank|NCBI,
Drug:DB00456,Cefalotin,Drug,cefalotin,,DrugBank|NCBI,
Drug:DB00458,Imipramine,Drug,imipramine,,DrugBank|MONDO_grouped|NCBI,
Drug:DB00459,Acitretin,Drug,acitretin,,DrugBank|NCBI,
Drug:DB00461,Nabumetone,Drug,nabumetone,,DrugBank|NCBI,
Drug:DB00472,Fluoxetine,Drug,fluoxetine,,DrugBank|NCBI,
Drug:DB00476,Duloxetine,Drug,duloxetine,,DrugBank|NCBI,
Drug:DB00477,Chlorpromazine,Drug,chlorpromazine,,DrugBank|MONDO_grouped|NCBI,
Drug:DB00481,Raloxifene,Drug,raloxifene,,DrugBank|NCBI,
Drug:DB00490,Buspirone,Drug,buspirone,,DrugBank|NCBI,
Drug:DB00495,Zidovudine,Drug,zidovudine,,DrugBank|NCBI,
Drug:DB00497,Oxycodone,Drug,oxycodone,,DrugBank|NCBI,
Drug:DB00500,Tolmetin,Drug,tolmetin,,DrugBank|NCBI,
Drug:DB00503,Ritonavir,Drug,ritonavir,,DrugBank|NCBI,
Drug:DB00512,Vancomycin,Drug,vancomycin,,DrugBank|NCBI,
Drug:DB00515,Cisplatin,Drug,cisplatin,,DrugBank|MONDO|NCBI,
Drug:DB00530,Erlotinib,Drug,erlotinib,,DrugBank|MONDO|MONDO_grouped|NCBI,
Drug:DB00537,Ciprofloxacin,Drug,ciprofloxacin,,DrugBank|NCBI,
Drug:DB00540,Nortriptyline,Drug,nortriptyline,,DrugBank|NCBI,
Drug:DB00544,Fluorouracil,Drug,fluorouracil,,DrugBank|MONDO|NCBI,
Drug:DB00554,Piroxicam,Drug,piroxicam,,DrugBank|NCBI,
Drug:DB00555,Lamotrigine,Drug,lamotrigine,,DrugBank|NCBI,
Drug:DB00557,Hydroxyzine,Drug,hydroxyzine,,DrugBank|NCBI,
Drug:DB00563,Methotrexate,Drug,methotrexate,,DrugBank|MONDO|NCBI,
Drug:DB00567,Cephalexin,Drug,cephalexin,,DrugBank|NCBI,
Drug:DB00571,Propranolol,Drug,propranolol,,DrugBank|NCBI,
Drug:DB00573,Fenoprofen,Drug,fenoprofen,,DrugBank|NCBI,
Drug:DB00575,Clonidine,Drug,clonidine,,DrugBank|NCBI,
Drug:DB00576,Sulfamethizole,Drug,sulfamethizole,,DrugBank|NCBI,
Drug:DB00584,Enalapril,Drug,enalapril,,DrugBank|NCBI,
Drug:DB00595,Oxytetracycline,Drug,oxytetracycline,,DrugBank|NCBI,
Drug:DB00598,Labetalol,Drug,labetalol,,DrugBank|NCBI,
Drug:DB00603,Medroxyprogesterone acetate,Drug,medroxyprogesterone acetate,,DrugBank|MONDO|NCBI,
Drug:DB00605,Sulindac,Drug,sulindac,,DrugBank|NCBI,
Drug:DB00607,Nafcillin,Drug,nafcillin,,DrugBank|NCBI,
Drug:DB00608,Chloroquine,Drug,chloroquine,,DrugBank|NCBI,
Drug:DB00619,Imatinib,Drug,imatinib,,DrugBank|NCBI,
Drug:DB00620,Triamcinolone,Drug,triamcinolone,,DrugBank|NCBI,
Drug:DB00624,Testosterone,Drug,testosterone,,DrugBank|MONDO|MONDO_grouped|NCBI,
Drug:DB00625,Efavirenz,Drug,efavirenz,,DrugBank|NCBI,
Drug:DB00635,Prednisone,Drug,prednisone,,DrugBank|NCBI,
Drug:DB00649,Stavudine,Drug,stavudine,,DrugBank|NCBI,
Drug:DB00655,Estrone,Drug,estrone,,DrugBank|MONDO|MONDO_grouped|NCBI,
Drug:DB00661,Verapamil,Drug,verapamil,,DrugBank|NCBI,
Drug:DB00675,Tamoxifen,Drug,tamoxifen,,DrugBank|MONDO|NCBI,
Drug:DB00677,Isoflurophate,Drug,isoflurophate,,DrugBank|NCBI,
Drug:DB00678,Losartan,Drug,losartan,,DrugBank|NCBI,
Drug:DB00682,Warfarin,Drug,warfarin,,DrugBank|NCBI,
Drug:DB00687,Fludrocortisone,Drug,fludrocortisone,,DrugBank|NCBI,
Drug:DB00695,Furosemide,Drug,furosemide,,DrugBank|NCBI,
Drug:DB00709,Lamivudine,Drug,lamivudine,,DrugBank|NCBI,
Drug:DB00712,Flurbiprofen,Drug,flurbiprofen,,DrugBank|NCBI,
Drug:DB00714,Apomorphine,Drug,apomorphine,,DrugBank|NCBI,
Drug:DB00717,Norethisterone,Drug,norethisterone,,DrugBank|MONDO|MONDO_grouped|NCBI,
Drug:DB00731,Nateglinide,Drug,nateglinide,,DrugBank|NCBI,
Drug:DB00734,Risperidone,Drug,risperidone,,DrugBank|MONDO_grouped|NCBI,
Drug:DB00737,Meclizine,Drug,meclizine,,DrugBank|NCBI,
Drug:DB00743,Gadobenic acid,Drug,gadobenic acid,,DrugBank|NCBI,
Drug:DB00744,Zileuton,Drug,zileuton,,DrugBank|NCBI,
Drug:DB00749,Etodolac,Drug,etodolac,,DrugBank|NCBI,
Drug:DB00753,Isoflurane,Drug,isoflurane,,DrugBank|NCBI,
Drug:DB00755,Tretinoin,Drug,tretinoin,,DrugBank|NCBI,
Drug:DB00759,Tetracycline,Drug,tetracycline,,DrugBank|NCBI,
Drug:DB00762,Irinotecan,Drug,irinotecan,,DrugBank|MONDO|NCBI,
Drug:DB00768,Olopatadine,Drug,olopatadine,,DrugBank|NCBI,
Drug:DB00774,Hydroflumethiazide,Drug,hydroflumethiazide,,DrugBank|NCBI,
Drug:DB00776,Oxcarbazepine,Drug,oxcarbazepine,,DrugBank|NCBI,
Drug:DB00783,Estradiol,Drug,estradiol,,DrugBank|MONDO|MONDO_grouped|NCBI,
Drug:DB00784,Mefenamic acid,Drug,mefenamic acid,,DrugBank|NCBI,
Drug:DB00787,Acyclovir,Drug,acyclovir,,DrugBank|NCBI,
Drug:DB00788,Naproxen,Drug,naproxen,,DrugBank|NCBI,
Drug:DB00802,Alfentanil,Drug,alfentanil,,DrugBank|NCBI,
Drug:DB00808,Indapamide,Drug,indapamide,,DrugBank|NCBI,
Drug:DB00813,Fentanyl,Drug,fentanyl,,DrugBank|NCBI,
Drug:DB00814,Meloxicam,Drug,meloxicam,,DrugBank|NCBI,
Drug:DB00815,Sodium lauryl sulfate,Drug,sodium lauryl sulfate,,DrugBank|NCBI,
Drug:DB00818,Propofol,Drug,propofol,,DrugBank|NCBI,
Drug:DB00829,Diazepam,Drug,diazepam,,DrugBank|NCBI,
Drug:DB00842,Oxazepam,Drug,oxazepam,,DrugBank|NCBI,
Drug:DB00845,Clofazimine,Drug,clofazimine,,DrugBank|NCBI,
Drug:DB00847,Cysteamine,Drug,cysteamine,,DrugBank|NCBI,
Drug:DB00852,Pseudoephedrine,Drug,pseudoephedrine,,DrugBank|NCBI,
Drug:DB00857,Terbinafine,Drug,terbinafine,,DrugBank|NCBI,
Drug:DB00860,Prednisolone,Drug,prednisolone,,DrugBank|NCBI,
Drug:DB00864,Tacrolimus,Drug,tacrolimus,,DrugBank|NCBI,
Drug:DB00870,Suprofen,Drug,suprofen,,DrugBank|NCBI,
Drug:DB00878,Chlorhexidine,Drug,chlorhexidine,,DrugBank|NCBI,
Drug:DB00879,Emtricitabine,Drug,emtricitabine,,DrugBank|NCBI,
Drug:DB00881,Quinapril,Drug,quinapril,,DrugBank|NCBI,
Drug:DB00900,Didanosine,Drug,didanosine,,DrugBank|NCBI,
Drug:DB00903,Etacrynic acid,Drug,etacrynic acid,,DrugBank|NCBI,
Drug:DB00908,Quinidine,Drug,quinidine,,DrugBank|NCBI,
Drug:DB00912,Repaglinide,Drug,repaglinide,,DrugBank|NCBI,
Drug:DB00924,Cyclobenzaprine,Drug,cyclobenzaprine,,DrugBank|NCBI,
Drug:DB00931,Metacycline,Drug,metacycline,,DrugBank|NCBI,
Drug:DB00936,Salicylic acid,Drug,salicylic acid,,DrugBank|NCBI,
Drug:DB00938,Salmeterol,Drug,salmeterol,,DrugBank|NCBI,
Drug:DB00943,Zalcitabine,Drug,zalcitabine,,DrugBank|NCBI,
Drug:DB00946,Phenprocoumon,Drug,phenprocoumon,,DrugBank|NCBI,
Drug:DB00950,Fexofenadine,Drug,fexofenadine,,DrugBank|NCBI,
Drug:DB00951,Isoniazid,Drug,isoniazid,,DrugBank|NCBI,
Drug:DB00957,Norgestimate,Drug,norgestimate,,DrugBank|MONDO|MONDO_grouped|NCBI,
Drug:DB00959,Methylprednisolone,Drug,methylprednisolone,,DrugBank|NCBI,
Drug:DB00977,Ethinylestradiol,Drug,ethinylestradiol,,DrugBank|MONDO|MONDO_grouped|NCBI,
Drug:DB00982,Isotretinoin,Drug,isotretinoin,,DrugBank|NCBI,
Drug:DB00983,Formoterol,Drug,formoterol,,DrugBank|NCBI,
Drug:DB00993,Azathioprine,Drug,azathioprine,,DrugBank|NCBI,
Drug:DB00995,Auranofin,Drug,auranofin,,DrugBank|NCBI,
Drug:DB00997,Doxorubicin,Drug,doxorubicin,,DrugBank|MONDO|MONDO_grouped|NCBI,
Drug:DB00999,Hydrochlorothiazide,Drug,hydrochlorothiazide,,DrugBank|NCBI,
Drug:DB01006,Letrozole,Drug,letrozole,,DrugBank|MONDO|NCBI,
Drug:DB01009,Ketoprofen,Drug,ketoprofen,,DrugBank|NCBI,
Drug:DB01013,Clobetasol propionate,Drug,clobetasol propionate,,DrugBank|NCBI,
Drug:DB01015,Sulfamethoxazole,Drug,sulfamethoxazole,,DrugBank|NCBI,
Drug:DB01016,Glyburide,Drug,glyburide,,DrugBank|NCBI,
Drug:DB01026,Ketoconazole,Drug,ketoconazole,,DrugBank|NCBI,
Drug:DB01029,Irbesartan,Drug,irbesartan,,DrugBank|NCBI,
Drug:DB01032,Probenecid,Drug,probenecid,,DrugBank|NCBI,
Drug:DB01039,Fenofibrate,Drug,fenofibrate,,DrugBank|NCBI,
Drug:DB01044,Gatifloxacin,Drug,gatifloxacin,,DrugBank|NCBI,
Drug:DB01045,Rifampicin,Drug,rifampicin,,DrugBank|NCBI,
Drug:DB01050,Ibuprofen,Drug,ibuprofen,,DrugBank|NCBI,
Drug:DB01053,Benzylpenicillin,Drug,benzylpenicillin,,DrugBank|NCBI,
Drug:DB01056,Tocainide,Drug,tocainide,,DrugBank|NCBI,
Drug:DB01057,Echothiophate,Drug,echothiophate,,DrugBank|NCBI,
Drug:DB01060,Amoxicillin,Drug,amoxicillin,,DrugBank|NCBI,
Drug:DB01062,Oxybutynin,Drug,oxybutynin,,DrugBank|NCBI,
Drug:DB01067,Glipizide,Drug,glipizide,,DrugBank|NCBI,
Drug:DB01068,Clonazepam,Drug,clonazepam,,DrugBank|NCBI,
Drug:DB01069,Promethazine,Drug,promethazine,,DrugBank|NCBI,
Drug:DB01072,Atazanavir,Drug,atazanavir,,DrugBank|NCBI,
Drug:DB01076,Atorvastatin,Drug,atorvastatin,,DrugBank|NCBI,
Drug:DB01098,Rosuvastatin,Drug,rosuvastatin,,DrugBank|NCBI,
Drug:DB01104,Sertraline,Drug,sertraline,,DrugBank|NCBI,
Drug:DB01110,Miconazole,Drug,miconazole,,DrugBank|NCBI,
Drug:DB01115,Nifedipine,Drug,nifedipine,,DrugBank|NCBI,
Drug:DB01118,Amiodarone,Drug,amiodarone,,DrugBank|NCBI,
Drug:DB01120,Gliclazide,Drug,gliclazide,,DrugBank|NCBI,
Drug:DB01124,Tolbutamide,Drug,tolbutamide,,DrugBank|NCBI,
Drug:DB01126,Dutasteride,Drug,dutasteride,,DrugBank|NCBI,
Drug:DB01132,Pioglitazone,Drug,pioglitazone,,DrugBank|NCBI,
Drug:DB01133,Tiludronic acid,Drug,tiludronic acid,,DrugBank|NCBI,
Drug:DB01136,Carvedilol,Drug,carvedilol,,DrugBank|NCBI,
Drug:DB01137,Levofloxacin,Drug,levofloxacin,,DrugBank|NCBI,
Drug:DB01142,Doxepin,Drug,doxepin,,DrugBank|NCBI,
Drug:DB01147,Cloxacillin,Drug,cloxacillin,,DrugBank|NCBI,
Drug:DB01159,Halothane,Drug,halothane,,DrugBank|NCBI,
Drug:DB01169,Arsenic trioxide,Drug,arsenic trioxide,,DrugBank|NCBI,
Drug:DB01183,Naloxone,Drug,naloxone,,DrugBank|NCBI,
Drug:DB01189,Desflurane,Drug,desflurane,,DrugBank|NCBI,
Drug:DB01195,Flecainide,Drug,flecainide,,DrugBank|NCBI,
Drug:DB01197,Captopril,Drug,captopril,,DrugBank|NCBI,
Drug:DB01212,Ceftriaxone,Drug,ceftriaxone,,DrugBank|NCBI,
Drug:DB01222,Budesonide,Drug,budesonide,,DrugBank|NCBI,
Drug:DB01232,Saquinavir,Drug,saquinavir,,DrugBank|NCBI,
Drug:DB01234,Dexamethasone,Drug,dexamethasone,,DrugBank|NCBI,
Drug:DB01235,Levodopa,Drug,levodopa,,DrugBank|NCBI,
Drug:DB01236,Sevoflurane,Drug,sevoflurane,,DrugBank|NCBI,
Drug:DB01238,Aripiprazole,Drug,aripiprazole,,DrugBank|MONDO_grouped|NCBI,
Drug:DB01241,Gemfibrozil,Drug,gemfibrozil,,DrugBank|NCBI,
Drug:DB01242,Clomipramine,Drug,clomipramine,,DrugBank|NCBI,
Drug:DB01264,Darunavir,Drug,darunavir,,DrugBank|NCBI,
Drug:DB01275,Hydralazine,Drug,hydralazine,,DrugBank|NCBI,
Drug:DB01276,Exenatide,Drug,exenatide,,DrugBank|NCBI,
Drug:DB01307,Insulin detemir,Drug,insulin detemir,,DrugBank|NCBI,
Drug:DB01320,Fosphenytoin,Drug,fosphenytoin,,DrugBank|NCBI,
Drug:DB01324,Polythiazide,Drug,polythiazide,,DrugBank|NCBI,
Drug:DB01327,Cefazolin,Drug,cefazolin,,DrugBank|NCBI,
Drug:DB01328,Cefonicid,Drug,cefonicid,,DrugBank|NCBI,
Drug:DB01329,Cefoperazone,Drug,cefoperazone,,DrugBank|NCBI,
Drug:DB01330,Cefotetan,Drug,cefotetan,,DrugBank|NCBI,
Drug:DB01364,Ephedrine,Drug,ephedrine,,DrugBank|NCBI,
Drug:DB01370,Aluminium,Drug,aluminium,,DrugBank|NCBI,
Drug:DB01394,Colchicine,Drug,colchicine,,DrugBank|NCBI,
Drug:DB01396,Digitoxin,Drug,digitoxin,,DrugBank|NCBI,
Drug:DB01397,Magnesium salicylate,Drug,magnesium salicylate,,DrugBank|NCBI,
Drug:DB01418,Acenocoumarol,Drug,acenocoumarol,,DrugBank|NCBI,
Drug:DB01420,Testosterone propionate,Drug,testosterone propionate,,DrugBank|MONDO|NCBI,
Drug:DB01581,Sulfamerazine,Drug,sulfamerazine,,DrugBank|NCBI,
Drug:DB01582,Sulfamethazine,Drug,sulfamethazine,,DrugBank|NCBI,
Drug:DB01587,Ketazolam,Drug,ketazolam,,DrugBank|NCBI,
Drug:DB01601,Lopinavir,Drug,lopinavir,,DrugBank|NCBI,
Drug:DB01611,Hydroxychloroquine,Drug,hydroxychloroquine,,DrugBank|NCBI,
Drug:DB01614,Acepromazine,Drug,acepromazine,,DrugBank|NCBI,
Drug:DB01621,Pipotiazine,Drug,pipotiazine,,DrugBank|NCBI,
Drug:DB01622,Thioproperazine,Drug,thioproperazine,,DrugBank|NCBI,
Drug:DB01623,Thiothixene,Drug,thiothixene,,DrugBank|MONDO_grouped|NCBI,
Drug:DB01685,Topiroxostat,Drug,topiroxostat,,DrugBank|NCBI,
Drug:DB01914,D-glucose,Drug,d-glucose,,DrugBank|NCBI,
Drug:DB03017,Lauric acid,Drug,lauric acid,,DrugBank|NCBI,
Drug:DB03193,Stearic acid,Drug,stearic acid,,DrugBank|NCBI,
Drug:DB03585,Oxyphenbutazone,Drug,oxyphenbutazone,,DrugBank|NCBI,
Drug:DB03600,Capric acid,Drug,capric acid,,DrugBank|NCBI,
Drug:DB03796,Palmitic Acid,Drug,palmitic acid,,DrugBank|NCBI,
Drug:DB04216,Quercetin,Drug,quercetin,,DrugBank|NCBI,
Drug:DB04224,Oleic Acid,Drug,oleic acid,,DrugBank|NCBI,
Drug:DB04539,Glyphosate,Drug,glyphosate,,DrugBank|NCBI,
Drug:DB04557,Arachidonic Acid,Drug,arachidonic acid,,DrugBank|NCBI,
Drug:DB04574,Estrone sulfate,Drug,estrone sulfate,,DrugBank|NCBI,
Drug:DB04690,Camptothecin,Drug,camptothecin,,DrugBank|NCBI,
Drug:DB04711,Iodipamide,Drug,iodipamide,,DrugBank|NCBI,
Drug:DB04816,Dantron,Drug,dantron,,DrugBank|NCBI,
Drug:DB04828,Zomepirac,Drug,zomepirac,,DrugBank|NCBI,
Drug:DB04855,Dronedarone,Drug,dronedarone,,DrugBank|NCBI,
Drug:DB04861,Nebivolol,Drug,nebivolol,,DrugBank|NCBI,
Drug:DB04911,Oritavancin,Drug,oritavancin,,DrugBank|NCBI,
Drug:DB04951,Pirfenidone,Drug,pirfenidone,,DrugBank|NCBI,
Drug:DB05134,Tanespimycin,Drug,tanespimycin,,DrugBank|NCBI,
Drug:DB05294,Vandetanib,Drug,vandetanib,,DrugBank|NCBI,
Drug:DB05382,Iodine,Drug,iodine,,DrugBank|NCBI,
Drug:DB05521,Telaprevir,Drug,telaprevir,,DrugBank|NCBI,
Drug:DB05812,Abiraterone,Drug,abiraterone,,DrugBank|NCBI,
Drug:DB06119,Cenobamate,Drug,cenobamate,,DrugBank|NCBI,
Drug:DB06201,Rufinamide,Drug,rufinamide,,DrugBank|NCBI,
Drug:DB06209,Prasugrel,Drug,prasugrel,,DrugBank|NCBI,
Drug:DB06216,Asenapine,Drug,asenapine,,DrugBank|MONDO_grouped|NCBI,
Drug:DB06282,Levocetirizine,Drug,levocetirizine,,DrugBank|NCBI,
Drug:DB06290,Simeprevir,Drug,simeprevir,,DrugBank|NCBI,
Drug:DB06412,Oxymetholone,Drug,oxymetholone,,DrugBank|MONDO|NCBI,
Drug:DB06480,Prucalopride,Drug,prucalopride,,DrugBank|NCBI,
Drug:DB06655,Liraglutide,Drug,liraglutide,,DrugBank|NCBI,
Drug:DB06705,Gadofosveset trisodium,Drug,gadofosveset trisodium,,DrugBank|NCBI,
Drug:DB06710,Methyltestosterone,Drug,methyltestosterone,,DrugBank|MONDO|MONDO_grouped|NCBI,
Drug:DB06716,Fospropofol,Drug,fospropofol,,DrugBank|NCBI,
Drug:DB06796,Mangafodipir,Drug,mangafodipir,,DrugBank|NCBI,
Drug:DB07402,Azapropazone,Drug,azapropazone,,DrugBank|NCBI,
Drug:DB07517,3-CARBOXY-4-METHYL-5-PROPYL-2-FURANPROPIONIC,Drug,3-carboxy-4-methyl-5-propyl-2-furanpropionic,,DrugBank|NCBI,
Drug:DB07565,Chloramphenicol succinate,Drug,chloramphenicol succinate,,DrugBank|NCBI,
Drug:DB07992,Indoxyl sulfate,Drug,indoxyl sulfate,,DrugBank|NCBI,
Drug:DB08231,Myristic acid,Drug,myristic acid,,DrugBank|NCBI,
Drug:DB08496,(R)-warfarin,Drug,(r)-warfarin,,DrugBank|NCBI,
Drug:DB08735,"R,S-Warfarin alcohol",Drug,"r,s-warfarin alcohol",,DrugBank|NCBI,
Drug:DB08736,"S,R-Warfarin alcohol",Drug,"s,r-warfarin alcohol",,DrugBank|NCBI,
Drug:DB08814,Triflusal,Drug,triflusal,,DrugBank|NCBI,
Drug:DB08816,Ticagrelor,Drug,ticagrelor,,DrugBank|NCBI,
Drug:DB08820,Ivacaftor,Drug,ivacaftor,,DrugBank|NCBI,
Drug:DB08828,Vismodegib,Drug,vismodegib,,DrugBank|NCBI,
Drug:DB08860,Pitavastatin,Drug,pitavastatin,,DrugBank|NCBI,
Drug:DB08864,Rilpivirine,Drug,rilpivirine,,DrugBank|NCBI,
Drug:DB08867,Ulipristal,Drug,ulipristal,,DrugBank|NCBI,
Drug:DB08881,Vemurafenib,Drug,vemurafenib,,DrugBank|NCBI,
Drug:DB08893,Mirabegron,Drug,mirabegron,,DrugBank|NCBI,
Drug:DB08895,Tofacitinib,Drug,tofacitinib,,DrugBank|NCBI,
Drug:DB08899,Enzalutamide,Drug,enzalutamide,,DrugBank|MONDO|NCBI,
Drug:DB08931,Riociguat,Drug,riociguat,,DrugBank|NCBI,
Drug:DB08932,Macitentan,Drug,macitentan,,DrugBank|NCBI,
Drug:DB09053,Ibrutinib,Drug,ibrutinib,,DrugBank|NCBI,
Drug:DB09073,Palbociclib,Drug,palbociclib,,DrugBank|NCBI,
Drug:DB09079,Nintedanib,Drug,nintedanib,,DrugBank|MONDO|NCBI,
Drug:DB09087,Potassium alum,Drug,potassium alum,,DrugBank|NCBI,
Drug:DB09093,Chlortetracycline,Drug,chlortetracycline,,DrugBank|NCBI,
Drug:DB09124,Medrogestone,Drug,medrogestone,,DrugBank|NCBI,
Drug:DB09139,Technetium Tc-99m oxidronate,Drug,technetium tc-99m oxidronate,,DrugBank|NCBI,
Drug:DB09195,Lorpiprazole,Drug,lorpiprazole,,DrugBank|NCBI,
Drug:DB09204,Arotinolol,Drug,arotinolol,,DrugBank|NCBI,
Drug:DB09213,Dexibuprofen,Drug,dexibuprofen,,DrugBank|NCBI,
Drug:DB09223,Blonanserin,Drug,blonanserin,,DrugBank|MONDO_grouped|NCBI,
Drug:DB09229,Aranidipine,Drug,aranidipine,,DrugBank|NCBI,
Drug:DB09236,Lacidipine,Drug,lacidipine,,DrugBank|NCBI,
Drug:DB09237,Levamlodipine,Drug,levamlodipine,,DrugBank|NCBI,
Drug:DB09241,Methylene blue,Drug,methylene blue,,DrugBank|NCBI,
Drug:DB09262,Imidafenacin,Drug,imidafenacin,,DrugBank|NCBI,
Drug:DB09274,Artesunate,Drug,artesunate,,DrugBank|NCBI,
Drug:DB09280,Lumacaftor,Drug,lumacaftor,,DrugBank|NCBI,
Drug:DB09299,Tenofovir alafenamide,Drug,tenofovir alafenamide,,DrugBank|NCBI,
Drug:DB09333,Iopodic acid,Drug,iopodic acid,,DrugBank|NCBI,
Drug:DB09347,Acetrizoic acid,Drug,acetrizoic acid,,DrugBank|NCBI,
Drug:DB09348,Propiolactone,Drug,propiolactone,,DrugBank|NCBI,
Drug:DB09383,Meprednisone,Drug,meprednisone,,DrugBank|NCBI,
Drug:DB09418,Potassium perchlorate,Drug,potassium perchlorate,,DrugBank|NCBI,
Drug:DB09526,Hydroquinone,Drug,hydroquinone,,DrugBank|NCBI,
Drug:DB09564,Insulin degludec,Drug,insulin degludec,,DrugBank|NCBI,
Drug:DB11093,Calcium citrate,Drug,calcium citrate,,DrugBank|NCBI,
Drug:DB11130,Opium,Drug,opium,,DrugBank|NCBI,
Drug:DB11134,Cupric oxide,Drug,cupric oxide,,DrugBank|NCBI,
Drug:DB11148,Butamben,Drug,butamben,,DrugBank|NCBI,
Drug:DB11217,Arbutin,Drug,arbutin,,DrugBank|NCBI,
Drug:DB11348,Calcium Phosphate,Drug,calcium phosphate,,DrugBank|NCBI,
Drug:DB11397,Dichlorvos,Drug,dichlorvos,,DrugBank|NCBI,
Drug:DB11575,Grazoprevir,Drug,grazoprevir,,DrugBank|NCBI,
Drug:DB11590,Thimerosal,Drug,thimerosal,,DrugBank|NCBI,
Drug:DB11637,Delamanid,Drug,delamanid,,DrugBank|NCBI,
Drug:DB11641,Vinflunine,Drug,vinflunine,,DrugBank|NCBI,
Drug:DB11642,Pitolisant,Drug,pitolisant,,DrugBank|NCBI,
Drug:DB11677,Triheptanoin,Drug,triheptanoin,,DrugBank|NCBI,
Drug:DB11689,Selumetinib,Drug,selumetinib,,DrugBank|NCBI,
Drug:DB11703,Acalabrutinib,Drug,acalabrutinib,,DrugBank|NCBI,
Drug:DB11753,Rifamycin,Drug,rifamycin,,DrugBank|NCBI,
Drug:DB11757,Istradefylline,Drug,istradefylline,,DrugBank|NCBI,
Drug:DB11796,Fostemsavir,Drug,fostemsavir,,DrugBank|NCBI,
Drug:DB11820,Nifurtimox,Drug,nifurtimox,,DrugBank|NCBI,
Drug:DB11827,Ertugliflozin,Drug,ertugliflozin,,DrugBank|NCBI,
Drug:DB11828,Neratinib,Drug,neratinib,,DrugBank|NCBI,
Drug:DB11853,Relugolix,Drug,relugolix,,DrugBank|NCBI,
Drug:DB11855,Revefenacin,Drug,revefenacin,,DrugBank|NCBI,
Drug:DB11943,Delafloxacin,Drug,delafloxacin,,DrugBank|NCBI,
Drug:DB11963,Dacomitinib,Drug,dacomitinib,,DrugBank|NCBI,
Drug:DB11978,Glasdegib,Drug,glasdegib,,DrugBank|NCBI,
Drug:DB12001,Abemaciclib,Drug,abemaciclib,,DrugBank|NCBI,
Drug:DB12141,Gilteritinib,Drug,gilteritinib,,DrugBank|NCBI,
Drug:DB12404,Remimazolam,Drug,remimazolam,,DrugBank|NCBI,
Drug:DB12455,Omadacycline,Drug,omadacycline,,DrugBank|NCBI,
Drug:DB12466,Favipiravir,Drug,favipiravir,,DrugBank|NCBI,
Drug:DB12483,Copanlisib,Drug,copanlisib,,DrugBank|NCBI,
Drug:DB12674,Lurbinectedin,Drug,lurbinectedin,,DrugBank|NCBI,
Drug:DB12836,Grapiprant,Drug,grapiprant,,DrugBank|NCBI,
Drug:DB12941,Darolutamide,Drug,darolutamide,,DrugBank|NCBI,
Drug:DB12978,Pexidartinib,Drug,pexidartinib,,DrugBank|NCBI,
Drug:DB13014,Hypericin,Drug,hypericin,,DrugBank|NCBI,
Drug:DB13421,Edoxudine,Drug,edoxudine,,DrugBank|NCBI,
Drug:DB13751,Glycyrrhizic acid,Drug,glycyrrhizic acid,,DrugBank|NCBI,
Drug:DB13909,Bismuth subgallate,Drug,bismuth subgallate,,DrugBank|NCBI,
Drug:DB13928,Semaglutide,Drug,semaglutide,,DrugBank|NCBI,
Drug:DB13943,Testosterone cypionate,Drug,testosterone cypionate,,DrugBank|MONDO|NCBI,
Drug:DB13944,Testosterone enanthate,Drug,testosterone enanthate,,DrugBank|MONDO|NCBI,
Drug:DB13946,Testosterone undecanoate,Drug,testosterone undecanoate,,DrugBank|NCBI,
Drug:DB13952,Estradiol acetate,Drug,estradiol acetate,,DrugBank|NCBI,
Drug:DB13953,Estradiol benzoate,Drug,estradiol benzoate,,DrugBank|NCBI,
Drug:DB13954,Estradiol cypionate,Drug,estradiol cypionate,,DrugBank|MONDO|NCBI,
Drug:DB13955,Estradiol dienanthate,Drug,estradiol dienanthate,,DrugBank|NCBI,
Drug:DB13956,Estradiol valerate,Drug,estradiol valerate,,DrugBank|MONDO|NCBI,
Drug:DB14126,Tenofovir,Drug,tenofovir,,DrugBank|NCBI,
Drug:DB14185,Aripiprazole lauroxil,Drug,aripiprazole lauroxil,,DrugBank|MONDO_grouped|NCBI,
Drug:DB14481,Calcium phosphate dihydrate,Drug,calcium phosphate dihydrate,,DrugBank|NCBI,
Drug:DB14513,Magnesium,Drug,magnesium,,DrugBank|NCBI,
Drug:DB14517,Aluminium phosphate,Drug,aluminium phosphate,,DrugBank|NCBI,
Drug:DB14518,Aluminum acetate,Drug,aluminum acetate,,DrugBank|NCBI,
Drug:DB14533,Zinc chloride,Drug,zinc chloride,,DrugBank|NCBI,
Drug:DB14548,"Zinc sulfate, unspecified form",Drug,"zinc sulfate, unspecified form",,DrugBank|NCBI,
Drug:DB14582,Patisiran,Drug,patisiran,,DrugBank|NCBI,
Drug:DB14631,Prednisolone phosphate,Drug,prednisolone phosphate,,DrugBank|NCBI,
Drug:DB14649,Dexamethasone acetate,Drug,dexamethasone acetate,,DrugBank|NCBI,
Drug:DB14669,Betamethasone phosphate,Drug,betamethasone phosphate,,DrugBank|NCBI,
Drug:DB14840,Ripretinib,Drug,ripretinib,,DrugBank|NCBI,
Drug:DB14879,Cefiderocol,Drug,cefiderocol,,DrugBank|NCBI,
Drug:DB14999,Human interferon beta,Drug,human interferon beta,,DrugBank|NCBI,
Drug:DB15093,Somapacitan,Drug,somapacitan,,DrugBank|NCBI,
Drug:DB15305,Risdiplam,Drug,risdiplam,,DrugBank|NCBI,
Drug:DB15444,Elexacaftor,Drug,elexacaftor,,DrugBank|NCBI,
Drug:DB15534,Colchiceine,Drug,colchiceine,,DrugBank|NCBI,
Drug:DB15566,Prednisolone acetate,Drug,prednisolone acetate,,DrugBank|NCBI,
Drug:DB15690,Fluoroestradiol F-18,Drug,fluoroestradiol f-18,,DrugBank|NCBI,
Gene:8644,AKR1C3,Gene,AKR1C3,,DrugBank|MONDO|NCBI|REACTOME,
Gene:1646,AKR1C2,Gene,AKR1C2,,DrugBank|MONDO|MONDO_grouped|NCBI|REACTOME,
Gene:6462,SHBG,Gene,SHBG,,DrugBank|MONDO|NCBI,
Drug:DB00648,Mitotane,Drug,mitotane,,DrugBank|NCBI,
Drug:DB00741,Hydrocortisone,Drug,hydrocortisone,,DrugBank|NCBI,
Drug:DB00858,Drostanolone,Drug,drostanolone,,DrugBank|NCBI,
Drug:DB01185,Fluoxymesterone,Drug,fluoxymesterone,,DrugBank|MONDO|NCBI,
Drug:DB01406,Danazol,Drug,danazol,,DrugBank|NCBI,
Drug:DB02342,2-Methoxyestradiol,Drug,2-methoxyestradiol,,DrugBank|NCBI,
Drug:DB02901,Stanolone,Drug,stanolone,,DrugBank|MONDO|MONDO_grouped|NCBI,
Drug:DB03882,"5-Alpha-Androstane-3-Beta,17beta-Diol",Drug,"5-alpha-androstane-3-beta,17beta-diol",,DrugBank|NCBI,
Drug:DB03926,"5alpha-androstane-3beta,17alpha-diol",Drug,"5alpha-androstane-3beta,17alpha-diol",,DrugBank|NCBI,
Drug:DB13951,Stanolone acetate,Drug,stanolone acetate,,DrugBank|NCBI,
Drug:DB14538,Hydrocortisone aceponate,Drug,hydrocortisone aceponate,,DrugBank|NCBI,
Drug:DB14539,Hydrocortisone acetate,Drug,hydrocortisone acetate,,DrugBank|NCBI,
Drug:DB14540,Hydrocortisone butyrate,Drug,hydrocortisone butyrate,,DrugBank|NCBI,
Drug:DB14541,Hydrocortisone cypionate,Drug,hydrocortisone cypionate,,DrugBank|NCBI,
Drug:DB14542,Hydrocortisone phosphate,Drug,hydrocortisone phosphate,,DrugBank|NCBI,
Drug:DB14543,Hydrocortisone probutate,Drug,hydrocortisone probutate,,DrugBank|NCBI,
Drug:DB14544,Hydrocortisone valerate,Drug,hydrocortisone valerate,,DrugBank|NCBI,
Gene:2,A2M,Gene,A2M,,DrugBank|MONDO|MONDO_grouped|NCBI|REACTOME,
Drug:DB14007,Pentetic acid,Drug,pentetic acid,,DrugBank|NCBI,
Gene:5265,SERPINA1,Gene,SERPINA1,,DrugBank|MONDO|MONDO_grouped|NCBI|REACTOME,
Drug:DB01277,Mecasermin,Drug,mecasermin,,DrugBank|NCBI,
Gene:3486,IGFBP3,Gene,IGFBP3,,DrugBank|MONDO|NCBI|REACTOME,
Gene:4057,LTF,Gene,LTF,,DrugBank|MONDO|MONDO_grouped|NCBI|REACTOME,
Drug:DB00588,Fluticasone propionate,Drug,fluticasone propionate,,DrugBank|NCBI,
Gene:10599,SLCO1B1,Gene,SLCO1B1,,DrugBank|MONDO|NCBI|REACTOME,
Drug:DB08906,Fluticasone furoate,Drug,fluticasone furoate,,DrugBank|NCBI,
Drug:DB13867,Fluticasone,Drug,fluticasone,,DrugBank|NCBI,
Gene:5243,ABCB1,Gene,ABCB1,,DrugBank|MONDO|MONDO_grouped|NCBI|REACTOME,
Drug:DB09160,Technetium Tc-99m tetrofosmin,Drug,technetium tc-99m tetrofosmin,,DrugBank|NCBI,
Drug:DB09329,"Antihemophilic Factor (Recombinant), PEGylated",Drug,"antihemophilic factor (recombinant), pegylated",,DrugBank|NCBI,
Gene:7450,VWF,Gene,VWF,,DrugBank|MONDO|NCBI|REACTOME,
Drug:DB14738,Turoctocog alfa pegol,Drug,turoctocog alfa pegol,,DrugBank|NCBI,
Drug:DB00292,Etomidate,Drug,etomidate,,DrugBank|NCBI,
Gene:6513,SLC2A1,Gene,SLC2A1,,DrugBank|MONDO|MONDO_grouped|NCBI|REACTOME,
Gene:1356,CP,Gene,CP,,DrugBank|MONDO|MONDO_grouped|NCBI|REACTOME,
Drug:DB00136,Calcitriol,Drug,calcitriol,,DrugBank|NCBI,
Gene:2638,GC,Gene,GC,,DrugBank|MONDO|MONDO_grouped|NCBI|REACTOME,
Drug:DB00153,Ergocalciferol,Drug,ergocalciferol,,DrugBank|MONDO|NCBI,
Drug:DB00169,Cholecalciferol,Drug,cholecalciferol,,DrugBank|MONDO|NCBI,
Drug:DB01436,Alfacalcidol,Drug,alfacalcidol,,DrugBank|NCBI,
Gene:3690,ITGB3,Gene,ITGB3,,DrugBank|MONDO|MONDO_grouped|NCBI|REACTOME,
Drug:DB02153,3-sulfino-L-alanine,Drug,3-sulfino-l-alanine,,DrugBank|NCBI,
Gene:2167,FABP4,Gene,FABP4,,DrugBank|MONDO|NCBI|REACTOME,
Drug:DB02776,1-Hexadecanosulfonic Acid,Drug,1-hexadecanosulfonic acid,,DrugBank|NCBI,
Drug:DB03009,2-{[2-Oxo-2-(1-piperidinyl)ethyl]sulfanyl}-6-(trifluoromethyl)-4(1H)-pyrimidinone,Drug,2-{[2-oxo-2-(1-piperidinyl)ethyl]sulfanyl}-6-(trifluoromethyl)-4(1h)-pyrimidinone,,DrugBank|NCBI,
Drug:DB03766,Propanoic acid,Drug,propanoic acid,,DrugBank|NCBI,
Drug:DB03851,Carbazole Butanoic Acid,Drug,carbazole butanoic acid,,DrugBank|NCBI,
Drug:DB04437,"Cysteine-Methylene-Carbamoyl-1,10-Phenanthroline",Drug,"cysteine-methylene-carbamoyl-1,10-phenanthroline",,DrugBank|NCBI,
Drug:DB07283,"9-benzyl-2,3,4,9-tetrahydro-1H-carbazole-8-carboxylic acid",Drug,"9-benzyl-2,3,4,9-tetrahydro-1h-carbazole-8-carboxylic acid",,DrugBank|NCBI,
Drug:DB07945,"5-(3-carbamoylbenzyl)-5,6,7,8,9,10-hexahydrocyclohepta[b]indole-4-carboxylic acid",Drug,"5-(3-carbamoylbenzyl)-5,6,7,8,9,10-hexahydrocyclohepta[b]indole-4-carboxylic acid",,DrugBank|NCBI,
Drug:DB08607,"(5R)-5-(4-{[(2R)-6-HYDROXY-2,5,7,8-TETRAMETHYL-3,4-DIHYDRO-2H-CHROMEN-2-YL]METHOXY}BENZYL)-1,3-THIAZOLIDINE-2,4-DIONE",Drug,"(5r)-5-(4-{[(2r)-6-hydroxy-2,5,7,8-tetramethyl-3,4-dihydro-2h-chromen-2-yl]methoxy}benzyl)-1,3-thiazolidine-2,4-dione",,DrugBank|NCBI,
Drug:DB00132,alpha-Linolenic acid,Drug,alpha-linolenic acid,,DrugBank|NCBI,
Gene:2173,FABP7,Gene,FABP7,,DrugBank|MONDO|MONDO_grouped|NCBI|REACTOME,
Drug:DB00154,Dihomo-gamma-linolenic acid,Drug,dihomo-gamma-linolenic acid,,DrugBank|NCBI,
Gene:2171,FABP5,Gene,FABP5,,DrugBank|MONDO|MONDO_grouped|NCBI|REACTOME,
Gene:811,CALR,Gene,CALR,,DrugBank|MONDO|MONDO_grouped|NCBI|REACTOME,
Gene:475,ATOX1,Gene,ATOX1,,DrugBank|MONDO|NCBI|REACTOME,
Drug:DB09555,Dexchlorpheniramine maleate,Drug,dexchlorpheniramine maleate,,DrugBank|NCBI,
Gene:6580,SLC22A1,Gene,SLC22A1,,DrugBank|MONDO|MONDO_grouped|NCBI|REACTOME,
Gene:567,B2M,Gene,B2M,,DrugBank|MONDO|NCBI|REACTOME,
Gene:7436,VLDLR,Gene,VLDLR,,DrugBank|MONDO_grouped|NCBI|REACTOME,
Drug:DB09270,Ubidecarenone,Drug,ubidecarenone,,DrugBank|NCBI,
Drug:DB11251,Tocopherol,Drug,tocopherol,,DrugBank|NCBI,
Drug:DB14003,alpha-Tocopherol acetate,Drug,alpha-tocopherol acetate,,DrugBank|NCBI,
Drug:DB00507,Nitazoxanide,Drug,nitazoxanide,,DrugBank|NCBI,
Gene:6573,SLC19A1,Gene,SLC19A1,,DrugBank|MONDO|NCBI|REACTOME,
Gene:10063,COX17,Gene,COX17,,DrugBank|MONDO|NCBI|REACTOME,
Gene:4489,MT1A,Gene,MT1A,,DrugBank|MONDO|MONDO_grouped|NCBI|REACTOME,
Gene:4493,MT1E,Gene,MT1E,,DrugBank|MONDO|MONDO_grouped|NCBI|REACTOME,
Gene:4494,MT1F,Gene,MT1F,,DrugBank|MONDO|MONDO_grouped|NCBI|REACTOME,
Gene:4502,MT2A,Gene,MT2A,,DrugBank|MONDO|MONDO_grouped|NCBI|REACTOME,
Gene:4504,MT3,Gene,MT3,,DrugBank|MONDO|NCBI|REACTOME,
Gene:793,CALB1,Gene,CALB1,,DrugBank|MONDO_grouped|NCBI|REACTOME,
Gene:3483,IGFALS,Gene,IGFALS,,DrugBank|MONDO|MONDO_grouped|NCBI|REACTOME,
Gene:3484,IGFBP1,Gene,IGFBP1,,DrugBank|MONDO|NCBI|REACTOME,
Gene:3488,IGFBP5,Gene,IGFBP5,,DrugBank|MONDO|NCBI|REACTOME,
Gene:3489,IGFBP6,Gene,IGFBP6,,DrugBank|MONDO|NCBI|REACTOME,
Gene:4843,NOS2,Gene,NOS2,,DrugBank|MONDO|NCBI|REACTOME,
Drug:DB13749,Magnesium gluconate,Drug,magnesium gluconate,,DrugBank|NCBI,
Gene:25,ABL1,Gene,ABL1,,DrugBank|MONDO|MONDO_grouped|NCBI|REACTOME,
Drug:DB00035,Desmopressin,Drug,desmopressin,,DrugBank|NCBI,
Gene:5742,PTGS1,Gene,PTGS1,,DrugBank|MONDO|MONDO_grouped|NCBI|REACTOME,
Drug:DB00216,Eletriptan,Drug,eletriptan,,DrugBank|NCBI,
Drug:DB00250,Dapsone,Drug,dapsone,,DrugBank|NCBI,
Drug:DB00470,Dronabinol,Drug,dronabinol,,DrugBank|MONDO_grouped|NCBI,
Drug:DB00471,Montelukast,Drug,montelukast,,DrugBank|NCBI,
Drug:DB00533,Rofecoxib,Drug,rofecoxib,,DrugBank|NCBI,
Drug:DB00549,Zafirlukast,Drug,zafirlukast,,DrugBank|NCBI,
Drug:DB00582,Voriconazole,Drug,voriconazole,,DrugBank|NCBI,
Drug:DB00672,Chlorpropamide,Drug,chlorpropamide,,DrugBank|NCBI,
Drug:DB00773,Etoposide,Drug,etoposide,,DrugBank|MONDO|NCBI,
Drug:DB00796,Candesartan cilexetil,Drug,candesartan cilexetil,,DrugBank|NCBI,
Drug:DB01041,Thalidomide,Drug,thalidomide,,DrugBank|NCBI,
Drug:DB01075,Diphenhydramine,Drug,diphenhydramine,,DrugBank|NCBI,
Drug:DB01181,Ifosfamide,Drug,ifosfamide,,DrugBank|MONDO|NCBI,
Drug:DB01198,Zopiclone,Drug,zopiclone,,DrugBank|NCBI,
Drug:DB01221,Ketamine,Drug,ketamine,,DrugBank|NCBI,
Drug:DB01355,Hexobarbital,Drug,hexobarbital,,DrugBank|NCBI,
Drug:DB05109,Trabectedin,Drug,trabectedin,,DrugBank|MONDO|NCBI,
Drug:DB06737,Zaltoprofen,Drug,zaltoprofen,,DrugBank|NCBI,
Drug:DB06738,Ketobemidone,Drug,ketobemidone,,DrugBank|NCBI,
Drug:DB06739,Seratrodast,Drug,seratrodast,,DrugBank|NCBI,
Drug:DB09214,Dexketoprofen,Drug,dexketoprofen,,DrugBank|NCBI,
Drug:DB09295,Talniflumate,Drug,talniflumate,,DrugBank|NCBI,
Drug:DB13919,Candesartan,Drug,candesartan,,DrugBank|NCBI,
Drug:DB13151,Anti-inhibitor coagulant complex,Drug,anti-inhibitor coagulant complex,,DrugBank|NCBI,
Drug:DB00025,"Antihemophilic factor, human recombinant",Drug,"antihemophilic factor, human recombinant",,DrugBank|NCBI,
Gene:2147,F2,Gene,F2,,DrugBank|MONDO|MONDO_grouped|NCBI|REACTOME,
Drug:DB12364,Betrixaban,Drug,betrixaban,,DrugBank|NCBI,
Drug:DB13998,Lonoctocog alfa,Drug,lonoctocog alfa,,DrugBank|NCBI,
Drug:DB13999,Moroctocog alfa,Drug,moroctocog alfa,,DrugBank|NCBI,
Drug:DB01708,Prasterone,Drug,prasterone,,DrugBank|NCBI,
Gene:3283,HSD3B1,Gene,HSD3B1,,DrugBank|MONDO|NCBI|REACTOME,
Drug:DB09070,Tibolone,Drug,tibolone,,DrugBank|NCBI,
Gene:3284,HSD3B2,Gene,HSD3B2,,DrugBank|MONDO|MONDO_grouped|NCBI|REACTOME,
Drug:DB01285,Corticotropin,Drug,corticotropin,,DrugBank|NCBI,
Gene:4842,NOS1,Gene,NOS1,,DrugBank|MONDO_grouped|NCBI|REACTOME,
Drug:DB00150,Tryptophan,Drug,tryptophan,,DrugBank|MONDO_grouped|NCBI,
Gene:121278,TPH2,Gene,TPH2,,DrugBank|MONDO_grouped|NCBI|REACTOME,
Gene:1152,CKB,Gene,CKB,,DrugBank|MONDO_grouped|NCBI|REACTOME,
Drug:DB00127,Spermine,Drug,spermine,,DrugBank|NCBI,
Gene:6303,SAT1,Gene,SAT1,,DrugBank|MONDO_grouped|NCBI|REACTOME,
Drug:DB00131,Adenosine phosphate,Drug,adenosine phosphate,,DrugBank|NCBI,
Gene:353,APRT,Gene,APRT,,DrugBank|MONDO|NCBI|REACTOME,
Gene:7166,TPH1,Gene,TPH1,,DrugBank|MONDO_grouped|NCBI|REACTOME,
Gene:1645,AKR1C1,Gene,AKR1C1,,DrugBank|MONDO|NCBI|REACTOME,
Drug:DB06077,Lumateperone,Drug,lumateperone,,DrugBank|MONDO_grouped|NCBI,
Drug:DB12612,Ozanimod,Drug,ozanimod,,DrugBank|NCBI,
Drug:DB00435,Nitric Oxide,Drug,nitric oxide,,DrugBank|NCBI,
Gene:217,ALDH2,Gene,ALDH2,,DrugBank|MONDO|NCBI|REACTOME,
Drug:DB00727,Nitroglycerin,Drug,nitroglycerin,,DrugBank|NCBI,
Drug:DB01612,Amyl Nitrite,Drug,amyl nitrite,,DrugBank|NCBI,
Drug:DB06154,Pentaerythritol tetranitrate,Drug,pentaerythritol tetranitrate,,DrugBank|NCBI,
Drug:DB06770,Benzyl alcohol,Drug,benzyl alcohol,,DrugBank|NCBI,
Drug:DB09117,Paraldehyde,Drug,paraldehyde,,DrugBank|NCBI,
Drug:DB00550,Propylthiouracil,Drug,propylthiouracil,,DrugBank|NCBI,
Gene:1621,DBH,Gene,DBH,,DrugBank|MONDO|MONDO_grouped|NCBI|REACTOME,
Drug:DB00988,Dopamine,Drug,dopamine,,DrugBank|NCBI,
Drug:DB05394,Corticorelin,Drug,corticorelin,,DrugBank|NCBI,
Drug:DB06774,Capsaicin,Drug,capsaicin,,DrugBank|NCBI,
Drug:DB00163,Vitamin E,Drug,vitamin e,,DrugBank|NCBI,
Gene:2729,GCLC,Gene,GCLC,,DrugBank|MONDO|MONDO_grouped|NCBI|REACTOME,
Drug:DB14001,alpha-Tocopherol succinate,Drug,alpha-tocopherol succinate,,DrugBank|NCBI,
Drug:DB14002,D-alpha-Tocopherol acetate,Drug,d-alpha-tocopherol acetate,,DrugBank|NCBI,
Drug:DB00134,Methionine,Drug,methionine,,DrugBank|NCBI,
Gene:4482,MSRA,Gene,MSRA,,DrugBank|MONDO_grouped|NCBI|REACTOME,
Drug:DB00139,Succinic acid,Drug,succinic acid,,DrugBank|NCBI,
Gene:6389,SDHA,Gene,SDHA,,DrugBank|MONDO_grouped|NCBI|REACTOME,
Drug:DB02209,Pyridoxine phosphate,Drug,pyridoxine phosphate,,DrugBank|NCBI,
Gene:55163,PNPO,Gene,PNPO,,DrugBank|MONDO_grouped|NCBI|REACTOME,
Gene:4722,NDUFS3,Gene,NDUFS3,,DrugBank|MONDO|NCBI|REACTOME,
Gene:3292,HSD17B1,Gene,HSD17B1,,DrugBank|MONDO|NCBI|REACTOME,
Drug:DB00130,L-Glutamine,Drug,l-glutamine,,DrugBank|NCBI,
Gene:440,ASNS,Gene,ASNS,,DrugBank|MONDO|MONDO_grouped|NCBI|REACTOME,
Drug:DB06695,Dabigatran etexilate,Drug,dabigatran etexilate,,DrugBank|NCBI,
Gene:4835,NQO2,Gene,NQO2,,DrugBank|MONDO|MONDO_grouped|NCBI|REACTOME,
Gene:7453,WARS1,Gene,WARS1,,DrugBank|MONDO|NCBI|REACTOME,
Gene:4023,LPL,Gene,LPL,,DrugBank|MONDO|MONDO_grouped|NCBI|REACTOME,
Drug:DB00179,Masoprocol,Drug,masoprocol,,DrugBank|NCBI,
Gene:240,ALOX5,Gene,ALOX5,,DrugBank|MONDO|NCBI|REACTOME,
Drug:DB09061,Cannabidiol,Drug,cannabidiol,,DrugBank|NCBI,
Drug:DB09285,Morniflumate,Drug,morniflumate,,DrugBank|NCBI,
Drug:DB11133,Omega-3 fatty acids,Drug,omega-3 fatty acids,,DrugBank|NCBI,
Drug:DB13168,Omega-6 fatty acids,Drug,omega-6 fatty acids,,DrugBank|NCBI,
Drug:DB14009,Medical Cannabis,Drug,medical cannabis,,DrugBank|NCBI,
Drug:DB14011,Nabiximols,Drug,nabiximols,,DrugBank|NCBI,
Gene:7299,TYR,Gene,TYR,,DrugBank|MONDO_grouped|NCBI|REACTOME,
Gene:5743,PTGS2,Gene,PTGS2,,DrugBank|MONDO|MONDO_grouped|NCBI|REACTOME,
Drug:DB00041,Aldesleukin,Drug,aldesleukin,,DrugBank|NCBI,
Drug:DB00360,Sapropterin,Drug,sapropterin,,DrugBank|NCBI,
Drug:DB00720,Clodronic acid,Drug,clodronic acid,,DrugBank|NCBI,
Drug:DB00856,Chlorphenesin,Drug,chlorphenesin,,DrugBank|NCBI,
Drug:DB00884,Risedronic acid,Drug,risedronic acid,,DrugBank|NCBI,
Drug:DB00887,Bumetanide,Drug,bumetanide,,DrugBank|NCBI,
Drug:DB00963,Bromfenac,Drug,bromfenac,,DrugBank|NCBI,
Drug:DB01395,Drospirenone,Drug,drospirenone,,DrugBank|MONDO|NCBI,
Drug:DB05095,Cimicoxib,Drug,cimicoxib,,DrugBank|NCBI,
Drug:DB05804,Prasterone sulfate,Drug,prasterone sulfate,,DrugBank|NCBI,
Drug:DB05875,"Sar9, Met (O2)11-Substance P",Drug,"sar9, met (o2)11-substance p",,DrugBank|NCBI,
Drug:DB06195,Seliciclib,Drug,seliciclib,,DrugBank|NCBI,
Drug:DB06436,Semaxanib,Drug,semaxanib,,DrugBank|NCBI,
Drug:DB06804,Nonoxynol-9,Drug,nonoxynol-9,,DrugBank|NCBI,
Drug:DB08819,Tafluprost,Drug,tafluprost,,DrugBank|NCBI,
Gene:4846,NOS3,Gene,NOS3,,DrugBank|MONDO|NCBI|REACTOME,
Drug:DB00158,Folic acid,Drug,folic acid,,DrugBank|NCBI,
Gene:8836,GGH,Gene,GGH,,DrugBank|MONDO|NCBI|REACTOME,
Gene:4311,MME,Gene,MME,,DrugBank|MONDO|NCBI|REACTOME,
Gene:51734,MSRB1,Gene,MSRB1,,DrugBank|MONDO_grouped|NCBI|REACTOME,
Drug:DB00118,Ademetionine,Drug,ademetionine,,DrugBank|NCBI,
Gene:6723,SRM,Gene,SRM,,DrugBank|MONDO|NCBI|REACTOME,
Gene:760,CA2,Gene,CA2,,DrugBank|MONDO|MONDO_grouped|NCBI|REACTOME,
Gene:7298,TYMS,Gene,TYMS,,DrugBank|MONDO|MONDO_grouped|NCBI|REACTOME,
Gene:3290,HSD11B1,Gene,HSD11B1,,DrugBank|MONDO|NCBI|REACTOME,
Gene:1719,DHFR,Gene,DHFR,,DrugBank|MONDO|NCBI|REACTOME,
Drug:DB01157,Trimetrexate,Drug,trimetrexate,,DrugBank|NCBI,
Drug:DB08878,Aminopterin,Drug,aminopterin,,DrugBank|NCBI,
Drug:DB06778,Cupric sulfate,Drug,cupric sulfate,,DrugBank|NCBI,
Gene:4512,MT-CO1,Gene,MT-CO1,COX1,DrugBank|MONDO|NCBI|REACTOME,
Drug:DB00396,Progesterone,Drug,progesterone,,DrugBank|MONDO|MONDO_grouped|NCBI,
Gene:1586,CYP17A1,Gene,CYP17A1,,DrugBank|MONDO|MONDO_grouped|NCBI|REACTOME,
Drug:DB00882,Clomifene,Drug,clomifene,,DrugBank|NCBI,
Drug:DB01424,Aminophenazone,Drug,aminophenazone,,DrugBank|NCBI,
Drug:DB04630,Aldosterone,Drug,aldosterone,,DrugBank|NCBI,
Gene:270,AMPD1,Gene,AMPD1,,DrugBank|MONDO|NCBI|REACTOME,
Gene:8801,SUCLG2,Gene,SUCLG2,,DrugBank|MONDO|NCBI|REACTOME,
Drug:DB00157,NADH,Drug,nadh,,DrugBank|NCBI,
Gene:127,ADH4,Gene,ADH4,,DrugBank|MONDO|MONDO_grouped|NCBI|REACTOME,
Drug:DB00898,Ethanol,Drug,ethanol,,DrugBank|NCBI,
Drug:DB06773,Human calcitonin,Drug,human calcitonin,,DrugBank|NCBI,
Gene:4669,NAGLU,Gene,NAGLU,,DrugBank|MONDO|NCBI|REACTOME,
Gene:125,ADH1B,Gene,ADH1B,,DrugBank|MONDO|NCBI|REACTOME,
Gene:4143,MAT1A,Gene,MAT1A,,DrugBank|MONDO|MONDO_grouped|NCBI|REACTOME,
Drug:DB00082,Pegvisomant,Drug,pegvisomant,,DrugBank|NCBI,
Gene:1579,CYP4A11,Gene,CYP4A11,,DrugBank|MONDO|MONDO_grouped|NCBI|REACTOME,
Drug:DB00636,Clofibrate,Drug,clofibrate,,DrugBank|NCBI,
Drug:DB00738,Pentamidine,Drug,pentamidine,,DrugBank|NCBI,
Drug:DB04977,Plitidepsin,Drug,plitidepsin,,DrugBank|NCBI,
Drug:DB11077,Polyethylene glycol 400,Drug,polyethylene glycol 400,,DrugBank|NCBI,
Drug:DB11156,Pyrantel,Drug,pyrantel,,DrugBank|NCBI,
Drug:DB13125,Lusutrombopag,Drug,lusutrombopag,,DrugBank|NCBI,
Drug:DB14004,Tildrakizumab,Drug,tildrakizumab,,DrugBank|NCBI,
Drug:DB00358,Mefloquine,Drug,mefloquine,,DrugBank|MONDO_grouped|NCBI,
Gene:43,ACHE,Gene,ACHE,,DrugBank|MONDO|MONDO_grouped|NCBI|REACTOME,
Drug:DB00863,Ranitidine,Drug,ranitidine,,DrugBank|NCBI,
Drug:DB00940,Methantheline,Drug,methantheline,,DrugBank|NCBI,
Gene:3815,KIT,Gene,KIT,,DrugBank|MONDO|NCBI|REACTOME,
Drug:DB13257,Ferrous sulfate anhydrous,Drug,ferrous sulfate anhydrous,,DrugBank|NCBI,
Drug:DB11652,Tucatinib,Drug,tucatinib,,DrugBank|NCBI,
Gene:2064,ERBB2,Gene,ERBB2,,DrugBank|MONDO|NCBI|REACTOME,
Drug:DB00122,Choline,Drug,choline,,DrugBank|NCBI,
Gene:1103,CHAT,Gene,CHAT,,DrugBank|MONDO_grouped|NCBI|REACTOME,
Drug:DB14006,Choline salicylate,Drug,choline salicylate,,DrugBank|NCBI,
Gene:6715,SRD5A1,Gene,SRD5A1,,DrugBank|MONDO|NCBI|REACTOME,
Drug:DB09462,Glycerin,Drug,glycerin,,DrugBank|NCBI,
Gene:216,ALDH1A1,Gene,ALDH1A1,,DrugBank|MONDO_grouped|NCBI|REACTOME,
Gene:3156,HMGCR,Gene,HMGCR,,DrugBank|MONDO|MONDO_grouped|NCBI|REACTOME,
Gene:6716,SRD5A2,Gene,SRD5A2,,DrugBank|MONDO|MONDO_grouped|NCBI|REACTOME,
Gene:5321,PLA2G4A,Gene,PLA2G4A,,DrugBank|MONDO|MONDO_grouped|NCBI|REACTOME,
Drug:DB00086,Streptokinase,Drug,streptokinase,,DrugBank|NCBI,
Drug:DB00411,Carbamoylcholine,Drug,carbamoylcholine,,DrugBank|NCBI,
Drug:DB00445,Epirubicin,Drug,epirubicin,,DrugBank|MONDO|NCBI,
Drug:DB00578,Carbenicillin,Drug,carbenicillin,,DrugBank|NCBI,
Drug:DB01083,Orlistat,Drug,orlistat,,DrugBank|NCBI,
Drug:DB04786,Suramin,Drug,suramin,,DrugBank|NCBI,
Drug:DB04827,Urethane,Drug,urethane,,DrugBank|NCBI,
Drug:DB05029,Lancovutide,Drug,lancovutide,,DrugBank|NCBI,
Gene:3620,IDO1,Gene,IDO1,,DrugBank|MONDO|NCBI|REACTOME,
Drug:DB01065,Melatonin,Drug,melatonin,,DrugBank|MONDO_grouped|NCBI,
Gene:2356,FPGS,Gene,FPGS,,DrugBank|MONDO|NCBI|REACTOME,
Drug:DB06813,Pralatrexate,Drug,pralatrexate,,DrugBank|NCBI,
Gene:3615,IMPDH2,Gene,IMPDH2,,DrugBank|MONDO|NCBI|REACTOME,
Drug:DB11256,Levomefolic acid,Drug,levomefolic acid,,DrugBank|MONDO|NCBI,
Gene:4548,MTR,Gene,MTR,,DrugBank|MONDO|MONDO_grouped|NCBI|REACTOME,
Gene:3162,HMOX1,Gene,HMOX1,,DrugBank|MONDO|MONDO_grouped|NCBI|REACTOME,
Drug:DB09221,Polaprezinc,Drug,polaprezinc,,DrugBank|NCBI,
Gene:5053,PAH,Gene,PAH,,DrugBank|MONDO_grouped|NCBI|REACTOME,
Gene:2944,GSTM1,Gene,GSTM1,,DrugBank|MONDO|MONDO_grouped|NCBI|REACTOME,
Drug:DB00526,Oxaliplatin,Drug,oxaliplatin,,DrugBank|MONDO|NCBI,
Drug:DB00958,Carboplatin,Drug,carboplatin,,DrugBank|MONDO|NCBI,
Drug:DB01008,Busulfan,Drug,busulfan,,DrugBank|NCBI,
Drug:DB01020,Isosorbide mononitrate,Drug,isosorbide mononitrate,,DrugBank|NCBI,
Drug:DB11672,Curcumin,Drug,curcumin,,DrugBank|NCBI,
Gene:2947,GSTM3,Gene,GSTM3,,DrugBank|MONDO|NCBI|REACTOME,
Gene:2950,GSTP1,Gene,GSTP1,,DrugBank|MONDO|MONDO_grouped|NCBI|REACTOME,
Drug:DB00291,Chlorambucil,Drug,chlorambucil,,DrugBank|NCBI,
Gene:9446,GSTO1,Gene,GSTO1,,DrugBank|MONDO|NCBI|REACTOME,
Gene:2876,GPX1,Gene,GPX1,,DrugBank|MONDO|NCBI|REACTOME,
Drug:DB11091,Hydrogen peroxide,Drug,hydrogen peroxide,,DrugBank|NCBI,
Drug:DB11127,Selenious acid,Drug,selenious acid,,DrugBank|NCBI,
Gene:2952,GSTT1,Gene,GSTT1,,DrugBank|MONDO|MONDO_grouped|NCBI|REACTOME,
Drug:DB09301,Chondroitin sulfate,Drug,chondroitin sulfate,,DrugBank|NCBI,
Gene:2588,GALNS,Gene,GALNS,,DrugBank|MONDO|NCBI|REACTOME,
Gene:6822,SULT2A1,Gene,SULT2A1,,DrugBank|MONDO|NCBI|REACTOME,
Drug:DB09288,Propacetamol,Drug,propacetamol,,DrugBank|NCBI,
Drug:DB09328,Vayarin,Drug,vayarin,,DrugBank|NCBI,
Gene:3992,FADS1,Gene,FADS1,,DrugBank|MONDO|NCBI|REACTOME,
Drug:DB11358,Evening primrose oil,Drug,evening primrose oil,,DrugBank|NCBI,
Drug:DB09338,Mersalyl,Drug,mersalyl,,DrugBank|NCBI,
Gene:5105,PCK1,Gene,PCK1,,DrugBank|MONDO|MONDO_grouped|NCBI|REACTOME,
Gene:25824,PRDX5,Gene,PRDX5,,DrugBank|MONDO|NCBI|REACTOME,
Gene:6817,SULT1A1,Gene,SULT1A1,,DrugBank|MONDO|NCBI|REACTOME,
Gene:5444,PON1,Gene,PON1,,DrugBank|MONDO|MONDO_grouped|NCBI|REACTOME,
Drug:DB14596,Loteprednol etabonate,Drug,loteprednol etabonate,,DrugBank|NCBI,
Drug:DB14598,Edetate calcium disodium anhydrous,Drug,edetate calcium disodium anhydrous,,DrugBank|NCBI,
Drug:DB14600,Edetate disodium anhydrous,Drug,edetate disodium anhydrous,,DrugBank|NCBI,
Drug:DB14962,Trastuzumab deruxtecan,Drug,trastuzumab deruxtecan,,DrugBank|NCBI,
Gene:1508,CTSB,Gene,CTSB,,DrugBank|MONDO|NCBI|REACTOME,
Gene:6783,SULT1E1,Gene,SULT1E1,,DrugBank|MONDO|NCBI|REACTOME,
Drug:DB14635,Curcumin sulfate,Drug,curcumin sulfate,,DrugBank|NCBI,
Gene:1806,DPYD,Gene,DPYD,,DrugBank|MONDO|MONDO_grouped|NCBI|REACTOME,
Drug:DB01101,Capecitabine,Drug,capecitabine,,DrugBank|MONDO|NCBI,
Drug:DB09327,Tegafur-uracil,Drug,tegafur-uracil,,DrugBank|NCBI,
Gene:7150,TOP1,Gene,TOP1,,DrugBank|MONDO|MONDO_grouped|NCBI|REACTOME,
Drug:DB05239,Cobimetinib,Drug,cobimetinib,,DrugBank|NCBI,
Gene:7052,TGM2,Gene,TGM2,,DrugBank|MONDO|MONDO_grouped|NCBI,
Drug:DB01109,Heparin,Drug,heparin,,DrugBank|NCBI,
Gene:10855,HPSE,Gene,HPSE,,DrugBank|MONDO|MONDO_grouped|NCBI|REACTOME,
Drug:DB06779,Dalteparin,Drug,dalteparin,,DrugBank|NCBI,
Drug:DB00006,Bivalirudin,Drug,bivalirudin,,DrugBank|NCBI,
Gene:4353,MPO,Gene,MPO,,DrugBank|MONDO|MONDO_grouped|NCBI|REACTOME,
Drug:DB00208,Ticlopidine,Drug,ticlopidine,,DrugBank|NCBI,
Drug:DB00233,Aminosalicylic acid,Drug,aminosalicylic acid,,DrugBank|NCBI,
Drug:DB00833,Cefaclor,Drug,cefaclor,,DrugBank|NCBI,
Drug:DB01225,Enoxaparin,Drug,enoxaparin,,DrugBank|NCBI,
Drug:DB02300,Calcipotriol,Drug,calcipotriol,,DrugBank|NCBI,
Drug:DB05161,Elafin,Drug,elafin,,DrugBank|NCBI,
Drug:DB06111,AB192,Drug,ab192,,DrugBank|NCBI,
Drug:DB06468,Cariporide,Drug,cariporide,,DrugBank|NCBI,
Drug:DB06823,Tiopronin,Drug,tiopronin,,DrugBank|NCBI,
Gene:3098,HK1,Gene,HK1,,DrugBank|MONDO|MONDO_grouped|NCBI|REACTOME,
Drug:DB09341,"Dextrose, unspecified form",Drug,"dextrose, unspecified form",,DrugBank|NCBI,
Drug:DB09502,Fludeoxyglucose (18F),Drug,fludeoxyglucose (18f),,DrugBank|NCBI,
Drug:DB00121,Biotin,Drug,biotin,,DrugBank|NCBI,
Gene:1545,CYP1B1,Gene,CYP1B1,,DrugBank|MONDO|NCBI|REACTOME,
Drug:DB00201,Caffeine,Drug,caffeine,,DrugBank|NCBI,
Drug:DB00277,Theophylline,Drug,theophylline,,DrugBank|NCBI,
Drug:DB00338,Omeprazole,Drug,omeprazole,,DrugBank|NCBI,
Drug:DB00448,Lansoprazole,Drug,lansoprazole,,DrugBank|NCBI,
Drug:DB00499,Flutamide,Drug,flutamide,,DrugBank|MONDO|NCBI,
Drug:DB00613,Amodiaquine,Drug,amodiaquine,,DrugBank|NCBI,
Drug:DB00694,Daunorubicin,Drug,daunorubicin,,DrugBank|NCBI,
Drug:DB01087,Primaquine,Drug,primaquine,,DrugBank|NCBI,
Drug:DB01204,Mitoxantrone,Drug,mitoxantrone,,DrugBank|NCBI,
Drug:DB01229,Paclitaxel,Drug,paclitaxel,,DrugBank|MONDO|NCBI,
Drug:DB01248,Docetaxel,Drug,docetaxel,,DrugBank|MONDO|NCBI,
Drug:DB01254,Dasatinib,Drug,dasatinib,,DrugBank|NCBI,
Drug:DB11155,Triclocarban,Drug,triclocarban,,DrugBank|NCBI,
Drug:DB12245,Triclabendazole,Drug,triclabendazole,,DrugBank|NCBI,
Drug:DB14487,Zinc acetate,Drug,zinc acetate,,DrugBank|NCBI,
Gene:1363,CPE,Gene,CPE,,DrugBank|MONDO|NCBI|REACTOME,
Drug:DB01598,Imipenem,Drug,imipenem,,DrugBank|NCBI,
Gene:1800,DPEP1,Gene,DPEP1,,DrugBank|MONDO|NCBI|REACTOME,
Drug:DB06211,Doripenem,Drug,doripenem,,DrugBank|NCBI,
Drug:DB00030,Insulin human,Drug,insulin human,,DrugBank|NCBI,
Gene:3416,IDE,Gene,IDE,,DrugBank|MONDO_grouped|NCBI|REACTOME,
Gene:1728,NQO1,Gene,NQO1,,DrugBank|MONDO|NCBI|REACTOME,
Drug:DB00013,Urokinase,Drug,urokinase,,DrugBank|NCBI,
Gene:4321,MMP12,Gene,MMP12,,DrugBank|MONDO|NCBI|REACTOME,
Drug:DB00642,Pemetrexed,Drug,pemetrexed,,DrugBank|MONDO|NCBI,
Gene:2030,SLC29A1,Gene,SLC29A1,,DrugBank|MONDO|NCBI|REACTOME,
Drug:DB09116,Calcium carbimide,Drug,calcium carbimide,,DrugBank|NCBI,
Gene:847,CAT,Gene,CAT,,DrugBank|MONDO|NCBI|REACTOME,
Drug:DB09459,L-tartaric acid,Drug,l-tartaric acid,,DrugBank|NCBI,
Gene:27087,B3GAT1,Gene,B3GAT1,,DrugBank|MONDO|MONDO_grouped|NCBI|REACTOME,
Drug:DB09374,Indocyanine green acid form,Drug,indocyanine green acid form,,DrugBank|NCBI,
Gene:3417,IDH1,Gene,IDH1,,DrugBank|MONDO|MONDO_grouped|NCBI|REACTOME,
Gene:7083,TK1,Gene,TK1,,DrugBank|MONDO|MONDO_grouped|NCBI|REACTOME,
Gene:6820,SULT2B1,Gene,SULT2B1,,DrugBank|MONDO|NCBI|REACTOME,
Gene:7053,TGM3,Gene,TGM3,,DrugBank|MONDO|MONDO_grouped|NCBI,
Drug:DB08934,Sofosbuvir,Drug,sofosbuvir,,DrugBank|NCBI,
Gene:3094,HINT1,Gene,HINT1,,DrugBank|MONDO_grouped|NCBI,
Drug:DB12831,Gabexate,Drug,gabexate,,DrugBank|NCBI,
Gene:5644,PRSS1,Gene,PRSS1,,DrugBank|MONDO|NCBI|REACTOME,
Gene:7296,TXNRD1,Gene,TXNRD1,,DrugBank|MONDO|NCBI|REACTOME,
Drug:DB11135,Selenium,Drug,selenium,,DrugBank|NCBI,
Gene:1312,COMT,Gene,COMT,,DrugBank|MONDO|MONDO_grouped|NCBI|REACTOME,
Drug:DB00494,Entacapone,Drug,entacapone,,DrugBank|NCBI,
Drug:DB00668,Epinephrine,Drug,epinephrine,,DrugBank|NCBI,
Drug:DB00841,Dobutamine,Drug,dobutamine,,DrugBank|NCBI,
Drug:DB00968,Methyldopa,Drug,methyldopa,,DrugBank|NCBI,
Drug:DB01141,Micafungin,Drug,micafungin,,DrugBank|NCBI,
Drug:DB06152,Nylidrin,Drug,nylidrin,,DrugBank|NCBI,
Drug:DB15488,Echinacoside,Drug,echinacoside,,DrugBank|NCBI,
Drug:DB00197,Troglitazone,Drug,troglitazone,,DrugBank|NCBI,
Gene:1588,CYP19A1,Gene,CYP19A1,,DrugBank|MONDO|NCBI|REACTOME,
Drug:DB00269,Chlorotrianisene,Drug,chlorotrianisene,,DrugBank|MONDO|NCBI,
Drug:DB00389,Carbimazole,Drug,carbimazole,,DrugBank|NCBI,
Drug:DB00974,Edetic acid,Drug,edetic acid,,DrugBank|NCBI,
Drug:DB00990,Exemestane,Drug,exemestane,,DrugBank|NCBI,
Drug:DB01007,Tioconazole,Drug,tioconazole,,DrugBank|NCBI,
Drug:DB01127,Econazole,Drug,econazole,,DrugBank|NCBI,
Drug:DB04794,Bifonazole,Drug,bifonazole,,DrugBank|NCBI,
Drug:DB04839,Cyproterone acetate,Drug,cyproterone acetate,,DrugBank|NCBI,
Drug:DB06147,Sulfathiazole,Drug,sulfathiazole,,DrugBank|NCBI,
Drug:DB06423,Endostatin,Drug,endostatin,,DrugBank|NCBI,
Drug:DB06719,Buserelin,Drug,buserelin,,DrugBank|NCBI,
Drug:DB08804,Nandrolone decanoate,Drug,nandrolone decanoate,,DrugBank|NCBI,
Drug:DB09389,Norgestrel,Drug,norgestrel,,DrugBank|NCBI,
Gene:5126,PCSK2,Gene,PCSK2,,DrugBank|MONDO|NCBI|REACTOME,
Gene:4524,MTHFR,Gene,MTHFR,,DrugBank|MONDO|MONDO_grouped|NCBI|REACTOME,
Drug:DB00140,Riboflavin,Drug,riboflavin,,DrugBank|NCBI,
Drug:DB00170,Menadione,Drug,menadione,,DrugBank|NCBI,
Drug:DB00542,Benazepril,Drug,benazepril,,DrugBank|NCBI,
Gene:590,BCHE,Gene,BCHE,,DrugBank|MONDO|NCBI|REACTOME,
Drug:DB00178,Ramipril,Drug,ramipril,,DrugBank|NCBI,
Drug:DB00183,Pentagastrin,Drug,pentagastrin,,DrugBank|NCBI,
Drug:DB00202,Succinylcholine,Drug,succinylcholine,,DrugBank|NCBI,
Drug:DB00391,Sulpiride,Drug,sulpiride,,DrugBank|MONDO_grouped|NCBI,
Drug:DB00392,Profenamine,Drug,profenamine,,DrugBank|NCBI,
Drug:DB00508,Triflupromazine,Drug,triflupromazine,,DrugBank|NCBI,
Drug:DB00527,Cinchocaine,Drug,cinchocaine,,DrugBank|NCBI,
Drug:DB00585,Nizatidine,Drug,nizatidine,,DrugBank|NCBI,
Drug:DB00711,Diethylcarbamazine,Drug,diethylcarbamazine,,DrugBank|NCBI,
Drug:DB00721,Procaine,Drug,procaine,,DrugBank|NCBI,
Drug:DB00790,Perindopril,Drug,perindopril,,DrugBank|NCBI,
Drug:DB00868,Benzonatate,Drug,benzonatate,,DrugBank|NCBI,
Drug:DB00871,Terbutaline,Drug,terbutaline,,DrugBank|NCBI,
Drug:DB00888,Mechlorethamine,Drug,mechlorethamine,,DrugBank|MONDO|NCBI,
Drug:DB00892,Oxybuprocaine,Drug,oxybuprocaine,,DrugBank|NCBI,
Drug:DB00907,Cocaine,Drug,cocaine,,DrugBank|NCBI,
Drug:DB00979,Cyclopentolate,Drug,cyclopentolate,,DrugBank|NCBI,
Drug:DB01035,Procainamide,Drug,procainamide,,DrugBank|NCBI,
Drug:DB01116,Trimethaphan,Drug,trimethaphan,,DrugBank|NCBI,
Drug:DB01122,Ambenonium,Drug,ambenonium,,DrugBank|NCBI,
Drug:DB01135,Doxacurium,Drug,doxacurium,,DrugBank|NCBI,
Drug:DB01161,Chloroprocaine,Drug,chloroprocaine,,DrugBank|NCBI,
Drug:DB01199,Tubocurarine,Drug,tubocurarine,,DrugBank|NCBI,
Drug:DB01245,Decamethonium,Drug,decamethonium,,DrugBank|NCBI,
Drug:DB01337,Pancuronium,Drug,pancuronium,,DrugBank|NCBI,
Drug:DB01338,Pipecuronium,Drug,pipecuronium,,DrugBank|NCBI,
Drug:DB01400,Neostigmine,Drug,neostigmine,,DrugBank|NCBI,
Drug:DB01408,Bambuterol,Drug,bambuterol,,DrugBank|NCBI,
Drug:DB02845,Methylphosphinic Acid,Drug,methylphosphinic acid,,DrugBank|NCBI,
Drug:DB03568,Butyric Acid,Drug,butyric acid,,DrugBank|NCBI,
Drug:DB03822,Ethyl dihydrogen phosphate,Drug,ethyl dihydrogen phosphate,,DrugBank|NCBI,
Drug:DB03976,Phosphorylisopropane,Drug,phosphorylisopropane,,DrugBank|NCBI,
Drug:DB04250,Butyrylthiocholine,Drug,butyrylthiocholine,,DrugBank|NCBI,
Drug:DB04572,Thiotepa,Drug,thiotepa,,DrugBank|MONDO|NCBI,
Drug:DB04920,Clevidipine,Drug,clevidipine,,DrugBank|NCBI,
Drug:DB05386,Regramostim,Drug,regramostim,,DrugBank|NCBI,
Drug:DB06692,Aprotinin,Drug,aprotinin,,DrugBank|NCBI,
Drug:DB06756,Glycine betaine,Drug,glycine betaine,,DrugBank|NCBI,
Drug:DB08897,Aclidinium,Drug,aclidinium,,DrugBank|NCBI,
Drug:DB09205,Moxisylyte,Drug,moxisylyte,,DrugBank|NCBI,
Drug:DB14031,Tretamine,Drug,tretamine,,DrugBank|MONDO|NCBI,
Drug:DB00322,Floxuridine,Drug,floxuridine,,DrugBank|MONDO|MONDO_grouped|NCBI,
Gene:1890,TYMP,Gene,TYMP,,DrugBank|MONDO|NCBI|REACTOME,
Drug:DB00369,Cidofovir,Drug,cidofovir,,DrugBank|NCBI,
Drug:DB06433,Tezacitabine,Drug,tezacitabine,,DrugBank|NCBI,
Gene:2166,FAAH,Gene,FAAH,,DrugBank|MONDO|NCBI|REACTOME,
Drug:DB00184,Nicotine,Drug,nicotine,,DrugBank|NCBI,
Gene:4129,MAOB,Gene,MAOB,,DrugBank|MONDO|MONDO_grouped|NCBI|REACTOME,
Drug:DB00388,Phenylephrine,Drug,phenylephrine,,DrugBank|NCBI,
Drug:DB00601,Linezolid,Drug,linezolid,,DrugBank|NCBI,
Drug:DB00614,Furazolidone,Drug,furazolidone,,DrugBank|NCBI,
Drug:DB00780,Phenelzine,Drug,phenelzine,,DrugBank|MONDO_grouped|NCBI,
Drug:DB00915,Amantadine,Drug,amantadine,,DrugBank|NCBI,
Drug:DB01171,Moclobemide,Drug,moclobemide,,DrugBank|NCBI,
Drug:DB02095,Isatin,Drug,isatin,,DrugBank|NCBI,
Drug:DB02211,(R)-N-methyl-N-2-propynyl-1-indanamine,Drug,(r)-n-methyl-n-2-propynyl-1-indanamine,,DrugBank|NCBI,
Drug:DB02509,Farnesol,Drug,farnesol,,DrugBank|NCBI,
Drug:DB03147,Flavin adenine dinucleotide,Drug,flavin adenine dinucleotide,,DrugBank|NCBI,
Drug:DB03894,N-Propargyl-1(S)-Aminoindan,Drug,n-propargyl-1(s)-aminoindan,,DrugBank|NCBI,
Drug:DB04147,Dodecyldimethylamine N-oxide,Drug,dodecyldimethylamine n-oxide,,DrugBank|NCBI,
Drug:DB04307,5-Hydroxy-N-Propargyl-1(R)-Aminoindan,Drug,5-hydroxy-n-propargyl-1(r)-aminoindan,,DrugBank|NCBI,
Drug:DB04818,Iproniazid,Drug,iproniazid,,DrugBank|NCBI,
Drug:DB04889,Bicifadine,Drug,bicifadine,,DrugBank|NCBI,
Drug:DB09042,Tedizolid phosphate,Drug,tedizolid phosphate,,DrugBank|NCBI,
Drug:DB14569,Tedizolid,Drug,tedizolid,,DrugBank|NCBI,
Gene:4128,MAOA,Gene,MAOA,,DrugBank|MONDO|MONDO_grouped|NCBI|REACTOME,
Drug:DB00315,Zolmitriptan,Drug,zolmitriptan,,DrugBank|NCBI,
Drug:DB00397,Phenylpropanolamine,Drug,phenylpropanolamine,,DrugBank|NCBI,
Drug:DB00669,Sumatriptan,Drug,sumatriptan,,DrugBank|NCBI,
Drug:DB00918,Almotriptan,Drug,almotriptan,,DrugBank|NCBI,
Drug:DB00952,Naratriptan,Drug,naratriptan,,DrugBank|NCBI,
Drug:DB00953,Rizatriptan,Drug,rizatriptan,,DrugBank|NCBI,
Drug:DB01445,Bufotenine,Drug,bufotenine,,DrugBank|NCBI,
Drug:DB06654,Safinamide,Drug,safinamide,,DrugBank|NCBI,
Drug:DB09244,Pirlindole,Drug,pirlindole,,DrugBank|NCBI,
Drug:DB09245,Toloxatone,Drug,toloxatone,,DrugBank|NCBI,
Drug:DB12329,Eravacycline,Drug,eravacycline,,DrugBank|NCBI,
Drug:DB15328,Ubrogepant,Drug,ubrogepant,,DrugBank|NCBI,
Gene:7498,XDH,Gene,XDH,,DrugBank|MONDO|NCBI|REACTOME,
Drug:DB00336,Nitrofural,Drug,nitrofural,,DrugBank|NCBI,
Drug:DB00339,Pyrazinamide,Drug,pyrazinamide,,DrugBank|NCBI,
Drug:DB00437,Allopurinol,Drug,allopurinol,,DrugBank|NCBI,
Drug:DB00746,Deferoxamine,Drug,deferoxamine,,DrugBank|NCBI,
Drug:DB00831,Trifluoperazine,Drug,trifluoperazine,,DrugBank|MONDO_grouped|NCBI,
Drug:DB01033,Mercaptopurine,Drug,mercaptopurine,,DrugBank|NCBI,
Drug:DB01168,Procarbazine,Drug,procarbazine,,DrugBank|NCBI,
Drug:DB04335,Inosine,Drug,inosine,,DrugBank|NCBI,
Drug:DB06478,Porfiromycin,Drug,porfiromycin,,DrugBank|NCBI,
Gene:55214,P3H2,Gene,P3H2,,DrugBank|MONDO|NCBI|REACTOME,
Drug:DB00194,Vidarabine,Drug,vidarabine,,DrugBank|NCBI,
Gene:100,ADA,Gene,ADA,,DrugBank|MONDO|NCBI|REACTOME,
Drug:DB00640,Adenosine,Drug,adenosine,,DrugBank|NCBI,
Drug:DB01280,Nelarabine,Drug,nelarabine,,DrugBank|NCBI,
Drug:DB05057,Erdosteine,Drug,erdosteine,,DrugBank|NCBI,
Drug:DB00128,Aspartic acid,Drug,aspartic acid,,DrugBank|NCBI,
Gene:790,CAD,Gene,CAD,,DrugBank|MONDO|NCBI|REACTOME,
Gene:2752,GLUL,Gene,GLUL,,DrugBank|MONDO|MONDO_grouped|NCBI|REACTOME,
Drug:DB00466,Picrotoxin,Drug,picrotoxin,,DrugBank|NCBI,
Drug:DB01119,Diazoxide,Drug,diazoxide,,DrugBank|NCBI,
Drug:DB08794,Ethyl biscoumacetate,Drug,ethyl biscoumacetate,,DrugBank|NCBI,
Drug:DB11118,Ammonia,Drug,ammonia,,DrugBank|NCBI,
Gene:9415,FADS2,Gene,FADS2,,DrugBank|MONDO|MONDO_grouped|NCBI|REACTOME,
Gene:1591,CYP24A1,Gene,CYP24A1,,DrugBank|MONDO|NCBI|REACTOME,
Drug:DB00146,Calcifediol,Drug,calcifediol,,DrugBank|NCBI,
Drug:DB00910,Paricalcitol,Drug,paricalcitol,,DrugBank|NCBI,
Drug:DB00143,Glutathione,Drug,glutathione,,DrugBank|NCBI,
Gene:2938,GSTA1,Gene,GSTA1,,DrugBank|MONDO|MONDO_grouped|NCBI|REACTOME,
Drug:DB02486,2-Hydroxyethyl Disulfide,Drug,2-hydroxyethyl disulfide,,DrugBank|NCBI,
Drug:DB02943,N-(4-Aminobutanoyl)-S-(4-methoxybenzyl)-L-cysteinylglycine,Drug,n-(4-aminobutanoyl)-s-(4-methoxybenzyl)-l-cysteinylglycine,,DrugBank|NCBI,
Drug:DB03602,S-benzylglutathione,Drug,s-benzylglutathione,,DrugBank|NCBI,
Drug:DB04132,S-Hexylglutathione,Drug,s-hexylglutathione,,DrugBank|NCBI,
Drug:DB00172,Proline,Drug,proline,,DrugBank|NCBI,
Gene:5625,PRODH,Gene,PRODH,,DrugBank|MONDO|MONDO_grouped|NCBI|REACTOME,
Drug:DB00091,Cyclosporine,Drug,cyclosporine,,DrugBank|NCBI,
Gene:1577,CYP3A5,Gene,CYP3A5,,DrugBank|MONDO|MONDO_grouped|NCBI|REACTOME,
Drug:DB00196,Fluconazole,Drug,fluconazole,,DrugBank|NCBI,
Drug:DB00199,Erythromycin,Drug,erythromycin,,DrugBank|NCBI,
Drug:DB00203,Sildenafil,Drug,sildenafil,,DrugBank|NCBI,
Drug:DB00206,Reserpine,Drug,reserpine,,DrugBank|NCBI,
Drug:DB00224,Indinavir,Drug,indinavir,,DrugBank|NCBI,
Drug:DB00253,Medrysone,Drug,medrysone,,DrugBank|NCBI,
Drug:DB00281,Lidocaine,Drug,lidocaine,,DrugBank|NCBI,
Drug:DB00288,Amcinonide,Drug,amcinonide,,DrugBank|NCBI,
Drug:DB00324,Fluorometholone,Drug,fluorometholone,,DrugBank|NCBI,
Drug:DB00342,Terfenadine,Drug,terfenadine,,DrugBank|NCBI,
Drug:DB00367,Levonorgestrel,Drug,levonorgestrel,,DrugBank|MONDO|MONDO_grouped|NCBI,
Drug:DB00381,Amlodipine,Drug,amlodipine,,DrugBank|NCBI,
Drug:DB00394,Beclomethasone dipropionate,Drug,beclomethasone dipropionate,,DrugBank|NCBI,
Drug:DB00398,Sorafenib,Drug,sorafenib,,DrugBank|MONDO|MONDO_grouped|NCBI,
Drug:DB00401,Nisoldipine,Drug,nisoldipine,,DrugBank|NCBI,
Drug:DB00439,Cerivastatin,Drug,cerivastatin,,DrugBank|NCBI,
Drug:DB00444,Teniposide,Drug,teniposide,,DrugBank|NCBI,
Drug:DB00446,Chloramphenicol,Drug,chloramphenicol,,DrugBank|NCBI,
Drug:DB00455,Loratadine,Drug,loratadine,,DrugBank|NCBI,
Drug:DB00468,Quinine,Drug,quinine,,DrugBank|NCBI,
Drug:DB00501,Cimetidine,Drug,cimetidine,,DrugBank|NCBI,
Drug:DB00502,Haloperidol,Drug,haloperidol,,DrugBank|MONDO_grouped|NCBI,
Drug:DB00528,Lercanidipine,Drug,lercanidipine,,DrugBank|NCBI,
Drug:DB00531,Cyclophosphamide,Drug,cyclophosphamide,,DrugBank|MONDO|NCBI,
Drug:DB00541,Vincristine,Drug,vincristine,,DrugBank|NCBI,
Drug:DB00564,Carbamazepine,Drug,carbamazepine,,DrugBank|NCBI,
Drug:DB00574,Fenfluramine,Drug,fenfluramine,,DrugBank|NCBI,
Drug:DB00604,Cisapride,Drug,cisapride,,DrugBank|NCBI,
Drug:DB00622,Nicardipine,Drug,nicardipine,,DrugBank|NCBI,
Drug:DB00637,Astemizole,Drug,astemizole,,DrugBank|NCBI,
Drug:DB00641,Simvastatin,Drug,simvastatin,,DrugBank|NCBI,
Drug:DB00656,Trazodone,Drug,trazodone,,DrugBank|NCBI,
Drug:DB00683,Midazolam,Drug,midazolam,,DrugBank|NCBI,
Drug:DB00688,Mycophenolate mofetil,Drug,mycophenolate mofetil,,DrugBank|NCBI,
Drug:DB00700,Eplerenone,Drug,eplerenone,,DrugBank|NCBI,
Drug:DB00701,Amprenavir,Drug,amprenavir,,DrugBank|NCBI,
Drug:DB00705,Delavirdine,Drug,delavirdine,,DrugBank|NCBI,
Drug:DB00745,Modafinil,Drug,modafinil,,DrugBank|NCBI,
Drug:DB00758,Clopidogrel,Drug,clopidogrel,,DrugBank|NCBI,
Drug:DB00764,Mometasone,Drug,mometasone,,DrugBank|NCBI,
Drug:DB00820,Tadalafil,Drug,tadalafil,,DrugBank|NCBI,
Drug:DB00822,Disulfiram,Drug,disulfiram,,DrugBank|NCBI,
Drug:DB00834,Mifepristone,Drug,mifepristone,,DrugBank|NCBI,
Drug:DB00862,Vardenafil,Drug,vardenafil,,DrugBank|NCBI,
Drug:DB00877,Sirolimus,Drug,sirolimus,,DrugBank|NCBI,
Drug:DB00896,Rimexolone,Drug,rimexolone,,DrugBank|NCBI,
Drug:DB00897,Triazolam,Drug,triazolam,,DrugBank|NCBI,
Drug:DB00904,Ondansetron,Drug,ondansetron,,DrugBank|NCBI,
Drug:DB00905,Bimatoprost,Drug,bimatoprost,,DrugBank|NCBI,
Drug:DB00909,Zonisamide,Drug,zonisamide,,DrugBank|NCBI,
Drug:DB00916,Metronidazole,Drug,metronidazole,,DrugBank|NCBI,
Drug:DB00921,Buprenorphine,Drug,buprenorphine,,DrugBank|NCBI,
Drug:DB00962,Zaleplon,Drug,zaleplon,,DrugBank|NCBI,
Drug:DB00972,Azelastine,Drug,azelastine,,DrugBank|NCBI,
Drug:DB01023,Felodipine,Drug,felodipine,,DrugBank|NCBI,
Drug:DB01047,Fluocinonide,Drug,fluocinonide,,DrugBank|NCBI,
Drug:DB01054,Nitrendipine,Drug,nitrendipine,,DrugBank|NCBI,
Drug:DB01058,Praziquantel,Drug,praziquantel,,DrugBank|NCBI,
Drug:DB01095,Fluvastatin,Drug,fluvastatin,,DrugBank|NCBI,
Drug:DB01100,Pimozide,Drug,pimozide,,DrugBank|NCBI,
Drug:DB01103,Quinacrine,Drug,quinacrine,,DrugBank|NCBI,
Drug:DB01114,Chlorpheniramine,Drug,chlorpheniramine,,DrugBank|NCBI,
Drug:DB01166,Cilostazol,Drug,cilostazol,,DrugBank|NCBI,
Drug:DB01167,Itraconazole,Drug,itraconazole,,DrugBank|NCBI,
Drug:DB01174,Phenobarbital,Drug,phenobarbital,,DrugBank|NCBI,
Drug:DB01184,Domperidone,Drug,domperidone,,DrugBank|NCBI,
Drug:DB01190,Clindamycin,Drug,clindamycin,,DrugBank|NCBI,
Drug:DB01211,Clarithromycin,Drug,clarithromycin,,DrugBank|NCBI,
Drug:DB01216,Finasteride,Drug,finasteride,,DrugBank|NCBI,
Drug:DB01217,Anastrozole,Drug,anastrozole,,DrugBank|MONDO|NCBI,
Drug:DB01218,Halofantrine,Drug,halofantrine,,DrugBank|NCBI,
Drug:DB01224,Quetiapine,Drug,quetiapine,,DrugBank|MONDO_grouped|NCBI,
Drug:DB01259,Lapatinib,Drug,lapatinib,,DrugBank|NCBI,
Drug:DB01267,Paliperidone,Drug,paliperidone,,DrugBank|MONDO_grouped|NCBI,
Drug:DB01268,Sunitinib,Drug,sunitinib,,DrugBank|NCBI,
Drug:DB01380,Cortisone acetate,Drug,cortisone acetate,,DrugBank|NCBI,
Drug:DB01384,Paramethasone,Drug,paramethasone,,DrugBank|NCBI,
Drug:DB01388,Mibefradil,Drug,mibefradil,,DrugBank|NCBI,
Drug:DB02520,Ditiocarb,Drug,ditiocarb,,DrugBank|NCBI,
Drug:DB04856,Dexloxiglumide,Drug,dexloxiglumide,,DrugBank|NCBI,
Drug:DB04946,Iloperidone,Drug,iloperidone,,DrugBank|MONDO_grouped|NCBI,
Drug:DB04957,Azimilide,Drug,azimilide,,DrugBank|NCBI,
Drug:DB05773,Trastuzumab emtansine,Drug,trastuzumab emtansine,,DrugBank|NCBI,
Drug:DB06176,Romidepsin,Drug,romidepsin,,DrugBank|NCBI,
Drug:DB06228,Rivaroxaban,Drug,rivaroxaban,,DrugBank|NCBI,
Drug:DB06267,Udenafil,Drug,udenafil,,DrugBank|NCBI,
Drug:DB06287,Temsirolimus,Drug,temsirolimus,,DrugBank|NCBI,
Drug:DB06335,Saxagliptin,Drug,saxagliptin,,DrugBank|NCBI,
Drug:DB06403,Ambrisentan,Drug,ambrisentan,,DrugBank|NCBI,
Drug:DB06413,Armodafinil,Drug,armodafinil,,DrugBank|NCBI,
Drug:DB06419,Cethromycin,Drug,cethromycin,,DrugBank|NCBI,
Drug:DB06448,Lonafarnib,Drug,lonafarnib,,DrugBank|NCBI,
Drug:DB06595,Midostaurin,Drug,midostaurin,,DrugBank|NCBI,
Drug:DB06605,Apixaban,Drug,apixaban,,DrugBank|NCBI,
Drug:DB06626,Axitinib,Drug,axitinib,,DrugBank|NCBI,
Drug:DB06652,Vicriviroc,Drug,vicriviroc,,DrugBank|NCBI,
Drug:DB06697,Artemether,Drug,artemether,,DrugBank|NCBI,
Drug:DB06730,Gestodene,Drug,gestodene,,DrugBank|NCBI,
Drug:DB06731,Seproxetine,Drug,seproxetine,,DrugBank|NCBI,
Drug:DB06772,Cabazitaxel,Drug,cabazitaxel,,DrugBank|NCBI,
Drug:DB06789,Hydroxyprogesterone caproate,Drug,hydroxyprogesterone caproate,,DrugBank|MONDO|MONDO_grouped|NCBI,
Drug:DB08865,Crizotinib,Drug,crizotinib,,DrugBank|MONDO|NCBI,
Drug:DB08873,Boceprevir,Drug,boceprevir,,DrugBank|NCBI,
Drug:DB08883,Perampanel,Drug,perampanel,,DrugBank|NCBI,
Drug:DB08901,Ponatinib,Drug,ponatinib,,DrugBank|NCBI,
Drug:DB08970,Fluprednidene,Drug,fluprednidene,,DrugBank|NCBI,
Drug:DB08971,Fluocortolone,Drug,fluocortolone,,DrugBank|NCBI,
Drug:DB09054,Idelalisib,Drug,idelalisib,,DrugBank|NCBI,
Drug:DB09065,Cobicistat,Drug,cobicistat,,DrugBank|NCBI,
Drug:DB09068,Vortioxetine,Drug,vortioxetine,,DrugBank|NCBI,
Drug:DB09074,Olaparib,Drug,olaparib,,DrugBank|MONDO|NCBI,
Drug:DB09095,Difluocortolone,Drug,difluocortolone,,DrugBank|NCBI,
Drug:DB09102,Daclatasvir,Drug,daclatasvir,,DrugBank|NCBI,
Drug:DB09231,Benidipine,Drug,benidipine,,DrugBank|NCBI,
Drug:DB09256,Tegafur,Drug,tegafur,,DrugBank|NCBI,
Drug:DB09297,Paritaprevir,Drug,paritaprevir,,DrugBank|NCBI,
Drug:DB11487,Dexamethasone isonicotinate,Drug,dexamethasone isonicotinate,,DrugBank|NCBI,
Drug:DB11574,Elbasvir,Drug,elbasvir,,DrugBank|NCBI,
Drug:DB11586,Asunaprevir,Drug,asunaprevir,,DrugBank|NCBI,
Drug:DB11633,Isavuconazole,Drug,isavuconazole,,DrugBank|NCBI,
Drug:DB11712,Tezacaftor,Drug,tezacaftor,,DrugBank|NCBI,
Drug:DB11737,Icotinib,Drug,icotinib,,DrugBank|MONDO|NCBI,
Drug:DB11750,Clobetasol,Drug,clobetasol,,DrugBank|NCBI,
Drug:DB11761,Tenapanor,Drug,tenapanor,,DrugBank|NCBI,
Drug:DB11837,Osilodrostat,Drug,osilodrostat,,DrugBank|NCBI,
Drug:DB11915,Valbenazine,Drug,valbenazine,,DrugBank|NCBI,
Drug:DB11921,Deflazacort,Drug,deflazacort,,DrugBank|NCBI,
Drug:DB11951,Lemborexant,Drug,lemborexant,,DrugBank|NCBI,
Drug:DB12070,Letermovir,Drug,letermovir,,DrugBank|NCBI,
Drug:DB12130,Lorlatinib,Drug,lorlatinib,,DrugBank|MONDO|NCBI,
Drug:DB12161,Deutetrabenazine,Drug,deutetrabenazine,,DrugBank|NCBI,
Drug:DB12301,Doravirine,Drug,doravirine,,DrugBank|NCBI,
Drug:DB12332,Rucaparib,Drug,rucaparib,,DrugBank|MONDO|NCBI,
Drug:DB13003,Cortivazol,Drug,cortivazol,,DrugBank|NCBI,
Drug:DB13179,Troleandomycin,Drug,troleandomycin,,DrugBank|NCBI,
Drug:DB13208,Prednylidene,Drug,prednylidene,,DrugBank|NCBI,
Drug:DB13609,Umifenovir,Drug,umifenovir,,DrugBank|NCBI,
Drug:DB13728,Halometasone,Drug,halometasone,,DrugBank|NCBI,
Drug:DB13843,Cloprednol,Drug,cloprednol,,DrugBank|NCBI,
Drug:DB14512,Mometasone furoate,Drug,mometasone furoate,,DrugBank|NCBI,
Drug:DB14633,Prednisolone hemisuccinate,Drug,prednisolone hemisuccinate,,DrugBank|NCBI,
Drug:DB14634,Fluprednidene acetate,Drug,fluprednidene acetate,,DrugBank|NCBI,
Drug:DB14644,Methylprednisolone hemisuccinate,Drug,methylprednisolone hemisuccinate,,DrugBank|NCBI,
Drug:DB14646,Prednisone acetate,Drug,prednisone acetate,,DrugBank|NCBI,
Drug:DB14652,Clocortolone acetate,Drug,clocortolone acetate,,DrugBank|NCBI,
Drug:DB14659,Melengestrol acetate,Drug,melengestrol acetate,,DrugBank|NCBI,
Drug:DB14681,Cortisone,Drug,cortisone,,DrugBank|NCBI,
Drug:DB00022,Peginterferon alfa-2b,Drug,peginterferon alfa-2b,,DrugBank|NCBI,
Gene:1565,CYP2D6,Gene,CYP2D6,,DrugBank|MONDO|MONDO_grouped|NCBI|REACTOME,
Drug:DB00176,Fluvoxamine,Drug,fluvoxamine,,DrugBank|NCBI,
Drug:DB00182,Amphetamine,Drug,amphetamine,,DrugBank|NCBI,
Drug:DB00185,Cevimeline,Drug,cevimeline,,DrugBank|NCBI,
Drug:DB00187,Esmolol,Drug,esmolol,,DrugBank|NCBI,
Drug:DB00188,Bortezomib,Drug,bortezomib,,DrugBank|NCBI,
Drug:DB00193,Tramadol,Drug,tramadol,,DrugBank|NCBI,
Drug:DB00195,Betaxolol,Drug,betaxolol,,DrugBank|NCBI,
Drug:DB00209,Trospium,Drug,trospium,,DrugBank|NCBI,
Drug:DB00211,Midodrine,Drug,midodrine,,DrugBank|NCBI,
Drug:DB00215,Citalopram,Drug,citalopram,,DrugBank|NCBI,
Drug:DB00234,Reboxetine,Drug,reboxetine,,DrugBank|NCBI,
Drug:DB00243,Ranolazine,Drug,ranolazine,,DrugBank|NCBI,
Drug:DB00257,Clotrimazole,Drug,clotrimazole,,DrugBank|NCBI,
Drug:DB00259,Sulfanilamide,Drug,sulfanilamide,,DrugBank|NCBI,
Drug:DB00283,Clemastine,Drug,clemastine,,DrugBank|NCBI,
Drug:DB00285,Venlafaxine,Drug,venlafaxine,,DrugBank|NCBI,
Drug:DB00297,Bupivacaine,Drug,bupivacaine,,DrugBank|NCBI,
Drug:DB00318,Codeine,Drug,codeine,,DrugBank|NCBI,
Drug:DB00349,Clobazam,Drug,clobazam,,DrugBank|NCBI,
Drug:DB00356,Chlorzoxazone,Drug,chlorzoxazone,,DrugBank|NCBI,
Drug:DB00361,Vinorelbine,Drug,vinorelbine,,DrugBank|MONDO|NCBI,
Drug:DB00363,Clozapine,Drug,clozapine,,DrugBank|NCBI,
Drug:DB00370,Mirtazapine,Drug,mirtazapine,,DrugBank|NCBI,
Drug:DB00373,Timolol,Drug,timolol,,DrugBank|NCBI,
Drug:DB00377,Palonosetron,Drug,palonosetron,,DrugBank|NCBI,
Drug:DB00379,Mexiletine,Drug,mexiletine,,DrugBank|NCBI,
Drug:DB00409,Remoxipride,Drug,remoxipride,,DrugBank|NCBI,
Drug:DB00420,Promazine,Drug,promazine,,DrugBank|MONDO_grouped|NCBI,
Drug:DB00425,Zolpidem,Drug,zolpidem,,DrugBank|NCBI,
Drug:DB00433,Prochlorperazine,Drug,prochlorperazine,,DrugBank|MONDO_grouped|NCBI,
Drug:DB00482,Celecoxib,Drug,celecoxib,,DrugBank|NCBI,
Drug:DB00489,Sotalol,Drug,sotalol,,DrugBank|NCBI,
Drug:DB00496,Darifenacin,Drug,darifenacin,,DrugBank|NCBI,
Drug:DB00514,Dextromethorphan,Drug,dextromethorphan,,DrugBank|NCBI,
Drug:DB00521,Carteolol,Drug,carteolol,,DrugBank|NCBI,
Drug:DB00532,Mephenytoin,Drug,mephenytoin,,DrugBank|NCBI,
Drug:DB00543,Amoxapine,Drug,amoxapine,,DrugBank|MONDO_grouped|NCBI,
Drug:DB00568,Cinnarizine,Drug,cinnarizine,,DrugBank|NCBI,
Drug:DB00570,Vinblastine,Drug,vinblastine,,DrugBank|MONDO|NCBI,
Drug:DB00590,Doxazosin,Drug,doxazosin,,DrugBank|NCBI,
Drug:DB00592,Piperazine,Drug,piperazine,,DrugBank|NCBI,
Drug:DB00623,Fluphenazine,Drug,fluphenazine,,DrugBank|MONDO_grouped|NCBI,
Drug:DB00627,Niacin,Drug,niacin,,DrugBank|NCBI,
Drug:DB00633,Dexmedetomidine,Drug,dexmedetomidine,,DrugBank|NCBI,
Drug:DB00647,Dextropropoxyphene,Drug,dextropropoxyphene,,DrugBank|NCBI,
Drug:DB00674,Galantamine,Drug,galantamine,,DrugBank|NCBI,
Drug:DB00679,Thioridazine,Drug,thioridazine,,DrugBank|NCBI,
Drug:DB00699,Nicergoline,Drug,nicergoline,,DrugBank|NCBI,
Drug:DB00706,Tamsulosin,Drug,tamsulosin,,DrugBank|NCBI,
Drug:DB00715,Paroxetine,Drug,paroxetine,,DrugBank|NCBI,
Drug:DB00726,Trimipramine,Drug,trimipramine,,DrugBank|MONDO_grouped|NCBI,
Drug:DB00751,Epinastine,Drug,epinastine,,DrugBank|NCBI,
Drug:DB00752,Tranylcypromine,Drug,tranylcypromine,,DrugBank|MONDO_grouped|NCBI,
Drug:DB00757,Dolasetron,Drug,dolasetron,,DrugBank|NCBI,
Drug:DB00763,Methimazole,Drug,methimazole,,DrugBank|NCBI,
Drug:DB00792,Tripelennamine,Drug,tripelennamine,,DrugBank|NCBI,
Drug:DB00805,Minaprine,Drug,minaprine,,DrugBank|NCBI,
Drug:DB00810,Biperiden,Drug,biperiden,,DrugBank|NCBI,
Drug:DB00836,Loperamide,Drug,loperamide,,DrugBank|NCBI,
Drug:DB00843,Donepezil,Drug,donepezil,,DrugBank|NCBI,
Drug:DB00850,Perphenazine,Drug,perphenazine,,DrugBank|MONDO_grouped|NCBI,
Drug:DB00866,Alprenolol,Drug,alprenolol,,DrugBank|NCBI,
Drug:DB00914,Phenformin,Drug,phenformin,,DrugBank|NCBI,
Drug:DB00932,Tipranavir,Drug,tipranavir,,DrugBank|NCBI,
Drug:DB00933,Mesoridazine,Drug,mesoridazine,,DrugBank|MONDO_grouped|NCBI,
Drug:DB00934,Maprotiline,Drug,maprotiline,,DrugBank|NCBI,
Drug:DB00956,Hydrocodone,Drug,hydrocodone,,DrugBank|NCBI,
Drug:DB00960,Pindolol,Drug,pindolol,,DrugBank|NCBI,
Drug:DB01005,Hydroxyurea,Drug,hydroxyurea,,DrugBank|MONDO|NCBI,
Drug:DB01012,Cinacalcet,Drug,cinacalcet,,DrugBank|NCBI,
Drug:DB01028,Methoxyflurane,Drug,methoxyflurane,,DrugBank|NCBI,
Drug:DB01036,Tolterodine,Drug,tolterodine,,DrugBank|NCBI,
Drug:DB01037,Selegiline,Drug,selegiline,,DrugBank|NCBI,
Drug:DB01071,Mequitazine,Drug,mequitazine,,DrugBank|NCBI,
Drug:DB01074,Perhexiline,Drug,perhexiline,,DrugBank|NCBI,
Drug:DB01079,Tegaserod,Drug,tegaserod,,DrugBank|NCBI,
Drug:DB01096,Oxamniquine,Drug,oxamniquine,,DrugBank|NCBI,
Drug:DB01128,Bicalutamide,Drug,bicalutamide,,DrugBank|NCBI,
Drug:DB01129,Rabeprazole,Drug,rabeprazole,,DrugBank|NCBI,
Drug:DB01131,Proguanil,Drug,proguanil,,DrugBank|NCBI,
Drug:DB01149,Nefazodone,Drug,nefazodone,,DrugBank|NCBI,
Drug:DB01151,Desipramine,Drug,desipramine,,DrugBank|MONDO_grouped|NCBI,
Drug:DB01156,Bupropion,Drug,bupropion,,DrugBank|NCBI,
Drug:DB01173,Orphenadrine,Drug,orphenadrine,,DrugBank|NCBI,
Drug:DB01175,Escitalopram,Drug,escitalopram,,DrugBank|NCBI,
Drug:DB01177,Idarubicin,Drug,idarubicin,,DrugBank|NCBI,
Drug:DB01182,Propafenone,Drug,propafenone,,DrugBank|NCBI,
Drug:DB01191,Dexfenfluramine,Drug,dexfenfluramine,,DrugBank|NCBI,
Drug:DB01192,Oxymorphone,Drug,oxymorphone,,DrugBank|NCBI,
Drug:DB01193,Acebutolol,Drug,acebutolol,,DrugBank|NCBI,
Drug:DB01206,Lomustine,Drug,lomustine,,DrugBank|NCBI,
Drug:DB01210,Levobunolol,Drug,levobunolol,,DrugBank|NCBI,
Drug:DB01214,Metipranolol,Drug,metipranolol,,DrugBank|NCBI,
Drug:DB01228,Encainide,Drug,encainide,,DrugBank|NCBI,
Drug:DB01233,Metoclopramide,Drug,metoclopramide,,DrugBank|NCBI,
Drug:DB01244,Bepridil,Drug,bepridil,,DrugBank|NCBI,
Drug:DB01255,Lisdexamfetamine,Drug,lisdexamfetamine,,DrugBank|NCBI,
Drug:DB01274,Arformoterol,Drug,arformoterol,,DrugBank|NCBI,
Drug:DB01295,Bevantolol,Drug,bevantolol,,DrugBank|NCBI,
Drug:DB01297,Practolol,Drug,practolol,,DrugBank|NCBI,
Drug:DB01323,St. John's Wort,Drug,st. john's wort,,DrugBank|NCBI,
Drug:DB01359,Penbutolol,Drug,penbutolol,,DrugBank|NCBI,
Drug:DB01392,Yohimbine,Drug,yohimbine,,DrugBank|NCBI,
Drug:DB01403,Methotrimeprazine,Drug,methotrimeprazine,,DrugBank|NCBI,
Drug:DB01409,Tiotropium,Drug,tiotropium,,DrugBank|NCBI,
Drug:DB01410,Ciclesonide,Drug,ciclesonide,,DrugBank|NCBI,
Drug:DB01429,Aprindine,Drug,aprindine,,DrugBank|NCBI,
Drug:DB01435,Antipyrine,Drug,antipyrine,,DrugBank|NCBI,
Drug:DB01454,Midomafetamine,Drug,midomafetamine,,DrugBank|NCBI,
Drug:DB01466,Ethylmorphine,Drug,ethylmorphine,,DrugBank|NCBI,
Drug:DB01472,4-Methoxyamphetamine,Drug,4-methoxyamphetamine,,DrugBank|NCBI,
Drug:DB01551,Dihydrocodeine,Drug,dihydrocodeine,,DrugBank|NCBI,
Drug:DB01562,1-(2-Phenylethyl)-4-phenyl-4-acetoxypiperidine,Drug,1-(2-phenylethyl)-4-phenyl-4-acetoxypiperidine,,DrugBank|NCBI,
Drug:DB01576,Dextroamphetamine,Drug,dextroamphetamine,,DrugBank|NCBI,
Drug:DB01577,Metamfetamine,Drug,metamfetamine,,DrugBank|NCBI,
Drug:DB01580,Oxprenolol,Drug,oxprenolol,,DrugBank|NCBI,
Drug:DB01590,Everolimus,Drug,everolimus,,DrugBank|MONDO|NCBI,
Drug:DB01591,Solifenacin,Drug,solifenacin,,DrugBank|NCBI,
Drug:DB01624,Zuclopenthixol,Drug,zuclopenthixol,,DrugBank|MONDO_grouped|NCBI,
Drug:DB01628,Etoricoxib,Drug,etoricoxib,,DrugBank|NCBI,
Drug:DB02701,Nicotinamide,Drug,nicotinamide,,DrugBank|NCBI,
Drug:DB02703,Fusidic acid,Drug,fusidic acid,,DrugBank|NCBI,
Drug:DB03783,Phenacetin,Drug,phenacetin,,DrugBank|NCBI,
Drug:DB04829,Lysergic acid diethylamide,Drug,lysergic acid diethylamide,,DrugBank|NCBI,
Drug:DB04840,Debrisoquine,Drug,debrisoquine,,DrugBank|NCBI,
Drug:DB04841,Flunarizine,Drug,flunarizine,,DrugBank|NCBI,
Drug:DB04844,Tetrabenazine,Drug,tetrabenazine,,DrugBank|NCBI,
Drug:DB04846,Celiprolol,Drug,celiprolol,,DrugBank|NCBI,
Drug:DB04868,Nilotinib,Drug,nilotinib,,DrugBank|NCBI,
Drug:DB04871,Lorcaserin,Drug,lorcaserin,,DrugBank|NCBI,
Drug:DB04884,Dapoxetine,Drug,dapoxetine,,DrugBank|NCBI,
Drug:DB04905,Tesmilifene,Drug,tesmilifene,,DrugBank|NCBI,
Drug:DB04938,Ospemifene,Drug,ospemifene,,DrugBank|NCBI,
Drug:DB04948,Lofexidine,Drug,lofexidine,,DrugBank|NCBI,
Drug:DB05271,Rotigotine,Drug,rotigotine,,DrugBank|NCBI,
Drug:DB06016,Cariprazine,Drug,cariprazine,,DrugBank|MONDO_grouped|NCBI,
Drug:DB06137,KX-01,Drug,kx-01,,DrugBank|NCBI,
Drug:DB06144,Sertindole,Drug,sertindole,,DrugBank|MONDO_grouped|NCBI,
Drug:DB06148,Mianserin,Drug,mianserin,,DrugBank|NCBI,
Drug:DB06203,Alogliptin,Drug,alogliptin,,DrugBank|NCBI,
Drug:DB06204,Tapentadol,Drug,tapentadol,,DrugBank|NCBI,
Drug:DB06217,Vernakalant,Drug,vernakalant,,DrugBank|NCBI,
Drug:DB06292,Dapagliflozin,Drug,dapagliflozin,,DrugBank|NCBI,
Drug:DB06370,Indisulam,Drug,indisulam,,DrugBank|NCBI,
Drug:DB06506,Repinotan,Drug,repinotan,,DrugBank|NCBI,
Drug:DB06512,Deramciclane,Drug,deramciclane,,DrugBank|NCBI,
Drug:DB06589,Pazopanib,Drug,pazopanib,,DrugBank|NCBI,
Drug:DB06603,Panobinostat,Drug,panobinostat,,DrugBank|NCBI,
Drug:DB06608,Tafenoquine,Drug,tafenoquine,,DrugBank|NCBI,
Drug:DB06678,Esmirtazapine,Drug,esmirtazapine,,DrugBank|NCBI,
Drug:DB06684,Vilazodone,Drug,vilazodone,,DrugBank|NCBI,
Drug:DB06691,Mepyramine,Drug,mepyramine,,DrugBank|NCBI,
Drug:DB06700,Desvenlafaxine,Drug,desvenlafaxine,,DrugBank|NCBI,
Drug:DB06702,Fesoterodine,Drug,fesoterodine,,DrugBank|NCBI,
Drug:DB06708,Lumefantrine,Drug,lumefantrine,,DrugBank|NCBI,
Drug:DB06726,Bufuralol,Drug,bufuralol,,DrugBank|NCBI,
Drug:DB06727,Sparteine,Drug,sparteine,,DrugBank|NCBI,
Drug:DB06729,Sulfaphenazole,Drug,sulfaphenazole,,DrugBank|NCBI,
Drug:DB06735,Enclomiphene,Drug,enclomiphene,,DrugBank|NCBI,
Drug:DB06819,Phenylbutyric acid,Drug,phenylbutyric acid,,DrugBank|NCBI,
Drug:DB06820,Sulconazole,Drug,sulconazole,,DrugBank|NCBI,
Drug:DB08807,Bopindolol,Drug,bopindolol,,DrugBank|NCBI,
Drug:DB08808,Bupranolol,Drug,bupranolol,,DrugBank|NCBI,
Drug:DB08909,Glycerol phenylbutyrate,Drug,glycerol phenylbutyrate,,DrugBank|NCBI,
Drug:DB08918,Levomilnacipran,Drug,levomilnacipran,,DrugBank|NCBI,
Drug:DB08922,Perospirone,Drug,perospirone,,DrugBank|MONDO_grouped|NCBI,
Drug:DB08952,Indenolol,Drug,indenolol,,DrugBank|NCBI,
Drug:DB09013,Befunolol,Drug,befunolol,,DrugBank|NCBI,
Drug:DB09039,Eliglustat,Drug,eliglustat,,DrugBank|NCBI,
Drug:DB09048,Netupitant,Drug,netupitant,,DrugBank|NCBI,
Drug:DB09049,Naloxegol,Drug,naloxegol,,DrugBank|NCBI,
Drug:DB09076,Umeclidinium,Drug,umeclidinium,,DrugBank|NCBI,
Drug:DB09078,Lenvatinib,Drug,lenvatinib,,DrugBank|NCBI,
Drug:DB09118,Stiripentol,Drug,stiripentol,,DrugBank|NCBI,
Drug:DB09128,Brexpiprazole,Drug,brexpiprazole,,DrugBank|MONDO_grouped|NCBI,
Drug:DB09167,Dosulepin,Drug,dosulepin,,DrugBank|NCBI,
Drug:DB09173,Butyrfentanyl,Drug,butyrfentanyl,,DrugBank|NCBI,
Drug:DB09183,Dasabuvir,Drug,dasabuvir,,DrugBank|NCBI,
Drug:DB09224,Melperone,Drug,melperone,,DrugBank|NCBI,
Drug:DB09238,Manidipine,Drug,manidipine,,DrugBank|NCBI,
Drug:DB09291,Rolapitant,Drug,rolapitant,,DrugBank|NCBI,
Drug:DB09351,Levobetaxolol,Drug,levobetaxolol,,DrugBank|NCBI,
Drug:DB09570,Ixazomib,Drug,ixazomib,,DrugBank|NCBI,
Drug:DB11614,Rupatadine,Drug,rupatadine,,DrugBank|NCBI,
Drug:DB11638,Artenimol,Drug,artenimol,,DrugBank|NCBI,
Drug:DB11718,Encorafenib,Drug,encorafenib,,DrugBank|NCBI,
Drug:DB11732,Lasmiditan,Drug,lasmiditan,,DrugBank|NCBI,
Drug:DB11770,Talinolol,Drug,talinolol,,DrugBank|NCBI,
Drug:DB11785,Anisodamine,Drug,anisodamine,,DrugBank|NCBI,
Drug:DB11979,Elagolix,Drug,elagolix,,DrugBank|NCBI,
Drug:DB12212,Landiolol,Drug,landiolol,,DrugBank|NCBI,
Drug:DB12499,Clascoterone,Drug,clascoterone,,DrugBank|NCBI,
Drug:DB12500,Fedratinib,Drug,fedratinib,,DrugBank|NCBI,
Drug:DB12523,Mizolastine,Drug,mizolastine,,DrugBank|NCBI,
Drug:DB12693,Ritanserin,Drug,ritanserin,,DrugBank|NCBI,
Drug:DB12752,Bucindolol,Drug,bucindolol,,DrugBank|NCBI,
Drug:DB13139,Levosalbutamol,Drug,levosalbutamol,,DrugBank|NCBI,
Drug:DB13174,Rhein,Drug,rhein,,DrugBank|NCBI,
Drug:DB13293,Ipecac,Drug,ipecac,,DrugBank|NCBI,
Drug:DB13443,Esatenolol,Drug,esatenolol,,DrugBank|NCBI,
Drug:DB13508,Cloranolol,Drug,cloranolol,,DrugBank|NCBI,
Drug:DB13530,Mepindolol,Drug,mepindolol,,DrugBank|NCBI,
Drug:DB13679,Dexchlorpheniramine,Drug,dexchlorpheniramine,,DrugBank|NCBI,
Drug:DB13757,Epanolol,Drug,epanolol,,DrugBank|NCBI,
Drug:DB13775,Tertatolol,Drug,tertatolol,,DrugBank|NCBI,
Drug:DB13874,Enasidenib,Drug,enasidenib,,DrugBank|NCBI,
Drug:DB13975,Black cohosh,Drug,black cohosh,,DrugBank|NCBI,
Drug:DB14010,"5-methoxy-N,N-dimethyltryptamine",Drug,"5-methoxy-n,n-dimethyltryptamine",,DrugBank|NCBI,
Drug:DB14025,Clinafloxacin,Drug,clinafloxacin,,DrugBank|NCBI,
Drug:DB14761,Remdesivir,Drug,remdesivir,,DrugBank|NCBI,
Drug:DB14881,Oliceridine,Drug,oliceridine,,DrugBank|NCBI,
Drug:DB15091,Upadacitinib,Drug,upadacitinib,,DrugBank|NCBI,
Gene:6647,SOD1,Gene,SOD1,,DrugBank|MONDO|NCBI|REACTOME,
Drug:DB00008,Peginterferon alfa-2a,Drug,peginterferon alfa-2a,,DrugBank|NCBI,
Gene:1544,CYP1A2,Gene,CYP1A2,,DrugBank|MONDO|MONDO_grouped|NCBI|REACTOME,
Drug:DB00011,Interferon alfa-n1,Drug,interferon alfa-n1,,DrugBank|NCBI,
Drug:DB00018,Interferon alfa-n3,Drug,interferon alfa-n3,,DrugBank|NCBI,
Drug:DB00033,Interferon gamma-1b,Drug,interferon gamma-1b,,DrugBank|NCBI,
Drug:DB00034,"Interferon alfa-2a, Recombinant",Drug,"interferon alfa-2a, recombinant",,DrugBank|NCBI,
Drug:DB00046,Insulin lispro,Drug,insulin lispro,,DrugBank|NCBI,
Drug:DB00047,Insulin glargine,Drug,insulin glargine,,DrugBank|NCBI,
Drug:DB00060,Interferon beta-1a,Drug,interferon beta-1a,,DrugBank|NCBI,
Drug:DB00068,Interferon beta-1b,Drug,interferon beta-1b,,DrugBank|NCBI,
Drug:DB00069,Interferon alfacon-1,Drug,interferon alfacon-1,,DrugBank|NCBI,
Drug:DB00071,Insulin pork,Drug,insulin pork,,DrugBank|NCBI,
Drug:DB00105,Interferon alfa-2b,Drug,interferon alfa-2b,,DrugBank|NCBI,
Drug:DB00218,Moxifloxacin,Drug,moxifloxacin,,DrugBank|NCBI,
Drug:DB00261,Anagrelide,Drug,anagrelide,,DrugBank|NCBI,
Drug:DB00268,Ropinirole,Drug,ropinirole,,DrugBank|NCBI,
Drug:DB00280,Disopyramide,Drug,disopyramide,,DrugBank|NCBI,
Drug:DB00296,Ropivacaine,Drug,ropivacaine,,DrugBank|NCBI,
Drug:DB00365,Grepafloxacin,Drug,grepafloxacin,,DrugBank|NCBI,
Drug:DB00382,Tacrine,Drug,tacrine,,DrugBank|NCBI,
Drug:DB00384,Triamterene,Drug,triamterene,,DrugBank|NCBI,
Drug:DB00400,Griseofulvin,Drug,griseofulvin,,DrugBank|NCBI,
Drug:DB00418,Secobarbital,Drug,secobarbital,,DrugBank|NCBI,
Drug:DB00428,Streptozocin,Drug,streptozocin,,DrugBank|NCBI,
Drug:DB00440,Trimethoprim,Drug,trimethoprim,,DrugBank|NCBI,
Drug:DB00467,Enoxacin,Drug,enoxacin,,DrugBank|NCBI,
Drug:DB00487,Pefloxacin,Drug,pefloxacin,,DrugBank|NCBI,
Drug:DB00518,Albendazole,Drug,albendazole,,DrugBank|NCBI,
Drug:DB00553,Methoxsalen,Drug,methoxsalen,,DrugBank|NCBI,
Drug:DB00629,Guanabenz,Drug,guanabenz,,DrugBank|NCBI,
Drug:DB00685,Trovafloxacin,Drug,trovafloxacin,,DrugBank|NCBI,
Drug:DB00697,Tizanidine,Drug,tizanidine,,DrugBank|NCBI,
Drug:DB00730,Thiabendazole,Drug,thiabendazole,,DrugBank|NCBI,
Drug:DB00740,Riluzole,Drug,riluzole,,DrugBank|NCBI,
Drug:DB00772,Malathion,Drug,malathion,,DrugBank|NCBI,
Drug:DB00779,Nalidixic acid,Drug,nalidixic acid,,DrugBank|NCBI,
Drug:DB00794,Primidone,Drug,primidone,,DrugBank|NCBI,
Drug:DB00806,Pentoxifylline,Drug,pentoxifylline,,DrugBank|NCBI,
Drug:DB00817,Rosoxacin,Drug,rosoxacin,,DrugBank|NCBI,
Drug:DB00827,Cinoxacin,Drug,cinoxacin,,DrugBank|NCBI,
Drug:DB00851,Dacarbazine,Drug,dacarbazine,,DrugBank|NCBI,
Drug:DB00927,Famotidine,Drug,famotidine,,DrugBank|NCBI,
Drug:DB00969,Alosetron,Drug,alosetron,,DrugBank|NCBI,
Drug:DB00978,Lomefloxacin,Drug,lomefloxacin,,DrugBank|NCBI,
Drug:DB00980,Ramelteon,Drug,ramelteon,,DrugBank|NCBI,
Drug:DB00998,Frovatriptan,Drug,frovatriptan,,DrugBank|NCBI,
Drug:DB01002,Levobupivacaine,Drug,levobupivacaine,,DrugBank|NCBI,
Drug:DB01059,Norfloxacin,Drug,norfloxacin,,DrugBank|NCBI,
Drug:DB01094,Hesperetin,Drug,hesperetin,,DrugBank|NCBI,
Drug:DB01097,Leflunomide,Drug,leflunomide,,DrugBank|NCBI,
Drug:DB01155,Gemifloxacin,Drug,gemifloxacin,,DrugBank|NCBI,
Drug:DB01165,Ofloxacin,Drug,ofloxacin,,DrugBank|NCBI,
Drug:DB01208,Sparfloxacin,Drug,sparfloxacin,,DrugBank|NCBI,
Drug:DB01223,Aminophylline,Drug,aminophylline,,DrugBank|NCBI,
Drug:DB01283,Lumiracoxib,Drug,lumiracoxib,,DrugBank|NCBI,
Drug:DB01303,Oxtriphylline,Drug,oxtriphylline,,DrugBank|NCBI,
Drug:DB01306,Insulin aspart,Drug,insulin aspart,,DrugBank|NCBI,
Drug:DB01309,Insulin glulisine,Drug,insulin glulisine,,DrugBank|NCBI,
Drug:DB01367,Rasagiline,Drug,rasagiline,,DrugBank|NCBI,
Drug:DB01405,Temafloxacin,Drug,temafloxacin,,DrugBank|NCBI,
Drug:DB01412,Theobromine,Drug,theobromine,,DrugBank|NCBI,
Drug:DB01482,Fenethylline,Drug,fenethylline,,DrugBank|NCBI,
Drug:DB01558,Bromazepam,Drug,bromazepam,,DrugBank|NCBI,
Drug:DB01609,Deferasirox,Drug,deferasirox,,DrugBank|NCBI,
Drug:DB01667,8-azaguanine,Drug,8-azaguanine,,DrugBank|NCBI,
Drug:DB02134,Xanthine,Drug,xanthine,,DrugBank|NCBI,
Drug:DB02489,9-Methylguanine,Drug,9-methylguanine,,DrugBank|NCBI,
Drug:DB04076,Hypoxanthine,Drug,hypoxanthine,,DrugBank|NCBI,
Drug:DB04356,9-Deazaguanine,Drug,9-deazaguanine,,DrugBank|NCBI,
Drug:DB05015,Belinostat,Drug,belinostat,,DrugBank|NCBI,
Drug:DB05115,NN344,Drug,nn344,,DrugBank|NCBI,
Drug:DB05258,Interferon alfa,Drug,interferon alfa,,DrugBank|NCBI,
Drug:DB05396,Albinterferon Alfa-2B,Drug,albinterferon alfa-2b,,DrugBank|NCBI,
Drug:DB05488,Technetium Tc-99m ciprofloxacin,Drug,technetium tc-99m ciprofloxacin,,DrugBank|NCBI,
Drug:DB05676,Apremilast,Drug,apremilast,,DrugBank|NCBI,
Drug:DB05708,GTS-21,Drug,gts-21,,DrugBank|NCBI,
Drug:DB05928,Dovitinib,Drug,dovitinib,,DrugBank|NCBI,
Drug:DB05990,Obeticholic acid,Drug,obeticholic acid,,DrugBank|NCBI,
Drug:DB06160,Garenoxacin,Drug,garenoxacin,,DrugBank|NCBI,
Drug:DB06210,Eltrombopag,Drug,eltrombopag,,DrugBank|NCBI,
Drug:DB06235,Vadimezan,Drug,vadimezan,,DrugBank|NCBI,
Drug:DB06264,Tolperisone,Drug,tolperisone,,DrugBank|NCBI,
Drug:DB06442,Avasimibe,Drug,avasimibe,,DrugBank|NCBI,
Drug:DB06479,Propentofylline,Drug,propentofylline,,DrugBank|NCBI,
Drug:DB06510,Muraglitazar,Drug,muraglitazar,,DrugBank|NCBI,
Drug:DB06594,Agomelatine,Drug,agomelatine,,DrugBank|NCBI,
Drug:DB06600,Nemonoxacin,Drug,nemonoxacin,,DrugBank|NCBI,
Drug:DB06732,beta-Naphthoflavone,Drug,beta-naphthoflavone,,DrugBank|NCBI,
Drug:DB06769,Bendamustine,Drug,bendamustine,,DrugBank|NCBI,
Drug:DB06771,Besifloxacin,Drug,besifloxacin,,DrugBank|NCBI,
Drug:DB06803,Niclosamide,Drug,niclosamide,,DrugBank|NCBI,
Drug:DB08880,Teriflunomide,Drug,teriflunomide,,DrugBank|NCBI,
Drug:DB08910,Pomalidomide,Drug,pomalidomide,,DrugBank|NCBI,
Drug:DB08972,Flumequine,Drug,flumequine,,DrugBank|NCBI,
Drug:DB09071,Tasimelteon,Drug,tasimelteon,,DrugBank|NCBI,
Drug:DB09120,Zucapsaicin,Drug,zucapsaicin,,DrugBank|NCBI,
Drug:DB09122,Peginterferon beta-1a,Drug,peginterferon beta-1a,,DrugBank|NCBI,
Drug:DB09185,Viloxazine,Drug,viloxazine,,DrugBank|NCBI,
Drug:DB09198,Lobeglitazone,Drug,lobeglitazone,,DrugBank|NCBI,
Drug:DB09225,Zotepine,Drug,zotepine,,DrugBank|NCBI,
Drug:DB09273,Doxofylline,Drug,doxofylline,,DrugBank|NCBI,
Drug:DB09290,Ramosetron,Drug,ramosetron,,DrugBank|NCBI,
Drug:DB09330,Osimertinib,Drug,osimertinib,,DrugBank|NCBI,
Drug:DB09456,Insulin beef,Drug,insulin beef,,DrugBank|NCBI,
Drug:DB11198,Peppermint oil,Drug,peppermint oil,,DrugBank|NCBI,
Drug:DB11404,Enrofloxacin,Drug,enrofloxacin,,DrugBank|NCBI,
Drug:DB11443,Orbifloxacin,Drug,orbifloxacin,,DrugBank|NCBI,
Drug:DB11450,Pimobendan,Drug,pimobendan,,DrugBank|NCBI,
Drug:DB11491,Sarafloxacin,Drug,sarafloxacin,,DrugBank|NCBI,
Drug:DB11511,Difloxacin,Drug,difloxacin,,DrugBank|NCBI,
Drug:DB11567,Insulin peglispro,Drug,insulin peglispro,,DrugBank|NCBI,
Drug:DB11568,Insulin tregopil,Drug,insulin tregopil,,DrugBank|NCBI,
Drug:DB11774,Pazufloxacin,Drug,pazufloxacin,,DrugBank|NCBI,
Drug:DB11791,Capmatinib,Drug,capmatinib,,DrugBank|NCBI,
Drug:DB11892,Prulifloxacin,Drug,prulifloxacin,,DrugBank|NCBI,
Drug:DB11932,Abametapir,Drug,abametapir,,DrugBank|NCBI,
Drug:DB11967,Binimetinib,Drug,binimetinib,,DrugBank|NCBI,
Drug:DB12026,Voxilaprevir,Drug,voxilaprevir,,DrugBank|NCBI,
Drug:DB12406,Lisofylline,Drug,lisofylline,,DrugBank|NCBI,
Drug:DB12814,Cepeginterferon alfa-2B,Drug,cepeginterferon alfa-2b,,DrugBank|NCBI,
Drug:DB12945,Dihydralazine,Drug,dihydralazine,,DrugBank|NCBI,
Drug:DB13203,Bamifylline,Drug,bamifylline,,DrugBank|NCBI,
Drug:DB13261,Sitafloxacin,Drug,sitafloxacin,,DrugBank|NCBI,
Drug:DB13449,Proxyphylline,Drug,proxyphylline,,DrugBank|NCBI,
Drug:DB13573,Acefylline,Drug,acefylline,,DrugBank|NCBI,
Drug:DB13592,Etamiphylline,Drug,etamiphylline,,DrugBank|NCBI,
Drug:DB13627,Oxolinic acid,Drug,oxolinic acid,,DrugBank|NCBI,
Drug:DB13634,Pentifylline,Drug,pentifylline,,DrugBank|NCBI,
Drug:DB13772,Rufloxacin,Drug,rufloxacin,,DrugBank|NCBI,
Drug:DB13812,Bufylline,Drug,bufylline,,DrugBank|NCBI,
Drug:DB13823,Pipemidic acid,Drug,pipemidic acid,,DrugBank|NCBI,
Drug:DB14018,Bromotheophylline,Drug,bromotheophylline,,DrugBank|NCBI,
Drug:DB14029,Furafylline,Drug,furafylline,,DrugBank|NCBI,
Drug:DB14132,8-chlorotheophylline,Drug,8-chlorotheophylline,,DrugBank|NCBI,
Drug:DB15119,Ropeginterferon alfa-2b,Drug,ropeginterferon alfa-2b,,DrugBank|NCBI,
Drug:DB15131,Interferon alfa-2c,Drug,interferon alfa-2c,,DrugBank|NCBI,
Drug:DB00441,Gemcitabine,Drug,gemcitabine,,DrugBank|MONDO|NCBI,
Gene:978,CDA,Gene,CDA,,DrugBank|MONDO|NCBI|REACTOME,
Drug:DB00928,Azacitidine,Drug,azacitidine,,DrugBank|NCBI,
Drug:DB00987,Cytarabine,Drug,cytarabine,,DrugBank|NCBI,
Drug:DB01262,Decitabine,Drug,decitabine,,DrugBank|NCBI,
Drug:DB03185,"1-Beta-Ribofuranosyl-1,3-Diazepinone",Drug,"1-beta-ribofuranosyl-1,3-diazepinone",,DrugBank|NCBI,
Gene:1576,CYP3A4,Gene,CYP3A4,,DrugBank|MONDO|MONDO_grouped|NCBI|REACTOME,
Drug:DB00180,Flunisolide,Drug,flunisolide,,DrugBank|NCBI,
Drug:DB00186,Lorazepam,Drug,lorazepam,,DrugBank|NCBI,
Drug:DB00191,Phentermine,Drug,phentermine,,DrugBank|NCBI,
Drug:DB00204,Dofetilide,Drug,dofetilide,,DrugBank|NCBI,
Drug:DB00207,Azithromycin,Drug,azithromycin,,DrugBank|NCBI,
Drug:DB00213,Pantoprazole,Drug,pantoprazole,,DrugBank|NCBI,
Drug:DB00231,Temazepam,Drug,temazepam,,DrugBank|NCBI,
Drug:DB00239,Oxiconazole,Drug,oxiconazole,,DrugBank|NCBI,
Drug:DB00240,Alclometasone,Drug,alclometasone,,DrugBank|NCBI,
Drug:DB00247,Methysergide,Drug,methysergide,,DrugBank|NCBI,
Drug:DB00248,Cabergoline,Drug,cabergoline,,DrugBank|NCBI,
Drug:DB00254,Doxycycline,Drug,doxycycline,,DrugBank|NCBI,
Drug:DB00270,Isradipine,Drug,isradipine,,DrugBank|NCBI,
Drug:DB00301,Flucloxacillin,Drug,flucloxacillin,,DrugBank|NCBI,
Drug:DB00307,Bexarotene,Drug,bexarotene,,DrugBank|NCBI,
Drug:DB00309,Vindesine,Drug,vindesine,,DrugBank|MONDO|NCBI,
Drug:DB00312,Pentobarbital,Drug,pentobarbital,,DrugBank|NCBI,
Drug:DB00320,Dihydroergotamine,Drug,dihydroergotamine,,DrugBank|NCBI,
Drug:DB00337,Pimecrolimus,Drug,pimecrolimus,,DrugBank|NCBI,
Drug:DB00346,Alfuzosin,Drug,alfuzosin,,DrugBank|NCBI,
Drug:DB00347,Trimethadione,Drug,trimethadione,,DrugBank|NCBI,
Drug:DB00351,Megestrol acetate,Drug,megestrol acetate,,DrugBank|MONDO|NCBI,
Drug:DB00353,Methylergometrine,Drug,methylergometrine,,DrugBank|NCBI,
Drug:DB00357,Aminoglutethimide,Drug,aminoglutethimide,,DrugBank|NCBI,
Drug:DB00359,Sulfadiazine,Drug,sulfadiazine,,DrugBank|NCBI,
Drug:DB00378,Dydrogesterone,Drug,dydrogesterone,,DrugBank|NCBI,
Drug:DB00393,Nimodipine,Drug,nimodipine,,DrugBank|NCBI,
Drug:DB00402,Eszopiclone,Drug,eszopiclone,,DrugBank|NCBI,
Drug:DB00485,Dicloxacillin,Drug,dicloxacillin,,DrugBank|NCBI,
Drug:DB00520,Caspofungin,Drug,caspofungin,,DrugBank|NCBI,
Drug:DB00539,Toremifene,Drug,toremifene,,DrugBank|NCBI,
Drug:DB00546,Adinazolam,Drug,adinazolam,,DrugBank|NCBI,
Drug:DB00559,Bosentan,Drug,bosentan,,DrugBank|NCBI,
Drug:DB00580,Valdecoxib,Drug,valdecoxib,,DrugBank|NCBI,
Drug:DB00589,Lisuride,Drug,lisuride,,DrugBank|NCBI,
Drug:DB00591,Fluocinolone acetonide,Drug,fluocinolone acetonide,,DrugBank|NCBI,
Drug:DB00593,Ethosuximide,Drug,ethosuximide,,DrugBank|NCBI,
Drug:DB00602,Ivermectin,Drug,ivermectin,,DrugBank|NCBI,
Drug:DB00612,Bisoprolol,Drug,bisoprolol,,DrugBank|NCBI,
Drug:DB00615,Rifabutin,Drug,rifabutin,,DrugBank|NCBI,
Drug:DB00617,Paramethadione,Drug,paramethadione,,DrugBank|NCBI,
Drug:DB00628,Clorazepic acid,Drug,clorazepic acid,,DrugBank|NCBI,
Drug:DB00663,Flumethasone,Drug,flumethasone,,DrugBank|NCBI,
Drug:DB00673,Aprepitant,Drug,aprepitant,,DrugBank|NCBI,
Drug:DB00681,Amphotericin B,Drug,amphotericin b,,DrugBank|NCBI,
Drug:DB00690,Flurazepam,Drug,flurazepam,,DrugBank|NCBI,
Drug:DB00696,Ergotamine,Drug,ergotamine,,DrugBank|NCBI,
Drug:DB00708,Sufentanil,Drug,sufentanil,,DrugBank|NCBI,
Drug:DB00719,Azatadine,Drug,azatadine,,DrugBank|NCBI,
Drug:DB00724,Imiquimod,Drug,imiquimod,,DrugBank|NCBI,
Drug:DB00736,Esomeprazole,Drug,esomeprazole,,DrugBank|NCBI,
Drug:DB00769,Hydrocortamate,Drug,hydrocortamate,,DrugBank|NCBI,
Drug:DB00778,Roxithromycin,Drug,roxithromycin,,DrugBank|NCBI,
Drug:DB00812,Phenylbutazone,Drug,phenylbutazone,,DrugBank|NCBI,
Drug:DB00819,Acetazolamide,Drug,acetazolamide,,DrugBank|NCBI,
Drug:DB00823,Ethynodiol diacetate,Drug,ethynodiol diacetate,,DrugBank|MONDO|MONDO_grouped|NCBI,
Drug:DB00825,Levomenthol,Drug,levomenthol,,DrugBank|NCBI,
Drug:DB00826,Natamycin,Drug,natamycin,,DrugBank|NCBI,
Drug:DB00846,Flurandrenolide,Drug,flurandrenolide,,DrugBank|NCBI,
Drug:DB00865,Benzphetamine,Drug,benzphetamine,,DrugBank|NCBI,
Drug:DB00872,Conivaptan,Drug,conivaptan,,DrugBank|NCBI,
Drug:DB00889,Granisetron,Drug,granisetron,,DrugBank|NCBI,
Drug:DB00906,Tiagabine,Drug,tiagabine,,DrugBank|NCBI,
Drug:DB00911,Tinidazole,Drug,tinidazole,,DrugBank|NCBI,
Drug:DB00947,Fulvestrant,Drug,fulvestrant,,DrugBank|NCBI,
Drug:DB00949,Felbamate,Drug,felbamate,,DrugBank|NCBI,
Drug:DB00954,Dirithromycin,Drug,dirithromycin,,DrugBank|NCBI,
Drug:DB00973,Ezetimibe,Drug,ezetimibe,,DrugBank|NCBI,
Drug:DB00976,Telithromycin,Drug,telithromycin,,DrugBank|NCBI,
Drug:DB01001,Salbutamol,Drug,salbutamol,,DrugBank|NCBI,
Drug:DB01011,Metyrapone,Drug,metyrapone,,DrugBank|NCBI,
Drug:DB01018,Guanfacine,Drug,guanfacine,,DrugBank|NCBI,
Drug:DB01030,Topotecan,Drug,topotecan,,DrugBank|MONDO|NCBI,
Drug:DB01049,Ergoloid mesylate,Drug,ergoloid mesylate,,DrugBank|NCBI,
Drug:DB01085,Pilocarpine,Drug,pilocarpine,,DrugBank|NCBI,
Drug:DB01105,Sibutramine,Drug,sibutramine,,DrugBank|NCBI,
Drug:DB01117,Atovaquone,Drug,atovaquone,,DrugBank|NCBI,
Drug:DB01130,Prednicarbate,Drug,prednicarbate,,DrugBank|NCBI,
Drug:DB01134,Desoxycorticosterone pivalate,Drug,desoxycorticosterone pivalate,,DrugBank|NCBI,
Drug:DB01138,Sulfinpyrazone,Drug,sulfinpyrazone,,DrugBank|NCBI,
Drug:DB01152,Candicidin,Drug,candicidin,,DrugBank|NCBI,
Drug:DB01154,Thiamylal,Drug,thiamylal,,DrugBank|NCBI,
Drug:DB01186,Pergolide,Drug,pergolide,,DrugBank|NCBI,
Drug:DB01194,Brinzolamide,Drug,brinzolamide,,DrugBank|NCBI,
Drug:DB01196,Estramustine,Drug,estramustine,,DrugBank|MONDO|NCBI,
Drug:DB01200,Bromocriptine,Drug,bromocriptine,,DrugBank|NCBI,
Drug:DB01201,Rifapentine,Drug,rifapentine,,DrugBank|NCBI,
Drug:DB01215,Estazolam,Drug,estazolam,,DrugBank|NCBI,
Drug:DB01220,Rifaximin,Drug,rifaximin,,DrugBank|NCBI,
Drug:DB01227,Levacetylmethadol,Drug,levacetylmethadol,,DrugBank|NCBI,
Drug:DB01253,Ergometrine,Drug,ergometrine,,DrugBank|NCBI,
Drug:DB01256,Retapamulin,Drug,retapamulin,,DrugBank|NCBI,
Drug:DB01260,Desonide,Drug,desonide,,DrugBank|NCBI,
Drug:DB01261,Sitagliptin,Drug,sitagliptin,,DrugBank|NCBI,
Drug:DB01263,Posaconazole,Drug,posaconazole,,DrugBank|NCBI,
Drug:DB01319,Fosamprenavir,Drug,fosamprenavir,,DrugBank|NCBI,
Drug:DB01333,Cefradine,Drug,cefradine,,DrugBank|NCBI,
Drug:DB01349,Tasosartan,Drug,tasosartan,,DrugBank|NCBI,
Drug:DB01352,Aprobarbital,Drug,aprobarbital,,DrugBank|NCBI,
Drug:DB01357,Mestranol,Drug,mestranol,,DrugBank|MONDO|MONDO_grouped|NCBI,
Drug:DB01369,Quinupristin,Drug,quinupristin,,DrugBank|NCBI,
Drug:DB01381,Ginkgo biloba,Drug,ginkgo biloba,,DrugBank|NCBI,
Drug:DB01393,Bezafibrate,Drug,bezafibrate,,DrugBank|NCBI,
Drug:DB01411,Pranlukast,Drug,pranlukast,,DrugBank|NCBI,
Drug:DB01456,5-androstenedione,Drug,5-androstenedione,,DrugBank|NCBI,
Drug:DB01483,Barbital,Drug,barbital,,DrugBank|NCBI,
Drug:DB01536,Androstenedione,Drug,androstenedione,,DrugBank|NCBI,
Drug:DB01544,Flunitrazepam,Drug,flunitrazepam,,DrugBank|NCBI,
Drug:DB01559,Clotiazepam,Drug,clotiazepam,,DrugBank|NCBI,
Drug:DB01588,Prazepam,Drug,prazepam,,DrugBank|NCBI,
Drug:DB01589,Quazepam,Drug,quazepam,,DrugBank|NCBI,
Drug:DB01595,Nitrazepam,Drug,nitrazepam,,DrugBank|NCBI,
Drug:DB01656,Roflumilast,Drug,roflumilast,,DrugBank|NCBI,
Drug:DB01698,Rutin,Drug,rutin,,DrugBank|NCBI,
Drug:DB01764,Dalfopristin,Drug,dalfopristin,,DrugBank|NCBI,
Drug:DB01873,Epothilone D,Drug,epothilone d,,DrugBank|NCBI,
Drug:DB02187,Equilin,Drug,equilin,,DrugBank|NCBI,
Drug:DB02789,Pregnenolone,Drug,pregnenolone,,DrugBank|NCBI,
Drug:DB03010,Patupilone,Drug,patupilone,,DrugBank|NCBI,
Drug:DB03515,Equilenin,Drug,equilenin,,DrugBank|NCBI,
Drug:DB03701,Vanoxerine,Drug,vanoxerine,,DrugBank|NCBI,
Drug:DB04070,6-Deoxyerythronolide B,Drug,6-deoxyerythronolide b,,DrugBank|NCBI,
Drug:DB04652,Corticosterone,Drug,corticosterone,,DrugBank|NCBI,
Drug:DB04743,Nimesulide,Drug,nimesulide,,DrugBank|NCBI,
Drug:DB04817,Metamizole,Drug,metamizole,,DrugBank|NCBI,
Drug:DB04825,Prenylamine,Drug,prenylamine,,DrugBank|NCBI,
Drug:DB04832,Zimelidine,Drug,zimelidine,,DrugBank|NCBI,
Drug:DB04833,Methaqualone,Drug,methaqualone,,DrugBank|NCBI,
Drug:DB04835,Maraviroc,Drug,maraviroc,,DrugBank|NCBI,
Drug:DB04838,Cyclandelate,Drug,cyclandelate,,DrugBank|NCBI,
Drug:DB04842,Fluspirilene,Drug,fluspirilene,,DrugBank|MONDO_grouped|NCBI,
Drug:DB04845,Ixabepilone,Drug,ixabepilone,,DrugBank|MONDO|NCBI,
Drug:DB04886,Calanolide A,Drug,calanolide a,,DrugBank|NCBI,
Drug:DB04894,Vapreotide,Drug,vapreotide,,DrugBank|NCBI,
Drug:DB04896,Milnacipran,Drug,milnacipran,,DrugBank|NCBI,
Drug:DB04908,Flibanserin,Drug,flibanserin,,DrugBank|NCBI,
Drug:DB04934,Rifalazil,Drug,rifalazil,,DrugBank|NCBI,
Drug:DB04975,Banoxantrone,Drug,banoxantrone,,DrugBank|NCBI,
Drug:DB05039,Indacaterol,Drug,indacaterol,,DrugBank|NCBI,
Drug:DB05154,Pretomanid,Drug,pretomanid,,DrugBank|NCBI,
Drug:DB05212,HE3286,Drug,he3286,,DrugBank|NCBI,
Drug:DB05351,Dexlansoprazole,Drug,dexlansoprazole,,DrugBank|NCBI,
Drug:DB05482,7-ethyl-10-hydroxycamptothecin,Drug,7-ethyl-10-hydroxycamptothecin,,DrugBank|NCBI,
Drug:DB05541,Brivaracetam,Drug,brivaracetam,,DrugBank|NCBI,
Drug:DB05814,GPI-1485,Drug,gpi-1485,,DrugBank|NCBI,
Drug:DB05885,Seletracetam,Drug,seletracetam,,DrugBank|NCBI,
Drug:DB05903,KOS-1584,Drug,kos-1584,,DrugBank|NCBI,
Drug:DB06155,Rimonabant,Drug,rimonabant,,DrugBank|NCBI,
Drug:DB06174,Noscapine,Drug,noscapine,,DrugBank|NCBI,
Drug:DB06207,Silodosin,Drug,silodosin,,DrugBank|NCBI,
Drug:DB06212,Tolvaptan,Drug,tolvaptan,,DrugBank|NCBI,
Drug:DB06218,Lacosamide,Drug,lacosamide,,DrugBank|NCBI,
Drug:DB06233,Ridaforolimus,Drug,ridaforolimus,,DrugBank|NCBI,
Drug:DB06237,Avanafil,Drug,avanafil,,DrugBank|NCBI,
Drug:DB06268,Sitaxentan,Drug,sitaxentan,,DrugBank|NCBI,
Drug:DB06273,Tocilizumab,Drug,tocilizumab,,DrugBank|NCBI,
Drug:DB06318,AVE9633,Drug,ave9633,,DrugBank|NCBI,
Drug:DB06342,Coltuximab ravtansine,Drug,coltuximab ravtansine,,DrugBank|NCBI,
Drug:DB06414,Etravirine,Drug,etravirine,,DrugBank|NCBI,
Drug:DB06446,Dotarizine,Drug,dotarizine,,DrugBank|NCBI,
Drug:DB06458,Remacemide,Drug,remacemide,,DrugBank|NCBI,
Drug:DB06469,Lestaurtinib,Drug,lestaurtinib,,DrugBank|NCBI,
Drug:DB06470,Clomethiazole,Drug,clomethiazole,,DrugBank|NCBI,
Drug:DB06587,Mitemcinal,Drug,mitemcinal,,DrugBank|NCBI,
Drug:DB06616,Bosutinib,Drug,bosutinib,,DrugBank|NCBI,
Drug:DB06636,Isavuconazonium,Drug,isavuconazonium,,DrugBank|NCBI,
Drug:DB06663,Pasireotide,Drug,pasireotide,,DrugBank|NCBI,
Drug:DB06670,Odanacatib,Drug,odanacatib,,DrugBank|NCBI,
Drug:DB06685,Laquinimod,Drug,laquinimod,,DrugBank|NCBI,
Drug:DB06712,Nilvadipine,Drug,nilvadipine,,DrugBank|NCBI,
Drug:DB06713,Norelgestromin,Drug,norelgestromin,,DrugBank|MONDO|MONDO_grouped|NCBI,
Drug:DB06717,Fosaprepitant,Drug,fosaprepitant,,DrugBank|NCBI,
Drug:DB06742,Ambroxol,Drug,ambroxol,,DrugBank|NCBI,
Drug:DB06762,Pinacidil,Drug,pinacidil,,DrugBank|NCBI,
Drug:DB06777,Chenodeoxycholic acid,Drug,chenodeoxycholic acid,,DrugBank|NCBI,
Drug:DB06780,Desoxycorticosterone acetate,Drug,desoxycorticosterone acetate,,DrugBank|NCBI,
Drug:DB06781,Difluprednate,Drug,difluprednate,,DrugBank|NCBI,
Drug:DB06786,Halcinonide,Drug,halcinonide,,DrugBank|NCBI,
Drug:DB06791,Lanreotide,Drug,lanreotide,,DrugBank|NCBI,
Drug:DB07348,Brefeldin A,Drug,brefeldin a,,DrugBank|NCBI,
Drug:DB07615,Tranilast,Drug,tranilast,,DrugBank|NCBI,
Drug:DB08439,Parecoxib,Drug,parecoxib,,DrugBank|NCBI,
Drug:DB08502,Capravirine,Drug,capravirine,,DrugBank|NCBI,
Drug:DB08811,Tofisopam,Drug,tofisopam,,DrugBank|NCBI,
Drug:DB08815,Lurasidone,Drug,lurasidone,,DrugBank|MONDO_grouped|NCBI,
Drug:DB08827,Lomitapide,Drug,lomitapide,,DrugBank|NCBI,
Drug:DB08833,Taurochenodeoxycholic acid,Drug,taurochenodeoxycholic acid,,DrugBank|NCBI,
Drug:DB08838,Agmatine,Drug,agmatine,,DrugBank|NCBI,
Drug:DB08870,Brentuximab vedotin,Drug,brentuximab vedotin,,DrugBank|NCBI,
Drug:DB08874,Fidaxomicin,Drug,fidaxomicin,,DrugBank|NCBI,
Drug:DB08875,Cabozantinib,Drug,cabozantinib,,DrugBank|NCBI,
Drug:DB08877,Ruxolitinib,Drug,ruxolitinib,,DrugBank|NCBI,
Drug:DB08882,Linagliptin,Drug,linagliptin,,DrugBank|NCBI,
Drug:DB08896,Regorafenib,Drug,regorafenib,,DrugBank|MONDO|MONDO_grouped|NCBI,
Drug:DB08903,Bedaquiline,Drug,bedaquiline,,DrugBank|NCBI,
Drug:DB08905,Formestane,Drug,formestane,,DrugBank|NCBI,
Drug:DB08907,Canagliflozin,Drug,canagliflozin,,DrugBank|NCBI,
Drug:DB08911,Trametinib,Drug,trametinib,,DrugBank|NCBI,
Drug:DB08912,Dabrafenib,Drug,dabrafenib,,DrugBank|NCBI,
Drug:DB08933,Luliconazole,Drug,luliconazole,,DrugBank|NCBI,
Drug:DB08953,Indalpine,Drug,indalpine,,DrugBank|NCBI,
Drug:DB08980,Fendiline,Drug,fendiline,,DrugBank|NCBI,
Drug:DB08992,Eperisone,Drug,eperisone,,DrugBank|NCBI,
Drug:DB09017,Brotizolam,Drug,brotizolam,,DrugBank|NCBI,
Drug:DB09026,Aliskiren,Drug,aliskiren,,DrugBank|NCBI,
Drug:DB09030,Vorapaxar,Drug,vorapaxar,,DrugBank|NCBI,
Drug:DB09034,Suvorexant,Drug,suvorexant,,DrugBank|NCBI,
Drug:DB09036,Siltuximab,Drug,siltuximab,,DrugBank|NCBI,
Drug:DB09063,Ceritinib,Drug,ceritinib,,DrugBank|MONDO|NCBI,
Drug:DB09082,Vilanterol,Drug,vilanterol,,DrugBank|NCBI,
Drug:DB09083,Ivabradine,Drug,ivabradine,,DrugBank|NCBI,
Drug:DB09089,Trimebutine,Drug,trimebutine,,DrugBank|NCBI,
Drug:DB09090,Pinaverium,Drug,pinaverium,,DrugBank|NCBI,
Drug:DB09099,Somatostatin,Drug,somatostatin,,DrugBank|NCBI,
Drug:DB09101,Elvitegravir,Drug,elvitegravir,,DrugBank|NCBI,
Drug:DB09119,Eslicarbazepine acetate,Drug,eslicarbazepine acetate,,DrugBank|NCBI,
Drug:DB09123,Dienogest,Drug,dienogest,,DrugBank|MONDO|NCBI,
Drug:DB09143,Sonidegib,Drug,sonidegib,,DrugBank|NCBI,
Drug:DB09166,Etizolam,Drug,etizolam,,DrugBank|NCBI,
Drug:DB09199,Netoglitazone,Drug,netoglitazone,,DrugBank|NCBI,
Drug:DB09200,Rivoglitazone,Drug,rivoglitazone,,DrugBank|NCBI,
Drug:DB09201,Ciglitazone,Drug,ciglitazone,,DrugBank|NCBI,
Drug:DB09216,Tolfenamic acid,Drug,tolfenamic acid,,DrugBank|NCBI,
Drug:DB09227,Barnidipine,Drug,barnidipine,,DrugBank|NCBI,
Drug:DB09230,Azelnidipine,Drug,azelnidipine,,DrugBank|NCBI,
Drug:DB09232,Cilnidipine,Drug,cilnidipine,,DrugBank|NCBI,
Drug:DB09234,Darodipine,Drug,darodipine,,DrugBank|NCBI,
Drug:DB09235,Efonidipine,Drug,efonidipine,,DrugBank|NCBI,
Drug:DB09239,Niguldipine,Drug,niguldipine,,DrugBank|NCBI,
Drug:DB09240,Niludipine,Drug,niludipine,,DrugBank|NCBI,
Drug:DB09289,Tianeptine,Drug,tianeptine,,DrugBank|NCBI,
Drug:DB09308,Solithromycin,Drug,solithromycin,,DrugBank|NCBI,
Drug:DB09309,Kitasamycin,Drug,kitasamycin,,DrugBank|NCBI,
Drug:DB09317,"Synthetic Conjugated Estrogens, A",Drug,"synthetic conjugated estrogens, a",,DrugBank|NCBI,
Drug:DB09318,"Synthetic Conjugated Estrogens, B",Drug,"synthetic conjugated estrogens, b",,DrugBank|NCBI,
Drug:DB09371,Norethynodrel,Drug,norethynodrel,,DrugBank|NCBI,
Drug:DB09378,Fluprednisolone,Drug,fluprednisolone,,DrugBank|NCBI,
Drug:DB09381,Esterified estrogens,Drug,esterified estrogens,,DrugBank|NCBI,
Drug:DB11094,Vitamin D,Drug,vitamin d,,DrugBank|NCBI,
Drug:DB11273,Dihydroergocornine,Drug,dihydroergocornine,,DrugBank|NCBI,
Drug:DB11274,Dihydro-alpha-ergocryptine,Drug,dihydro-alpha-ergocryptine,,DrugBank|NCBI,
Drug:DB11362,Selexipag,Drug,selexipag,,DrugBank|NCBI,
Drug:DB11383,Carbomycin,Drug,carbomycin,,DrugBank|NCBI,
Drug:DB11400,Doramectin,Drug,doramectin,,DrugBank|NCBI,
Drug:DB11405,Eprinomectin,Drug,eprinomectin,,DrugBank|NCBI,
Drug:DB11442,Oleandomycin,Drug,oleandomycin,,DrugBank|NCBI,
Drug:DB11459,Selamectin,Drug,selamectin,,DrugBank|NCBI,
Drug:DB11470,Tildipirosin,Drug,tildipirosin,,DrugBank|NCBI,
Drug:DB11471,Tilmicosin,Drug,tilmicosin,,DrugBank|NCBI,
Drug:DB11475,Tylosin,Drug,tylosin,,DrugBank|NCBI,
Drug:DB11529,Melengestrol,Drug,melengestrol,,DrugBank|NCBI,
Drug:DB11554,Tylvalosin,Drug,tylvalosin,,DrugBank|NCBI,
Drug:DB11560,Lesinurad,Drug,lesinurad,,DrugBank|NCBI,
Drug:DB11581,Venetoclax,Drug,venetoclax,,DrugBank|NCBI,
Drug:DB11613,Velpatasvir,Drug,velpatasvir,,DrugBank|NCBI,
Drug:DB11619,Gestrinone,Drug,gestrinone,,DrugBank|NCBI,
Drug:DB11635,Tocofersolan,Drug,tocofersolan,,DrugBank|NCBI,
Drug:DB11636,Nomegestrol,Drug,nomegestrol,,DrugBank|NCBI,
Drug:DB11730,Ribociclib,Drug,ribociclib,,DrugBank|NCBI,
Drug:DB11742,Ebastine,Drug,ebastine,,DrugBank|NCBI,
Drug:DB11752,Bryostatin 1,Drug,bryostatin 1,,DrugBank|NCBI,
Drug:DB11767,Sarilumab,Drug,sarilumab,,DrugBank|NCBI,
Drug:DB11779,Danoprevir,Drug,danoprevir,,DrugBank|NCBI,
Drug:DB11799,Bictegravir,Drug,bictegravir,,DrugBank|NCBI,
Drug:DB11805,Saracatinib,Drug,saracatinib,,DrugBank|NCBI,
Drug:DB11817,Baricitinib,Drug,baricitinib,,DrugBank|NCBI,
Drug:DB11823,Esketamine,Drug,esketamine,,DrugBank|NCBI,
Drug:DB11901,Apalutamide,Drug,apalutamide,,DrugBank|MONDO|NCBI,
Drug:DB11919,6-O-benzylguanine,Drug,6-o-benzylguanine,,DrugBank|NCBI,
Drug:DB11942,Selinexor,Drug,selinexor,,DrugBank|NCBI,
Drug:DB11952,Duvelisib,Drug,duvelisib,,DrugBank|NCBI,
Drug:DB11960,Carboxyamidotriazole,Drug,carboxyamidotriazole,,DrugBank|NCBI,
Drug:DB11986,Entrectinib,Drug,entrectinib,,DrugBank|NCBI,
Drug:DB12010,Fostamatinib,Drug,fostamatinib,,DrugBank|NCBI,
Drug:DB12015,Alpelisib,Drug,alpelisib,,DrugBank|NCBI,
Drug:DB12089,Lorvotuzumab mertansine,Drug,lorvotuzumab mertansine,,DrugBank|NCBI,
Drug:DB12092,Naftopidil,Drug,naftopidil,,DrugBank|NCBI,
Drug:DB12093,Tetrahydropalmatine,Drug,tetrahydropalmatine,,DrugBank|NCBI,
Drug:DB12131,Vinpocetine,Drug,vinpocetine,,DrugBank|NCBI,
Drug:DB12147,Erdafitinib,Drug,erdafitinib,,DrugBank|NCBI,
Drug:DB12240,Polatuzumab vedotin,Drug,polatuzumab vedotin,,DrugBank|NCBI,
Drug:DB12266,Epofolate,Drug,epofolate,,DrugBank|NCBI,
Drug:DB12267,Brigatinib,Drug,brigatinib,,DrugBank|MONDO|NCBI,
Drug:DB12278,Propiverine,Drug,propiverine,,DrugBank|NCBI,
Drug:DB12371,Siponimod,Drug,siponimod,,DrugBank|NCBI,
Drug:DB12391,Sagopilone,Drug,sagopilone,,DrugBank|NCBI,
Drug:DB12457,Rimegepant,Drug,rimegepant,,DrugBank|NCBI,
Drug:DB12474,Lynestrenol,Drug,lynestrenol,,DrugBank|NCBI,
Drug:DB12489,Mirvetuximab Soravtansine,Drug,mirvetuximab soravtansine,,DrugBank|NCBI,
Drug:DB12515,9-aminocamptothecin,Drug,9-aminocamptothecin,,DrugBank|NCBI,
Drug:DB12532,Oxetacaine,Drug,oxetacaine,,DrugBank|NCBI,
Drug:DB12537,Benzodiazepine,Drug,benzodiazepine,,DrugBank|NCBI,
Drug:DB12582,Piperine,Drug,piperine,,DrugBank|NCBI,
Drug:DB12629,"3,5-diiodothyropropionic acid",Drug,"3,5-diiodothyropropionic acid",,DrugBank|NCBI,
Drug:DB12781,Balaglitazone,Drug,balaglitazone,,DrugBank|NCBI,
Drug:DB12808,Trifarotene,Drug,trifarotene,,DrugBank|NCBI,
Drug:DB12825,Lefamulin,Drug,lefamulin,,DrugBank|NCBI,
Drug:DB12887,Tazemetostat,Drug,tazemetostat,,DrugBank|NCBI,
Drug:DB12923,Gallopamil,Drug,gallopamil,,DrugBank|NCBI,
Drug:DB12952,Methylprednisone,Drug,methylprednisone,,DrugBank|NCBI,
Drug:DB13007,Enfortumab vedotin,Drug,enfortumab vedotin,,DrugBank|NCBI,
Drug:DB13074,Macimorelin,Drug,macimorelin,,DrugBank|NCBI,
Drug:DB13158,Clobetasone,Drug,clobetasone,,DrugBank|NCBI,
Drug:DB13287,Miocamycin,Drug,miocamycin,,DrugBank|NCBI,
Drug:DB13338,Flurithromycin,Drug,flurithromycin,,DrugBank|NCBI,
Drug:DB13345,Dihydroergocristine,Drug,dihydroergocristine,,DrugBank|NCBI,
Drug:DB13347,Diphenadione,Drug,diphenadione,,DrugBank|NCBI,
Drug:DB13385,Dihydroergocryptine,Drug,dihydroergocryptine,,DrugBank|NCBI,
Drug:DB13399,Terguride,Drug,terguride,,DrugBank|NCBI,
Drug:DB13409,Rokitamycin,Drug,rokitamycin,,DrugBank|NCBI,
Drug:DB13456,Midecamycin,Drug,midecamycin,,DrugBank|NCBI,
Drug:DB13488,Bencyclane,Drug,bencyclane,,DrugBank|NCBI,
Drug:DB13500,Otilonium,Drug,otilonium,,DrugBank|NCBI,
Drug:DB13528,Chlormadinone,Drug,chlormadinone,,DrugBank|NCBI,
Drug:DB13602,Promegestone,Drug,promegestone,,DrugBank|NCBI,
Drug:DB13633,Mepartricin,Drug,mepartricin,,DrugBank|NCBI,
Drug:DB13685,Quingestanol,Drug,quingestanol,,DrugBank|NCBI,
Drug:DB13725,Terodiline,Drug,terodiline,,DrugBank|NCBI,
Drug:DB13746,Bioallethrin,Drug,bioallethrin,,DrugBank|NCBI,
Drug:DB13766,Lidoflazine,Drug,lidoflazine,,DrugBank|NCBI,
Drug:DB13791,Penfluridol,Drug,penfluridol,,DrugBank|NCBI,
Drug:DB13835,Caroverine,Drug,caroverine,,DrugBank|NCBI,
Drug:DB13857,Demegestone,Drug,demegestone,,DrugBank|NCBI,
Drug:DB13866,Etynodiol,Drug,etynodiol,,DrugBank|NCBI,
Drug:DB13879,Glecaprevir,Drug,glecaprevir,,DrugBank|NCBI,
Drug:DB13941,Piperaquine,Drug,piperaquine,,DrugBank|NCBI,
Drug:DB13950,WIN 55212-2,Drug,win 55212-2,,DrugBank|NCBI,
Drug:DB13961,Fish oil,Drug,fish oil,,DrugBank|NCBI,
Drug:DB13981,Nomegestrol acetate,Drug,nomegestrol acetate,,DrugBank|NCBI,
Drug:DB13997,Baloxavir marboxil,Drug,baloxavir marboxil,,DrugBank|NCBI,
Drug:DB14019,Fosnetupitant,Drug,fosnetupitant,,DrugBank|NCBI,
Drug:DB14055,(S)-Warfarin,Drug,(s)-warfarin,,DrugBank|NCBI,
Drug:DB14063,Dexverapamil,Drug,dexverapamil,,DrugBank|NCBI,
Drug:DB14064,Emopamil,Drug,emopamil,,DrugBank|NCBI,
Drug:DB14065,Lomerizine,Drug,lomerizine,,DrugBank|NCBI,
Drug:DB14066,Tetrandrine,Drug,tetrandrine,,DrugBank|NCBI,
Drug:DB14068,Dexniguldipine,Drug,dexniguldipine,,DrugBank|NCBI,
Drug:DB14240,Echinacea,Drug,echinacea,,DrugBank|NCBI,
Drug:DB14545,Hydrocortisone succinate,Drug,hydrocortisone succinate,,DrugBank|NCBI,
Drug:DB14568,Ivosidenib,Drug,ivosidenib,,DrugBank|NCBI,
Drug:DB14570,Hydroxyprogesterone,Drug,hydroxyprogesterone,,DrugBank|NCBI,
Drug:DB14575,Eslicarbazepine,Drug,eslicarbazepine,,DrugBank|NCBI,
Drug:DB14583,Segesterone acetate,Drug,segesterone acetate,,DrugBank|NCBI,
Drug:DB14637,Fluprednisolone acetate,Drug,fluprednisolone acetate,,DrugBank|NCBI,
Drug:DB14678,Norethindrone enanthate,Drug,norethindrone enanthate,,DrugBank|NCBI,
Drug:DB14723,Larotrectinib,Drug,larotrectinib,,DrugBank|NCBI,
Drug:DB14895,Vibegron,Drug,vibegron,,DrugBank|NCBI,
Drug:DB14975,Voxelotor,Drug,voxelotor,,DrugBank|NCBI,
Drug:DB15035,Zanubrutinib,Drug,zanubrutinib,,DrugBank|NCBI,
Drug:DB15102,Pemigatinib,Drug,pemigatinib,,DrugBank|NCBI,
Drug:DB15233,Avapritinib,Drug,avapritinib,,DrugBank|NCBI,
Drug:DB15489,Mexazolam,Drug,mexazolam,,DrugBank|NCBI,
Drug:DB15685,Selpercatinib,Drug,selpercatinib,,DrugBank|NCBI,
Drug:DB00198,Oseltamivir,Drug,oseltamivir,,DrugBank|NCBI,
Gene:1066,CES1,Gene,CES1,,DrugBank|MONDO|NCBI|REACTOME,
Drug:DB00519,Trandolapril,Drug,trandolapril,,DrugBank|NCBI,
Drug:DB01086,Benzocaine,Drug,benzocaine,,DrugBank|NCBI,
Drug:DB06693,Mevastatin,Drug,mevastatin,,DrugBank|NCBI,
Drug:DB09269,Phenylacetic acid,Drug,phenylacetic acid,,DrugBank|NCBI,
Drug:DB09342,Propoxycaine,Drug,propoxycaine,,DrugBank|NCBI,
Drug:DB11181,Homatropine,Drug,homatropine,,DrugBank|NCBI,
Drug:DB14845,Filgotinib,Drug,filgotinib,,DrugBank|NCBI,
Gene:1558,CYP2C8,Gene,CYP2C8,,DrugBank|MONDO|MONDO_grouped|NCBI|REACTOME,
Drug:DB00205,Pyrimethamine,Drug,pyrimethamine,,DrugBank|NCBI,
Drug:DB00465,Ketorolac,Drug,ketorolac,,DrugBank|NCBI,
Drug:DB00486,Nabilone,Drug,nabilone,,DrugBank|MONDO_grouped|NCBI,
Drug:DB00799,Tazarotene,Drug,tazarotene,,DrugBank|NCBI,
Drug:DB04725,Licofelone,Drug,licofelone,,DrugBank|NCBI,
Drug:DB05219,Crisaborole,Drug,crisaborole,,DrugBank|NCBI,
Drug:DB05229,Beraprost,Drug,beraprost,,DrugBank|NCBI,
Drug:DB09080,Olodaterol,Drug,olodaterol,,DrugBank|NCBI,
Drug:DB09296,Ombitasvir,Drug,ombitasvir,,DrugBank|NCBI,
Drug:DB11632,Opicapone,Drug,opicapone,,DrugBank|NCBI,
Drug:DB11995,Avatrombopag,Drug,avatrombopag,,DrugBank|NCBI,
Gene:873,CBR1,Gene,CBR1,,DrugBank|MONDO|MONDO_grouped|NCBI|REACTOME,
Drug:DB01046,Lubiprostone,Drug,lubiprostone,,DrugBank|NCBI,
Drug:DB04463,"3-(4-Amino-1-Tert-Butyl-1h-Pyrazolo[3,4-D]Pyrimidin-3-Yl)Phenol",Drug,"3-(4-amino-1-tert-butyl-1h-pyrazolo[3,4-d]pyrimidin-3-yl)phenol",,DrugBank|NCBI,
Drug:DB05197,Sofalcone,Drug,sofalcone,,DrugBank|NCBI,
Drug:DB06263,Amrubicin,Drug,amrubicin,,DrugBank|NCBI,
Drug:DB09212,Loxoprofen,Drug,loxoprofen,,DrugBank|NCBI,
Gene:4830,NME1,Gene,NME1,,DrugBank|MONDO|MONDO_grouped|NCBI|REACTOME,
Drug:DB00718,Adefovir dipivoxil,Drug,adefovir dipivoxil,,DrugBank|NCBI,
Gene:4831,NME2,Gene,NME2,,DrugBank|MONDO|NCBI|REACTOME,
Gene:1548,CYP2A6,Gene,CYP2A6,,DrugBank|MONDO|NCBI|REACTOME,
Drug:DB01043,Memantine,Drug,memantine,,DrugBank|NCBI,
Drug:DB01213,Fomepizole,Drug,fomepizole,,DrugBank|NCBI,
Gene:1592,CYP26A1,Gene,CYP26A1,,DrugBank|MONDO|NCBI|REACTOME,
Gene:6999,TDO2,Gene,TDO2,,DrugBank|MONDO_grouped|NCBI|REACTOME,
Gene:1571,CYP2E1,Gene,CYP2E1,,DrugBank|MONDO|MONDO_grouped|NCBI|REACTOME,
Drug:DB00109,Enfuvirtide,Drug,enfuvirtide,,DrugBank|NCBI,
Drug:DB00869,Dorzolamide,Drug,dorzolamide,,DrugBank|NCBI,
Drug:DB00883,Isosorbide dinitrate,Drug,isosorbide dinitrate,,DrugBank|NCBI,
Drug:DB01586,Ursodeoxycholic acid,Drug,ursodeoxycholic acid,,DrugBank|NCBI,
Drug:DB01844,"N,N-dimethylformamide",Drug,"n,n-dimethylformamide",,DrugBank|NCBI,
Drug:DB04379,N-Methyl-N-(Methylbenzyl)Formamide,Drug,n-methyl-n-(methylbenzyl)formamide,,DrugBank|NCBI,
Drug:DB04858,Tirapazamine,Drug,tirapazamine,,DrugBank|NCBI,
Drug:DB06637,Dalfampridine,Drug,dalfampridine,,DrugBank|NCBI,
Drug:DB06728,Aniline,Drug,aniline,,DrugBank|NCBI,
Drug:DB08846,Ellagic acid,Drug,ellagic acid,,DrugBank|NCBI,
Drug:DB08868,Fingolimod,Drug,fingolimod,,DrugBank|NCBI,
Drug:DB13963,"1,2-dichlorobenzene",Drug,"1,2-dichlorobenzene",,DrugBank|NCBI,
Drug:DB14046,Dichlorobenzene,Drug,dichlorobenzene,,DrugBank|NCBI,
Gene:1553,CYP2A13,Gene,CYP2A13,,DrugBank|MONDO|NCBI|REACTOME,
Gene:1557,CYP2C19,Gene,CYP2C19,,DrugBank|MONDO|NCBI|REACTOME,
Drug:DB00395,Carisoprodol,Drug,carisoprodol,,DrugBank|NCBI,
Drug:DB00474,Methohexital,Drug,methohexital,,DrugBank|NCBI,
Drug:DB00599,Thiopental,Drug,thiopental,,DrugBank|NCBI,
Drug:DB00665,Nilutamide,Drug,nilutamide,,DrugBank|NCBI,
Drug:DB00849,Methylphenobarbital,Drug,methylphenobarbital,,DrugBank|NCBI,
Drug:DB00945,Acetylsalicylic acid,Drug,acetylsalicylic acid,,DrugBank|NCBI,
Drug:DB00966,Telmisartan,Drug,telmisartan,,DrugBank|NCBI,
Drug:DB05246,Methsuximide,Drug,methsuximide,,DrugBank|NCBI,
Drug:DB12319,Benzbromarone,Drug,benzbromarone,,DrugBank|NCBI,
Drug:DB13762,Dexrabeprazole,Drug,dexrabeprazole,,DrugBank|NCBI,
Gene:54600,UGT1A9,Gene,UGT1A9,,DrugBank|MONDO|NCBI|REACTOME,
Drug:DB01024,Mycophenolic acid,Drug,mycophenolic acid,,DrugBank|NCBI,
Drug:DB04552,Niflumic acid,Drug,niflumic acid,,DrugBank|NCBI,
Drug:DB04953,Ezogabine,Drug,ezogabine,,DrugBank|NCBI,
Drug:DB05016,Ataluren,Drug,ataluren,,DrugBank|NCBI,
Drug:DB06741,Gavestinel,Drug,gavestinel,,DrugBank|NCBI,
Drug:DB08930,Dolutegravir,Drug,dolutegravir,,DrugBank|NCBI,
Drug:DB09038,Empagliflozin,Drug,empagliflozin,,DrugBank|NCBI,
Gene:316,AOX1,Gene,AOX1,,DrugBank|MONDO|NCBI|REACTOME,
Drug:DB00426,Famciclovir,Drug,famciclovir,,DrugBank|NCBI,
Drug:DB00484,Brimonidine,Drug,brimonidine,,DrugBank|NCBI,
Drug:DB00513,Aminocaproic acid,Drug,aminocaproic acid,,DrugBank|NCBI,
Drug:DB08840,N-methylnicotinamide,Drug,n-methylnicotinamide,,DrugBank|NCBI,
Drug:DB00171,ATP,Drug,atp,,DrugBank|NCBI,
Gene:132,ADK,Gene,ADK,,DrugBank|MONDO_grouped|NCBI|REACTOME,
Drug:DB00811,Ribavirin,Drug,ribavirin,,DrugBank|NCBI,
Drug:DB01048,Abacavir,Drug,abacavir,,DrugBank|NCBI,
Gene:1585,CYP11B2,Gene,CYP11B2,,DrugBank|MONDO|NCBI|REACTOME,
Drug:DB06281,Torcetrapib,Drug,torcetrapib,,DrugBank|NCBI,
Gene:1543,CYP1A1,Gene,CYP1A1,,DrugBank|MONDO|MONDO_grouped|NCBI|REACTOME,
Drug:DB00325,Nitroprusside,Drug,nitroprusside,,DrugBank|NCBI,
Drug:DB00643,Mebendazole,Drug,mebendazole,,DrugBank|NCBI,
Drug:DB01064,Isoprenaline,Drug,isoprenaline,,DrugBank|NCBI,
Drug:DB01407,Clenbuterol,Drug,clenbuterol,,DrugBank|NCBI,
Gene:1555,CYP2B6,Gene,CYP2B6,,DrugBank|MONDO|MONDO_grouped|NCBI|REACTOME,
Drug:DB03575,Phencyclidine,Drug,phencyclidine,,DrugBank|NCBI,
Drug:DB04930,Permethrin,Drug,permethrin,,DrugBank|NCBI,
Drug:DB13132,Artemisinin,Drug,artemisinin,,DrugBank|NCBI,
Gene:64816,CYP3A43,Gene,CYP3A43,,DrugBank|MONDO|NCBI|REACTOME,
Gene:5226,PGD,Gene,PGD,,DrugBank|MONDO|MONDO_grouped|NCBI|REACTOME,
Drug:DB00867,Ritodrine,Drug,ritodrine,,DrugBank|NCBI,
Gene:2977,GUCY1A2,Gene,GUCY1A2,,DrugBank|MONDO|NCBI|REACTOME,
Drug:DB09282,Molsidomine,Drug,molsidomine,,DrugBank|NCBI,
Gene:10,NAT2,Gene,NAT2,,DrugBank|MONDO|MONDO_grouped|NCBI|REACTOME,
Drug:DB11640,Amifampridine,Drug,amifampridine,,DrugBank|NCBI,
Drug:DB00244,Mesalazine,Drug,mesalazine,,DrugBank|NCBI,
Gene:9,NAT1,Gene,NAT1,,DrugBank|MONDO|NCBI|REACTOME,
Gene:1562,CYP2C18,Gene,CYP2C18,,DrugBank|MONDO|NCBI|REACTOME,
Gene:28234,SLCO1B3,Gene,SLCO1B3,,DrugBank|MONDO|NCBI|REACTOME,
Gene:54659,UGT1A3,Gene,UGT1A3,,DrugBank|MONDO_grouped|NCBI|REACTOME,
Drug:DB00434,Cyproheptadine,Drug,cyproheptadine,,DrugBank|NCBI,
Drug:DB01252,Mitiglinide,Drug,mitiglinide,,DrugBank|NCBI,
Drug:DB06230,Nalmefene,Drug,nalmefene,,DrugBank|NCBI,
Drug:DB11691,Naldemedine,Drug,naldemedine,,DrugBank|NCBI,
Gene:7367,UGT2B17,Gene,UGT2B17,,DrugBank|MONDO|NCBI|REACTOME,
Gene:51,ACOX1,Gene,ACOX1,,DrugBank|MONDO|MONDO_grouped|NCBI|REACTOME,
Gene:10327,AKR1A1,Gene,AKR1A1,,DrugBank|MONDO_grouped|NCBI|REACTOME,
Drug:DB08904,Certolizumab pegol,Drug,certolizumab pegol,,DrugBank|NCBI,
Gene:57016,AKR1B10,Gene,AKR1B10,,DrugBank|MONDO|MONDO_grouped|NCBI|REACTOME,
Gene:6648,SOD2,Gene,SOD2,,DrugBank|MONDO|MONDO_grouped|NCBI|REACTOME,
Gene:5230,PGK1,Gene,PGK1,,DrugBank|MONDO|MONDO_grouped|NCBI|REACTOME,
Drug:DB09499,Thiosulfuric acid,Drug,thiosulfuric acid,,DrugBank|NCBI,
Gene:7263,TST,Gene,TST,,DrugBank|MONDO|MONDO_grouped|NCBI|REACTOME,
Gene:5236,PGM1,Gene,PGM1,,DrugBank|MONDO|NCBI|REACTOME,
Gene:7372,UMPS,Gene,UMPS,,DrugBank|MONDO|MONDO_grouped|NCBI|REACTOME,
Gene:7366,UGT2B15,Gene,UGT2B15,,DrugBank|MONDO|NCBI|REACTOME,
Gene:30833,NT5C,Gene,NT5C,,DrugBank|MONDO|NCBI|REACTOME,
Gene:5452,POU2F2,Gene,POU2F2,,DrugBank|MONDO|NCBI|REACTOME,
Drug:DB09568,Omega-3-carboxylic acids,Drug,omega-3-carboxylic acids,,DrugBank|NCBI,
Drug:DB11605,Myrrh,Drug,myrrh,,DrugBank|NCBI,
Drug:DB11792,Mirodenafil,Drug,mirodenafil,,DrugBank|NCBI,
Drug:DB12307,Foretinib,Drug,foretinib,,DrugBank|NCBI,
Drug:DB13141,Ambroxol acefyllinate,Drug,ambroxol acefyllinate,,DrugBank|NCBI,
Drug:DB13878,Pibrentasvir,Drug,pibrentasvir,,DrugBank|NCBI,
Drug:DB06698,Betahistine,Drug,betahistine,,DrugBank|NCBI,
Drug:DB09363,Rauwolfia serpentina root,Drug,rauwolfia serpentina root,,DrugBank|NCBI,
Gene:5052,PRDX1,Gene,PRDX1,,DrugBank|MONDO|MONDO_grouped|NCBI|REACTOME,
Drug:DB09072,Sodium oxybate,Drug,sodium oxybate,,DrugBank|NCBI,
Gene:137872,ADHFE1,Gene,ADHFE1,,DrugBank|MONDO|NCBI|REACTOME,
Gene:3697,ITIH1,Gene,ITIH1,,DrugBank|MONDO|MONDO_grouped|NCBI,
Gene:3423,IDS,Gene,IDS,,DrugBank|MONDO|NCBI|REACTOME,
Gene:1735,DIO3,Gene,DIO3,,DrugBank|MONDO|MONDO_grouped|NCBI|REACTOME,
Drug:DB12872,Vonicog Alfa,Drug,vonicog alfa,,DrugBank|NCBI,
Gene:11093,ADAMTS13,Gene,ADAMTS13,,DrugBank|MONDO|MONDO_grouped|NCBI|REACTOME,
Drug:DB13133,Von Willebrand Factor Human,Drug,von willebrand factor human,,DrugBank|NCBI,
Gene:2052,EPHX1,Gene,EPHX1,,DrugBank|MONDO|MONDO_grouped|NCBI|REACTOME,
Drug:DB00300,Tenofovir disoproxil,Drug,tenofovir disoproxil,,DrugBank|NCBI,
Gene:1158,CKM,Gene,CKM,,DrugBank|MONDO|NCBI|REACTOME,
Gene:5315,PKM,Gene,PKM,,DrugBank|MONDO|MONDO_grouped|NCBI|REACTOME,
Gene:159,ADSS2,Gene,ADSS2,,DrugBank|MONDO_grouped|NCBI|REACTOME,
Gene:57817,HAMP,Gene,HAMP,,DrugBank|MONDO|MONDO_grouped|NCBI,
Drug:DB00114,Pyridoxal phosphate,Drug,pyridoxal phosphate,,DrugBank|NCBI,
Gene:3067,HDC,Gene,HDC,,DrugBank|MONDO|NCBI|REACTOME,
Drug:DB00117,Histidine,Drug,histidine,,DrugBank|NCBI,
Drug:DB00125,Arginine,Drug,arginine,,DrugBank|NCBI,
Drug:DB00155,Citrulline,Drug,citrulline,,DrugBank|NCBI,
Drug:DB01017,Minocycline,Drug,minocycline,,DrugBank|NCBI,
Drug:DB01686,"N,N-dimethylarginine",Drug,"n,n-dimethylarginine",,DrugBank|NCBI,
Drug:DB01835,4R-Fluoro-N6-ethanimidoyl-L-lysine,Drug,4r-fluoro-n6-ethanimidoyl-l-lysine,,DrugBank|NCBI,
Drug:DB01997,3-Bromo-7-Nitroindazole,Drug,3-bromo-7-nitroindazole,,DrugBank|NCBI,
Drug:DB02044,N-[3-(aminomethyl)benzyl]acetamidine,Drug,n-[3-(aminomethyl)benzyl]acetamidine,,DrugBank|NCBI,
Drug:DB02207,7-Nitroindazole,Drug,7-nitroindazole,,DrugBank|NCBI,
Drug:DB02234,S-Ethylisothiourea,Drug,s-ethylisothiourea,,DrugBank|NCBI,
Drug:DB02462,Thiocoumarin,Drug,thiocoumarin,,DrugBank|NCBI,
Drug:DB02644,N-omega-propyl-L-arginine,Drug,n-omega-propyl-l-arginine,,DrugBank|NCBI,
Drug:DB03100,6-Nitroindazole,Drug,6-nitroindazole,,DrugBank|NCBI,
Drug:DB03144,N(5)-[(hydroxyamino)(imino)methyl]-L-ornithine,Drug,n(5)-[(hydroxyamino)(imino)methyl]-l-ornithine,,DrugBank|NCBI,
Drug:DB03366,Imidazole,Drug,imidazole,,DrugBank|NCBI,
Drug:DB03449,N-(4-{2-[(3-chlorobenzyl)amino]ethyl}phenyl)thiophene-2-carboximidamide,Drug,n-(4-{2-[(3-chlorobenzyl)amino]ethyl}phenyl)thiophene-2-carboximidamide,,DrugBank|NCBI,
Drug:DB03953,Thiocitrulline,Drug,thiocitrulline,,DrugBank|NCBI,
Drug:DB04400,"L-erythro-7,8-dihydrobiopterin",Drug,"l-erythro-7,8-dihydrobiopterin",,DrugBank|NCBI,
Drug:DB04534,5-Nitroindazole,Drug,5-nitroindazole,,DrugBank|NCBI,
Drug:DB05214,KD7040,Drug,kd7040,,DrugBank|NCBI,
Drug:DB05252,Fenoxaprop-ethyl,Drug,fenoxaprop-ethyl,,DrugBank|NCBI,
Drug:DB05383,Pimagedine,Drug,pimagedine,,DrugBank|NCBI,
Drug:DB06879,"5-(4'-AMINO-1'-ETHYL-5',8'-DIFLUORO-1'H-SPIRO[PIPERIDINE-4,2'-QUINAZOLINE]-1-YLCARBONYL)PICOLINONITRILE",Drug,"5-(4'-amino-1'-ethyl-5',8'-difluoro-1'h-spiro[piperidine-4,2'-quinazoline]-1-ylcarbonyl)picolinonitrile",,DrugBank|NCBI,
Drug:DB06916,"N-[2-(1,3-BENZODIOXOL-5-YL)ETHYL]-1-[2-(1H-IMIDAZOL-1-YL)-6-METHYLPYRIMIDIN-4-YL]-D-PROLINAMIDE",Drug,"n-[2-(1,3-benzodioxol-5-yl)ethyl]-1-[2-(1h-imidazol-1-yl)-6-methylpyrimidin-4-yl]-d-prolinamide",,DrugBank|NCBI,
Drug:DB07002,4-({4-[(4-methoxypyridin-2-yl)amino]piperidin-1-yl}carbonyl)benzonitrile,Drug,4-({4-[(4-methoxypyridin-2-yl)amino]piperidin-1-yl}carbonyl)benzonitrile,,DrugBank|NCBI,
Drug:DB07003,"(2S)-2-methyl-2,3-dihydrothieno[2,3-f][1,4]oxazepin-5-amine",Drug,"(2s)-2-methyl-2,3-dihydrothieno[2,3-f][1,4]oxazepin-5-amine",,DrugBank|NCBI,
Drug:DB07007,"(3R)-3-[(1,2,3,4-tetrahydroisoquinolin-7-yloxy)methyl]-2,3-dihydrothieno[2,3-f][1,4]oxazepin-5-amine",Drug,"(3r)-3-[(1,2,3,4-tetrahydroisoquinolin-7-yloxy)methyl]-2,3-dihydrothieno[2,3-f][1,4]oxazepin-5-amine",,DrugBank|NCBI,
Drug:DB07008,"4-(1,3-BENZODIOXOL-5-YLOXY)-2-[4-(1H-IMIDAZOL-1-YL)PHENOXY]PYRIMIDINE",Drug,"4-(1,3-benzodioxol-5-yloxy)-2-[4-(1h-imidazol-1-yl)phenoxy]pyrimidine",,DrugBank|NCBI,
Drug:DB07011,"(3S)-1-(1,3-BENZODIOXOL-5-YLMETHYL)-3-[4-(1H-IMIDAZOL-1-YL)PHENOXY]PIPERIDINE",Drug,"(3s)-1-(1,3-benzodioxol-5-ylmethyl)-3-[4-(1h-imidazol-1-yl)phenoxy]piperidine",,DrugBank|NCBI,
Drug:DB07029,"4-(1,3-BENZODIOXOL-5-YLOXY)-2-[4-(1H-IMIDAZOL-1-YL)PHENOXY]-6-METHYLPYRIMIDINE",Drug,"4-(1,3-benzodioxol-5-yloxy)-2-[4-(1h-imidazol-1-yl)phenoxy]-6-methylpyrimidine",,DrugBank|NCBI,
Drug:DB07306,ETHYL 4-[(4-CHLOROPYRIDIN-2-YL)AMINO]PIPERIDINE-1-CARBOXYLATE,Drug,ethyl 4-[(4-chloropyridin-2-yl)amino]piperidine-1-carboxylate,,DrugBank|NCBI,
Drug:DB07318,"N-[2-(4-AMINO-5,8-DIFLUORO-1,2-DIHYDROQUINAZOLIN-2-YL)ETHYL]-3-FURAMIDE",Drug,"n-[2-(4-amino-5,8-difluoro-1,2-dihydroquinazolin-2-yl)ethyl]-3-furamide",,DrugBank|NCBI,
Drug:DB07388,ETHYL 4-[(4-METHYLPYRIDIN-2-YL)AMINO]PIPERIDINE-1-CARBOXYLATE,Drug,ethyl 4-[(4-methylpyridin-2-yl)amino]piperidine-1-carboxylate,,DrugBank|NCBI,
Drug:DB07389,N-[2-(6-AMINO-4-METHYLPYRIDIN-2-YL)ETHYL]-4-CYANOBENZAMIDE,Drug,n-[2-(6-amino-4-methylpyridin-2-yl)ethyl]-4-cyanobenzamide,,DrugBank|NCBI,
Drug:DB07405,"1-(6-CYANO-3-PYRIDYLCARBONYL)-5',8'-DIFLUOROSPIRO[PIPERIDINE-4,2'(1'H)-QUINAZOLINE]-4'-AMINE",Drug,"1-(6-cyano-3-pyridylcarbonyl)-5',8'-difluorospiro[piperidine-4,2'(1'h)-quinazoline]-4'-amine",,DrugBank|NCBI,
Drug:DB08214,4-(1H-IMIDAZOL-1-YL)PHENOL,Drug,4-(1h-imidazol-1-yl)phenol,,DrugBank|NCBI,
Drug:DB08750,"1-[4-(AMINOMETHYL)BENZOYL]-5'-FLUORO-1'H-SPIRO[PIPERIDINE-4,2'-QUINAZOLIN]-4'-AMINE",Drug,"1-[4-(aminomethyl)benzoyl]-5'-fluoro-1'h-spiro[piperidine-4,2'-quinazolin]-4'-amine",,DrugBank|NCBI,
Drug:DB11327,Dipyrithione,Drug,dipyrithione,,DrugBank|NCBI,
Gene:134,ADORA1,Gene,ADORA1,,DrugBank|MONDO|MONDO_grouped|NCBI|REACTOME,
Drug:DB00651,Dyphylline,Drug,dyphylline,,DrugBank|NCBI,
Drug:DB00824,Enprofylline,Drug,enprofylline,,DrugBank|NCBI,
Drug:DB00996,Gabapentin,Drug,gabapentin,,DrugBank|NCBI,
Drug:DB04932,Defibrotide,Drug,defibrotide,,DrugBank|NCBI,
Drug:DB04954,Tecadenoson,Drug,tecadenoson,,DrugBank|NCBI,
Drug:DB06471,Naxifylline,Drug,naxifylline,,DrugBank|NCBI,
Drug:DB12569,Tonapofylline,Drug,tonapofylline,,DrugBank|NCBI,
Drug:DB12670,Rolofylline,Drug,rolofylline,,DrugBank|NCBI,
Drug:DB03878,N-[4-Methyl-3-[[4-(3-Pyridinyl)-2-Pyrimidinyl]Amino]Phenyl]-3-Pyridinecarboxamide,Drug,n-[4-methyl-3-[[4-(3-pyridinyl)-2-pyrimidinyl]amino]phenyl]-3-pyridinecarboxamide,,DrugBank|NCBI,
Drug:DB05184,XL228,Drug,xl228,,DrugBank|NCBI,
Drug:DB07831,"2-{[(6-OXO-1,6-DIHYDROPYRIDIN-3-YL)METHYL]AMINO}-N-[4-PROPYL-3-(TRIFLUOROMETHYL)PHENYL]BENZAMIDE",Drug,"2-{[(6-oxo-1,6-dihydropyridin-3-yl)methyl]amino}-n-[4-propyl-3-(trifluoromethyl)phenyl]benzamide",,DrugBank|NCBI,
Drug:DB08043,1-[4-(PYRIDIN-4-YLOXY)PHENYL]-3-[3-(TRIFLUOROMETHYL)PHENYL]UREA,Drug,1-[4-(pyridin-4-yloxy)phenyl]-3-[3-(trifluoromethyl)phenyl]urea,,DrugBank|NCBI,
Drug:DB08339,PD-166326,Drug,pd-166326,,DrugBank|NCBI,
Drug:DB08350,"5-[3-(2-METHOXYPHENYL)-1H-PYRROLO[2,3-B]PYRIDIN-5-YL]-N,N-DIMETHYLPYRIDINE-3-CARBOXAMIDE",Drug,"5-[3-(2-methoxyphenyl)-1h-pyrrolo[2,3-b]pyridin-5-yl]-n,n-dimethylpyridine-3-carboxamide",,DrugBank|NCBI,
Drug:DB08583,"2-amino-5-[3-(1-ethyl-1H-pyrazol-5-yl)-1H-pyrrolo[2,3-b]pyridin-5-yl]-N,N-dimethylbenzamide",Drug,"2-amino-5-[3-(1-ethyl-1h-pyrazol-5-yl)-1h-pyrrolo[2,3-b]pyridin-5-yl]-n,n-dimethylbenzamide",,DrugBank|NCBI,
Drug:DB12323,Radotinib,Drug,radotinib,,DrugBank|NCBI,
Drug:DB00350,Minoxidil,Drug,minoxidil,,DrugBank|NCBI,
Drug:DB00469,Tenoxicam,Drug,tenoxicam,,DrugBank|NCBI,
Drug:DB00795,Sulfasalazine,Drug,sulfasalazine,,DrugBank|NCBI,
Drug:DB00821,Carprofen,Drug,carprofen,,DrugBank|NCBI,
Drug:DB00939,Meclofenamic acid,Drug,meclofenamic acid,,DrugBank|NCBI,
Drug:DB00991,Oxaprozin,Drug,oxaprozin,,DrugBank|NCBI,
Drug:DB01014,Balsalazide,Drug,balsalazide,,DrugBank|NCBI,
Drug:DB01399,Salsalate,Drug,salsalate,,DrugBank|NCBI,
Drug:DB01401,Choline magnesium trisalicylate,Drug,choline magnesium trisalicylate,,DrugBank|NCBI,
Drug:DB01419,Antrafenine,Drug,antrafenine,,DrugBank|NCBI,
Drug:DB01600,Tiaprofenic acid,Drug,tiaprofenic acid,,DrugBank|NCBI,
Drug:DB01837,O-acetyl-L-serine,Drug,o-acetyl-l-serine,,DrugBank|NCBI,
Drug:DB01892,Hyperforin,Drug,hyperforin,,DrugBank|NCBI,
Drug:DB02047,(+)-2-(4-biphenyl)propionic acid,Drug,(+)-2-(4-biphenyl)propionic acid,,DrugBank|NCBI,
Drug:DB02110,Protoporphyrin Ix Containing Co,Drug,protoporphyrin ix containing co,,DrugBank|NCBI,
Drug:DB02198,2-Bromoacetyl Group,Drug,2-bromoacetyl group,,DrugBank|NCBI,
Drug:DB02379,Beta-D-Glucose,Drug,beta-d-glucose,,DrugBank|NCBI,
Drug:DB02773,(3-Chloro-4-Propoxy-Phenyl)-Acetic Acid,Drug,(3-chloro-4-propoxy-phenyl)-acetic acid,,DrugBank|NCBI,
Drug:DB03667,Acetic Acid Salicyloyl-Amino-Ester,Drug,acetic acid salicyloyl-amino-ester,,DrugBank|NCBI,
Drug:DB03752,P-(2'-Iodo-5'-Thenoyl)Hydrotropic Acid,Drug,p-(2'-iodo-5'-thenoyl)hydrotropic acid,,DrugBank|NCBI,
Drug:DB03753,Flurbiprofen Methyl Ester,Drug,flurbiprofen methyl ester,,DrugBank|NCBI,
Drug:DB06725,Lornoxicam,Drug,lornoxicam,,DrugBank|NCBI,
Drug:DB06736,Aceclofenac,Drug,aceclofenac,,DrugBank|NCBI,
Drug:DB06802,Nepafenac,Drug,nepafenac,,DrugBank|NCBI,
Drug:DB07981,2-[1-(4-chlorobenzoyl)-5-methoxy-2-methyl-1H-indol-3-yl]-n-[(1R)-1-(hydroxymethyl)propyl]acetamide,Drug,2-[1-(4-chlorobenzoyl)-5-methoxy-2-methyl-1h-indol-3-yl]-n-[(1r)-1-(hydroxymethyl)propyl]acetamide,,DrugBank|NCBI,
Drug:DB07983,1-(4-IODOBENZOYL)-5-METHOXY-2-METHYL INDOLE-3-ACETIC ACID,Drug,1-(4-iodobenzoyl)-5-methoxy-2-methyl indole-3-acetic acid,,DrugBank|NCBI,
Drug:DB07984,2-[1-(4-chlorobenzoyl)-5-methoxy-2-methyl-1H-indol-3-yl]-n-[(1S)-1-(hydroxymethyl)propyl]acetamide,Drug,2-[1-(4-chlorobenzoyl)-5-methoxy-2-methyl-1h-indol-3-yl]-n-[(1s)-1-(hydroxymethyl)propyl]acetamide,,DrugBank|NCBI,
Drug:DB09215,Droxicam,Drug,droxicam,,DrugBank|NCBI,
Drug:DB11071,Phenyl salicylate,Drug,phenyl salicylate,,DrugBank|NCBI,
Drug:DB11079,Trolamine salicylate,Drug,trolamine salicylate,,DrugBank|NCBI,
Drug:DB11201,Menthyl salicylate,Drug,menthyl salicylate,,DrugBank|NCBI,
Drug:DB11323,Glycol salicylate,Drug,glycol salicylate,,DrugBank|NCBI,
Drug:DB12445,Nitroaspirin,Drug,nitroaspirin,,DrugBank|NCBI,
Drug:DB13346,Bufexamac,Drug,bufexamac,,DrugBank|NCBI,
Drug:DB13501,Bendazac,Drug,bendazac,,DrugBank|NCBI,
Drug:DB13783,Acemetacin,Drug,acemetacin,,DrugBank|NCBI,
Gene:1812,DRD1,Gene,DRD1,,DrugBank|MONDO_grouped|NCBI|REACTOME,
Drug:DB00408,Loxapine,Drug,loxapine,,DrugBank|MONDO_grouped|NCBI,
Drug:DB00800,Fenoldopam,Drug,fenoldopam,,DrugBank|NCBI,
Drug:DB00875,Flupentixol,Drug,flupentixol,,DrugBank|MONDO_grouped|NCBI,
Drug:DB01038,Carphenazine,Drug,carphenazine,,DrugBank|NCBI,
Drug:DB01239,Chlorprothixene,Drug,chlorprothixene,,DrugBank|MONDO_grouped|NCBI,
Drug:DB01608,Periciazine,Drug,periciazine,,DrugBank|NCBI,
Drug:DB09286,Pipamperone,Drug,pipamperone,,DrugBank|NCBI,
Drug:DB12890,Dihydrexidine,Drug,dihydrexidine,,DrugBank|NCBI,
Gene:6338,SCNN1B,Gene,SCNN1B,,DrugBank|MONDO|NCBI|REACTOME,
Drug:DB00594,Amiloride,Drug,amiloride,,DrugBank|NCBI,
Gene:2321,FLT1,Gene,FLT1,,DrugBank|MONDO|NCBI|REACTOME,
Drug:DB04879,Vatalanib,Drug,vatalanib,,DrugBank|NCBI,
Drug:DB05075,TG-100801,Drug,tg-100801,,DrugBank|NCBI,
Drug:DB05913,OSI-930,Drug,osi-930,,DrugBank|NCBI,
Drug:DB05932,Denibulin,Drug,denibulin,,DrugBank|NCBI,
Drug:DB06080,ABT-869,Drug,abt-869,,DrugBank|NCBI,
Drug:DB06101,IMC-1C11,Drug,imc-1c11,,DrugBank|NCBI,
Drug:DB07288,N-(4-chlorophenyl)-2-[(pyridin-4-ylmethyl)amino]benzamide,Drug,n-(4-chlorophenyl)-2-[(pyridin-4-ylmethyl)amino]benzamide,,DrugBank|NCBI,
Drug:DB10770,Foreskin fibroblast (neonatal),Drug,foreskin fibroblast (neonatal),,DrugBank|NCBI,
Gene:5894,RAF1,Gene,RAF1,,DrugBank|MONDO|MONDO_grouped|NCBI|REACTOME,
Drug:DB04973,LErafAON,Drug,lerafaon,,DrugBank|NCBI,
Drug:DB05190,XL281,Drug,xl281,,DrugBank|NCBI,
Drug:DB05268,iCo-007,Drug,ico-007,,DrugBank|NCBI,
Drug:DB08862,Cholecystokinin,Drug,cholecystokinin,,DrugBank|NCBI,
Drug:DB00055,Drotrecogin alfa,Drug,drotrecogin alfa,,DrugBank|NCBI,
Drug:DB05777,Thrombomodulin Alfa,Drug,thrombomodulin alfa,,DrugBank|NCBI,
Drug:DB11300,Thrombin,Drug,thrombin,,DrugBank|NCBI,
Drug:DB11312,Protein C,Drug,protein c,,DrugBank|NCBI,
Drug:DB11571,Human thrombin,Drug,human thrombin,,DrugBank|NCBI,
Drug:DB11572,Thrombin alfa,Drug,thrombin alfa,,DrugBank|NCBI,
Drug:DB13149,Protein S human,Drug,protein s human,,DrugBank|NCBI,
Gene:1910,EDNRB,Gene,EDNRB,,DrugBank|MONDO|NCBI|REACTOME,
Drug:DB06138,IRL-1620,Drug,irl-1620,,DrugBank|NCBI,
Drug:DB06460,Enrasentan,Drug,enrasentan,,DrugBank|NCBI,
Drug:DB06558,Tezosentan,Drug,tezosentan,,DrugBank|NCBI,
Drug:DB00761,Potassium chloride,Drug,potassium chloride,,DrugBank|NCBI,
Gene:57468,SLC12A5,Gene,SLC12A5,,DrugBank|MONDO|MONDO_grouped|NCBI|REACTOME,
Drug:DB00001,Lepirudin,Drug,lepirudin,,DrugBank|NCBI,
Drug:DB00100,Coagulation Factor IX (Recombinant),Drug,coagulation factor ix (recombinant),,DrugBank|NCBI,
Drug:DB01123,Proflavine,Drug,proflavine,,DrugBank|NCBI,
Drug:DB01593,Zinc,Drug,zinc,,DrugBank|NCBI,
Drug:DB01725,"2-{2-hydroxy-[1,1'-biphenyl]-3-yl}-1H-1,3-benzodiazole-5-carboximidamide",Drug,"2-{2-hydroxy-[1,1'-biphenyl]-3-yl}-1h-1,3-benzodiazole-5-carboximidamide",,DrugBank|NCBI,
Drug:DB01766,Beta-(2-Naphthyl)-Alanine,Drug,beta-(2-naphthyl)-alanine,,DrugBank|NCBI,
Drug:DB01767,Hemi-Babim,Drug,hemi-babim,,DrugBank|NCBI,
Drug:DB02287,2-(2-hydroxy-phenyl)-3H-benzoimidazole-5-carboxamidine,Drug,2-(2-hydroxy-phenyl)-3h-benzoimidazole-5-carboxamidine,,DrugBank|NCBI,
Drug:DB02723,"4-Oxo-2-Phenylmethanesulfonyl-Octahydro-Pyrrolo[1,2-a]Pyrazine-6-Carboxylic Acid [1-(N-Hydroxycarbamimidoyl)-Piperidin-4-Ylmethyl]-Amide",Drug,"4-oxo-2-phenylmethanesulfonyl-octahydro-pyrrolo[1,2-a]pyrazine-6-carboxylic acid [1-(n-hydroxycarbamimidoyl)-piperidin-4-ylmethyl]-amide",,DrugBank|NCBI,
Drug:DB03136,4-Iodobenzo[B]Thiophene-2-Carboxamidine,Drug,4-iodobenzo[b]thiophene-2-carboxamidine,,DrugBank|NCBI,
Drug:DB03159,CRA_8696,Drug,cra_8696,,DrugBank|NCBI,
Drug:DB03847,gamma-carboxy-L-glutamic acid,Drug,gamma-carboxy-l-glutamic acid,,DrugBank|NCBI,
Drug:DB03865,6-Chloro-2-(2-Hydroxy-Biphenyl-3-Yl)-1h-Indole-5-Carboxamidine,Drug,6-chloro-2-(2-hydroxy-biphenyl-3-yl)-1h-indole-5-carboxamidine,,DrugBank|NCBI,
Drug:DB04136,Lysophosphotidylserine,Drug,lysophosphotidylserine,,DrugBank|NCBI,
Drug:DB04591,"N-{2,2-DIFLUORO-2-[(2R)-PIPERIDIN-2-YL]ETHYL}-2-[2-(1H-1,2,4-TRIAZOL-1-YL)BENZYL][1,3]OXAZOLO[4,5-C]PYRIDIN-4-AMINE",Drug,"n-{2,2-difluoro-2-[(2r)-piperidin-2-yl]ethyl}-2-[2-(1h-1,2,4-triazol-1-yl)benzyl][1,3]oxazolo[4,5-c]pyridin-4-amine",,DrugBank|NCBI,
Drug:DB04697,TRANS-4-(GUANIDINOMETHYL)-CYCLOHEXANE-L-YL-D-3-CYCLOHEXYLALANYL-L-AZETIDINE-2-YL-D-TYROSINYL-L-HOMOARGININAMIDE,Drug,trans-4-(guanidinomethyl)-cyclohexane-l-yl-d-3-cyclohexylalanyl-l-azetidine-2-yl-d-tyrosinyl-l-homoargininamide,,DrugBank|NCBI,
Drug:DB04722,"2-[3-chloro-6-[2,2-difluoro-2-(1-oxidopyridin-1-ium-2-yl)ethyl]imino-1-hydroxypyridin-2-yl]-N-[(1R)-1-(3-chlorophenyl)ethyl]acetamide",Drug,"2-[3-chloro-6-[2,2-difluoro-2-(1-oxidopyridin-1-ium-2-yl)ethyl]imino-1-hydroxypyridin-2-yl]-n-[(1r)-1-(3-chlorophenyl)ethyl]acetamide",,DrugBank|NCBI,
Drug:DB04771,1-GUANIDINO-4-(N-NITRO-BENZOYLAMINO-L-LEUCYL-L-PROLYLAMINO)BUTANE,Drug,1-guanidino-4-(n-nitro-benzoylamino-l-leucyl-l-prolylamino)butane,,DrugBank|NCBI,
Drug:DB04772,1-GUANIDINO-4-(N-PHENYLMETHANESULFONYL-L-LEUCYL-L-PROLYLAMINO)BUTANE,Drug,1-guanidino-4-(n-phenylmethanesulfonyl-l-leucyl-l-prolylamino)butane,,DrugBank|NCBI,
Drug:DB04898,Ximelagatran,Drug,ximelagatran,,DrugBank|NCBI,
Drug:DB05714,Flovagatran,Drug,flovagatran,,DrugBank|NCBI,
Drug:DB06404,Human C1-esterase inhibitor,Drug,human c1-esterase inhibitor,,DrugBank|NCBI,
Drug:DB06838,methyl L-phenylalaninate,Drug,methyl l-phenylalaninate,,DrugBank|NCBI,
Drug:DB06841,"[(2R)-1-[(2S)-2-[[(2S,3S)-1-Chloro-6-(diaminomethylideneamino)-2-hydroxyhexan-3-yl]carbamoyl]pyrrolidin-1-yl]-1-oxo-3-phenylpropan-2-yl]azanium",Drug,"[(2r)-1-[(2s)-2-[[(2s,3s)-1-chloro-6-(diaminomethylideneamino)-2-hydroxyhexan-3-yl]carbamoyl]pyrrolidin-1-yl]-1-oxo-3-phenylpropan-2-yl]azanium",,DrugBank|NCBI,
Drug:DB06845,(S)-N-(4-carbamimidoylbenzyl)-1-(2-(cyclopentylamino)ethanoyl)pyrrolidine-2-carboxamide,Drug,(s)-n-(4-carbamimidoylbenzyl)-1-(2-(cyclopentylamino)ethanoyl)pyrrolidine-2-carboxamide,,DrugBank|NCBI,
Drug:DB06850,(S)-N-(4-carbamimidoylbenzyl)-1-(2-(cyclohexylamino)ethanoyl)pyrrolidine-2-carboxamide,Drug,(s)-n-(4-carbamimidoylbenzyl)-1-(2-(cyclohexylamino)ethanoyl)pyrrolidine-2-carboxamide,,DrugBank|NCBI,
Drug:DB06853,N-cycloheptylglycyl-N-(4-carbamimidoylbenzyl)-L-prolinamide,Drug,n-cycloheptylglycyl-n-(4-carbamimidoylbenzyl)-l-prolinamide,,DrugBank|NCBI,
Drug:DB06858,N-cyclooctylglycyl-N-(4-carbamimidoylbenzyl)-L-prolinamide,Drug,n-cyclooctylglycyl-n-(4-carbamimidoylbenzyl)-l-prolinamide,,DrugBank|NCBI,
Drug:DB06859,N-ALLYL-5-AMIDINOAMINOOXY-PROPYLOXY-3-CHLORO-N-CYCLOPENTYLBENZAMIDE,Drug,n-allyl-5-amidinoaminooxy-propyloxy-3-chloro-n-cyclopentylbenzamide,,DrugBank|NCBI,
Drug:DB06861,6-(2-HYDROXY-CYCLOPENTYL)-7-OXO-HEPTANAMIDINE,Drug,6-(2-hydroxy-cyclopentyl)-7-oxo-heptanamidine,,DrugBank|NCBI,
Drug:DB06865,6-CARBAMIMIDOYL-2-[2-HYDROXY-6-(4-HYDROXY-PHENYL)-INDAN-1-YL]-HEXANOIC ACID,Drug,6-carbamimidoyl-2-[2-hydroxy-6-(4-hydroxy-phenyl)-indan-1-yl]-hexanoic acid,,DrugBank|NCBI,
Drug:DB06866,6-CARBAMIMIDOYL-2-[2-HYDROXY-5-(3-METHOXY-PHENYL)-INDAN-1-YL]-HEXANOIC ACID,Drug,6-carbamimidoyl-2-[2-hydroxy-5-(3-methoxy-phenyl)-indan-1-yl]-hexanoic acid,,DrugBank|NCBI,
Drug:DB06868,N-(3-chlorobenzyl)-1-(4-methylpentanoyl)-L-prolinamide,Drug,n-(3-chlorobenzyl)-1-(4-methylpentanoyl)-l-prolinamide,,DrugBank|NCBI,
Drug:DB06869,1-[2-AMINO-2-CYCLOHEXYL-ACETYL]-PYRROLIDINE-3-CARBOXYLIC ACID 5-CHLORO-2-(2-ETHYLCARBAMOYL-ETHOXY)-BENZYLAMIDE,Drug,1-[2-amino-2-cyclohexyl-acetyl]-pyrrolidine-3-carboxylic acid 5-chloro-2-(2-ethylcarbamoyl-ethoxy)-benzylamide,,DrugBank|NCBI,
Drug:DB06878,1-[(2R)-2-aminobutanoyl]-N-(3-chlorobenzyl)-L-prolinamide,Drug,1-[(2r)-2-aminobutanoyl]-n-(3-chlorobenzyl)-l-prolinamide,,DrugBank|NCBI,
Drug:DB06911,D-leucyl-N-(3-chlorobenzyl)-L-prolinamide,Drug,d-leucyl-n-(3-chlorobenzyl)-l-prolinamide,,DrugBank|NCBI,
Drug:DB06919,D-phenylalanyl-N-(3-chlorobenzyl)-L-prolinamide,Drug,d-phenylalanyl-n-(3-chlorobenzyl)-l-prolinamide,,DrugBank|NCBI,
Drug:DB06929,1-butanoyl-N-(4-carbamimidoylbenzyl)-L-prolinamide,Drug,1-butanoyl-n-(4-carbamimidoylbenzyl)-l-prolinamide,,DrugBank|NCBI,
Drug:DB06936,N-(4-carbamimidoylbenzyl)-1-(4-methylpentanoyl)-L-prolinamide,Drug,n-(4-carbamimidoylbenzyl)-1-(4-methylpentanoyl)-l-prolinamide,,DrugBank|NCBI,
Drug:DB06942,N-(4-carbamimidoylbenzyl)-1-(3-phenylpropanoyl)-L-prolinamide,Drug,n-(4-carbamimidoylbenzyl)-1-(3-phenylpropanoyl)-l-prolinamide,,DrugBank|NCBI,
Drug:DB06947,1-[(2R)-2-aminobutanoyl]-N-(4-carbamimidoylbenzyl)-L-prolinamide,Drug,1-[(2r)-2-aminobutanoyl]-n-(4-carbamimidoylbenzyl)-l-prolinamide,,DrugBank|NCBI,
Drug:DB06996,D-leucyl-N-(4-carbamimidoylbenzyl)-L-prolinamide,Drug,d-leucyl-n-(4-carbamimidoylbenzyl)-l-prolinamide,,DrugBank|NCBI,
Drug:DB07005,D-phenylalanyl-N-{4-[amino(iminio)methyl]benzyl}-L-prolinamide,Drug,d-phenylalanyl-n-{4-[amino(iminio)methyl]benzyl}-l-prolinamide,,DrugBank|NCBI,
Drug:DB07016,"(3R)-8-(dioxidosulfanyl)-3-methyl-1,2,3,4-tetrahydroquinoline",Drug,"(3r)-8-(dioxidosulfanyl)-3-methyl-1,2,3,4-tetrahydroquinoline",,DrugBank|NCBI,
Drug:DB07027,D-phenylalanyl-N-(3-fluorobenzyl)-L-prolinamide,Drug,d-phenylalanyl-n-(3-fluorobenzyl)-l-prolinamide,,DrugBank|NCBI,
Drug:DB07083,beta-phenyl-D-phenylalanyl-N-propyl-L-prolinamide,Drug,beta-phenyl-d-phenylalanyl-n-propyl-l-prolinamide,,DrugBank|NCBI,
Drug:DB07088,(S)-N-(4-carbamimidoylbenzyl)-1-(2-(cyclopentyloxy)ethanoyl)pyrrolidine-2-carboxamide,Drug,(s)-n-(4-carbamimidoylbenzyl)-1-(2-(cyclopentyloxy)ethanoyl)pyrrolidine-2-carboxamide,,DrugBank|NCBI,
Drug:DB07091,(S)-N-(4-carbamimidoylbenzyl)-1-(2-(cyclohexyloxy)ethanoyl)pyrrolidine-2-carboxamide,Drug,(s)-n-(4-carbamimidoylbenzyl)-1-(2-(cyclohexyloxy)ethanoyl)pyrrolidine-2-carboxamide,,DrugBank|NCBI,
Drug:DB07095,(S)-N-(4-carbamimidoylbenzyl)-1-(3-cyclopentylpropanoyl)pyrrolidine-2-carboxamide,Drug,(s)-n-(4-carbamimidoylbenzyl)-1-(3-cyclopentylpropanoyl)pyrrolidine-2-carboxamide,,DrugBank|NCBI,
Drug:DB07105,2-[2-(4-Chloro-Phenylsulfanyl)-Acetylamino]-3-(4-Guanidino-Phenyl)-Propionamide,Drug,2-[2-(4-chloro-phenylsulfanyl)-acetylamino]-3-(4-guanidino-phenyl)-propionamide,,DrugBank|NCBI,
Drug:DB07120,"3-Carbamimidamido-1,1-diphenylurea",Drug,"3-carbamimidamido-1,1-diphenylurea",,DrugBank|NCBI,
Drug:DB07128,"N7-BUTYL-N2-(5-CHLORO-2-METHYLPHENYL)-5-METHYL[1,2,4]TRIAZOLO[1,5-A]PYRIMIDINE-2,7-DIAMINE",Drug,"n7-butyl-n2-(5-chloro-2-methylphenyl)-5-methyl[1,2,4]triazolo[1,5-a]pyrimidine-2,7-diamine",,DrugBank|NCBI,
Drug:DB07131,(S)-N-(4-carbamimidoylbenzyl)-1-(3-cyclohexylpropanoyl)pyrrolidine-2-carboxamide,Drug,(s)-n-(4-carbamimidoylbenzyl)-1-(3-cyclohexylpropanoyl)pyrrolidine-2-carboxamide,,DrugBank|NCBI,
Drug:DB07133,D-phenylalanyl-N-(3-methylbenzyl)-L-prolinamide,Drug,d-phenylalanyl-n-(3-methylbenzyl)-l-prolinamide,,DrugBank|NCBI,
Drug:DB07143,D-phenylalanyl-N-benzyl-L-prolinamide,Drug,d-phenylalanyl-n-benzyl-l-prolinamide,,DrugBank|NCBI,
Drug:DB07165,N-(5-CHLORO-BENZO[B]THIOPHEN-3-YLMETHYL)-2-[6-CHLORO-OXO-3-(2-PYRIDIN-2-YL-ETHYLAMINO)-2H-PYRAZIN-1-YL]-ACETAMIDE,Drug,n-(5-chloro-benzo[b]thiophen-3-ylmethyl)-2-[6-chloro-oxo-3-(2-pyridin-2-yl-ethylamino)-2h-pyrazin-1-yl]-acetamide,,DrugBank|NCBI,
Drug:DB07190,3-cyclohexyl-D-alanyl-N-(3-chlorobenzyl)-L-prolinamide,Drug,3-cyclohexyl-d-alanyl-n-(3-chlorobenzyl)-l-prolinamide,,DrugBank|NCBI,
Drug:DB07211,(2R)-2-(5-CHLORO-2-THIENYL)-N-{(3S)-1-[(1S)-1-METHYL-2-MORPHOLIN-4-YL-2-OXOETHYL]-2-OXOPYRROLIDIN-3-YL}PROPENE-1-SULFONAMIDE,Drug,(2r)-2-(5-chloro-2-thienyl)-n-{(3s)-1-[(1s)-1-methyl-2-morpholin-4-yl-2-oxoethyl]-2-oxopyrrolidin-3-yl}propene-1-sulfonamide,,DrugBank|NCBI,
Drug:DB07277,2-(5-CHLORO-2-THIENYL)-N-{(3S)-1-[(1S)-1-METHYL-2-MORPHOLIN-4-YL-2-OXOETHYL]-2-OXOPYRROLIDIN-3-YL}ETHANESULFONAMIDE,Drug,2-(5-chloro-2-thienyl)-n-{(3s)-1-[(1s)-1-methyl-2-morpholin-4-yl-2-oxoethyl]-2-oxopyrrolidin-3-yl}ethanesulfonamide,,DrugBank|NCBI,
Drug:DB07278,GW-813893,Drug,gw-813893,,DrugBank|NCBI,
Drug:DB07279,N-ETHYL-N-ISOPROPYL-3-METHYL-5-{[(2S)-2-(PYRIDIN-4-YLAMINO)PROPYL]OXY}BENZAMIDE,Drug,n-ethyl-n-isopropyl-3-methyl-5-{[(2s)-2-(pyridin-4-ylamino)propyl]oxy}benzamide,,DrugBank|NCBI,
Drug:DB07353,"4-(2,5-DIAMINO-5-HYDROXY-PENTYL)-PHENOL",Drug,"4-(2,5-diamino-5-hydroxy-pentyl)-phenol",,DrugBank|NCBI,
Drug:DB07366,2-[N'-(4-AMINO-BUTYL)-HYDRAZINOCARBONYL]-PYRROLIDINE-1-CARBOXYLIC ACID BENZYL ESTER,Drug,2-[n'-(4-amino-butyl)-hydrazinocarbonyl]-pyrrolidine-1-carboxylic acid benzyl ester,,DrugBank|NCBI,
Drug:DB07376,5-(DIMETHYLAMINO)-1-NAPHTHALENESULFONIC ACID(DANSYL ACID),Drug,5-(dimethylamino)-1-naphthalenesulfonic acid(dansyl acid),,DrugBank|NCBI,
Drug:DB07400,1-ETHOXYCARBONYL-D-PHE-PRO-2(4-AMINOBUTYL)HYDRAZINE,Drug,1-ethoxycarbonyl-d-phe-pro-2(4-aminobutyl)hydrazine,,DrugBank|NCBI,
Drug:DB07440,4-TERT-BUTYLBENZENESULFONIC ACID,Drug,4-tert-butylbenzenesulfonic acid,,DrugBank|NCBI,
Drug:DB07461,"3-AMINO-3-BENZYL-9-CARBOXAMIDE[4.3.0]BICYCLO-1,6-DIAZANONAN-2-ONE",Drug,"3-amino-3-benzyl-9-carboxamide[4.3.0]bicyclo-1,6-diazanonan-2-one",,DrugBank|NCBI,
Drug:DB07508,4-(5-BENZENESULFONYLAMINO-1-METHYL-1H-BENZOIMIDAZOL-2-YLMETHYL)-BENZAMIDINE,Drug,4-(5-benzenesulfonylamino-1-methyl-1h-benzoimidazol-2-ylmethyl)-benzamidine,,DrugBank|NCBI,
Drug:DB07515,"1-(2-{[(6-amino-2-methylpyridin-3-yl)methyl]amino}ethyl)-6-chloro-3-[(2,2-difluoro-2-pyridin-2-ylethyl)amino]-1,4-dihydropyrazin-2-ol",Drug,"1-(2-{[(6-amino-2-methylpyridin-3-yl)methyl]amino}ethyl)-6-chloro-3-[(2,2-difluoro-2-pyridin-2-ylethyl)amino]-1,4-dihydropyrazin-2-ol",,DrugBank|NCBI,
Drug:DB07521,"(3Z,6S)-6-Chloro-1-(2-{[(5-chloro-1-benzothiophen-3-yl)methyl]amino}ethyl)-3-({2-[(2R)-2-piperidinyl]ethyl}imino)-2-piperazinol",Drug,"(3z,6s)-6-chloro-1-(2-{[(5-chloro-1-benzothiophen-3-yl)methyl]amino}ethyl)-3-({2-[(2r)-2-piperidinyl]ethyl}imino)-2-piperazinol",,DrugBank|NCBI,
Drug:DB07522,"N-[(2R,3S)-3-AMINO-2-HYDROXY-4-PHENYLBUTYL]NAPHTHALENE-2-SULFONAMIDE",Drug,"n-[(2r,3s)-3-amino-2-hydroxy-4-phenylbutyl]naphthalene-2-sulfonamide",,DrugBank|NCBI,
Drug:DB07527,"N-[(2R,3S)-3-AMINO-2-HYDROXY-4-PHENYLBUTYL]-4-METHOXY-2,3,6-TRIMETHYLBENZENESULFONAMIDE",Drug,"n-[(2r,3s)-3-amino-2-hydroxy-4-phenylbutyl]-4-methoxy-2,3,6-trimethylbenzenesulfonamide",,DrugBank|NCBI,
Drug:DB07548,"2-(6-CHLORO-3-{[2,2-DIFLUORO-2-(2-PYRIDINYL)ETHYL]AMINO}-2-OXO-1(2H)-PYRAZINYL)-N-[(2-FLUORO-6-PYRIDINYL)METHYL]ACETAMIDE",Drug,"2-(6-chloro-3-{[2,2-difluoro-2-(2-pyridinyl)ethyl]amino}-2-oxo-1(2h)-pyrazinyl)-n-[(2-fluoro-6-pyridinyl)methyl]acetamide",,DrugBank|NCBI,
Drug:DB07549,"2-(6-CHLORO-3-{[2,2-DIFLUORO-2-(2-PYRIDINYL)ETHYL]AMINO}-2-OXO-1(2H)-PYRAZINYL)-N-[(2-FLUORO-3-METHYL-6-PYRIDINYL)METHYL]ACETAMIDE",Drug,"2-(6-chloro-3-{[2,2-difluoro-2-(2-pyridinyl)ethyl]amino}-2-oxo-1(2h)-pyrazinyl)-n-[(2-fluoro-3-methyl-6-pyridinyl)methyl]acetamide",,DrugBank|NCBI,
Drug:DB07550,"2-(6-CHLORO-3-{[2,2-DIFLUORO-2-(1-OXIDO-2-PYRIDINYL)ETHYL]AMINO}-2-OXO-1(2H)-PYRAZINYL)-N-[(2-FLUOROPHENYL)METHYL]ACETAMIDE",Drug,"2-(6-chloro-3-{[2,2-difluoro-2-(1-oxido-2-pyridinyl)ethyl]amino}-2-oxo-1(2h)-pyrazinyl)-n-[(2-fluorophenyl)methyl]acetamide",,DrugBank|NCBI,
Drug:DB07639,3-(7-DIAMINOMETHYL-NAPHTHALEN-2-YL)-PROPIONIC ACID ETHYL ESTER,Drug,3-(7-diaminomethyl-naphthalen-2-yl)-propionic acid ethyl ester,,DrugBank|NCBI,
Drug:DB07658,AC-(D)Phe-pro-borolys-OH,Drug,ac-(d)phe-pro-borolys-oh,,DrugBank|NCBI,
Drug:DB07659,AC-(D)PHE-PRO-BOROHOMOLYS-OH,Drug,ac-(d)phe-pro-borohomolys-oh,,DrugBank|NCBI,
Drug:DB07660,AC-(D)PHE-PRO-BOROHOMOORNITHINE-OH,Drug,ac-(d)phe-pro-borohomoornithine-oh,,DrugBank|NCBI,
Drug:DB07665,"N-[2-(carbamimidamidooxy)ethyl]-2-{6-cyano-3-[(2,2-difluoro-2-pyridin-2-ylethyl)amino]-2-fluorophenyl}acetamide",Drug,"n-[2-(carbamimidamidooxy)ethyl]-2-{6-cyano-3-[(2,2-difluoro-2-pyridin-2-ylethyl)amino]-2-fluorophenyl}acetamide",,DrugBank|NCBI,
Drug:DB07718,4-Hydroxyphenylpyruvic acid,Drug,4-hydroxyphenylpyruvic acid,,DrugBank|NCBI,
Drug:DB07741,"4-(1R,3AS,4R,8AS,8BR)-[1-DIFLUOROMETHYL-2-(4-FLUOROBENZYL)-3-OXODECAHYDROPYRROLO[3,4-A]PYRROLIZIN-4-YL]BENZAMIDINE",Drug,"4-(1r,3as,4r,8as,8br)-[1-difluoromethyl-2-(4-fluorobenzyl)-3-oxodecahydropyrrolo[3,4-a]pyrrolizin-4-yl]benzamidine",,DrugBank|NCBI,
Drug:DB07796,"(3ASR,4RS,8ASR,8BRS)-4-(2-(4-FLUOROBENZYL)-1,3-DIOXODEACAHYDROPYRROLO[3,4-A] PYRROLIZIN-4-YL)BENZAMIDINE",Drug,"(3asr,4rs,8asr,8brs)-4-(2-(4-fluorobenzyl)-1,3-dioxodeacahydropyrrolo[3,4-a] pyrrolizin-4-yl)benzamidine",,DrugBank|NCBI,
Drug:DB07809,4-({[4-(3-METHYLBENZOYL)PYRIDIN-2-YL]AMINO}METHYL)BENZENECARBOXIMIDAMIDE,Drug,4-({[4-(3-methylbenzoyl)pyridin-2-yl]amino}methyl)benzenecarboximidamide,,DrugBank|NCBI,
Drug:DB07897,1-(HYDROXYMETHYLENEAMINO)-8-HYDROXY-OCTANE,Drug,1-(hydroxymethyleneamino)-8-hydroxy-octane,,DrugBank|NCBI,
Drug:DB07934,[[CYCLOHEXANESULFONYL-GLYCYL]-3[PYRIDIN-4-YL-AMINOMETHYL]ALANYL]PIPERIDINE,Drug,[[cyclohexanesulfonyl-glycyl]-3[pyridin-4-yl-aminomethyl]alanyl]piperidine,,DrugBank|NCBI,
Drug:DB07944,N-{3-METHYL-5-[2-(PYRIDIN-4-YLAMINO)-ETHOXY]-PHENYL}-BENZENESULFONAMIDE,Drug,n-{3-methyl-5-[2-(pyridin-4-ylamino)-ethoxy]-phenyl}-benzenesulfonamide,,DrugBank|NCBI,
Drug:DB07946,"N-[2-({[amino(imino)methyl]amino}oxy)ethyl]-2-{6-chloro-3-[(2,2-difluoro-2-phenylethyl)amino]-2-fluorophenyl}acetamide",Drug,"n-[2-({[amino(imino)methyl]amino}oxy)ethyl]-2-{6-chloro-3-[(2,2-difluoro-2-phenylethyl)amino]-2-fluorophenyl}acetamide",,DrugBank|NCBI,
Drug:DB08061,4-[3-(4-CHLOROPHENYL)-1H-PYRAZOL-5-YL]PIPERIDINE,Drug,4-[3-(4-chlorophenyl)-1h-pyrazol-5-yl]piperidine,,DrugBank|NCBI,
Drug:DB08062,"3-(4-CHLOROPHENYL)-5-(METHYLTHIO)-4H-1,2,4-TRIAZOLE",Drug,"3-(4-chlorophenyl)-5-(methylthio)-4h-1,2,4-triazole",,DrugBank|NCBI,
Drug:DB08152,{(2S)-1-[N-(tert-butoxycarbonyl)glycyl]pyrrolidin-2-yl}methyl (3-chlorophenyl)acetate,Drug,{(2s)-1-[n-(tert-butoxycarbonyl)glycyl]pyrrolidin-2-yl}methyl (3-chlorophenyl)acetate,,DrugBank|NCBI,
Drug:DB08187,N-Methylphenylalanyl-N-[(trans-4-aminocyclohexyl)methyl]-L-prolinamide,Drug,n-methylphenylalanyl-n-[(trans-4-aminocyclohexyl)methyl]-l-prolinamide,,DrugBank|NCBI,
Drug:DB08254,2-Naphthalenesulfonic acid,Drug,2-naphthalenesulfonic acid,,DrugBank|NCBI,
Drug:DB08422,[PHENYLALANINYL-PROLINYL]-[2-(PYRIDIN-4-YLAMINO)-ETHYL]-AMINE,Drug,[phenylalaninyl-prolinyl]-[2-(pyridin-4-ylamino)-ethyl]-amine,,DrugBank|NCBI,
Drug:DB08546,"4-[(3AS,4R,7R,8AS,8BR)-2-(1,3-BENZODIOXOL-5-YLMETHYL)-7-HYDROXY-1,3-DIOXODECAHYDROPYRROLO[3,4-A]PYRROLIZIN-4-YL]BENZENECARBOXIMIDAMIDE",Drug,"4-[(3as,4r,7r,8as,8br)-2-(1,3-benzodioxol-5-ylmethyl)-7-hydroxy-1,3-dioxodecahydropyrrolo[3,4-a]pyrrolizin-4-yl]benzenecarboximidamide",,DrugBank|NCBI,
Drug:DB08624,"1-[(4S)-4-amino-5-(1,3-benzothiazol-2-yl)-5-oxopentyl]guanidine",Drug,"1-[(4s)-4-amino-5-(1,3-benzothiazol-2-yl)-5-oxopentyl]guanidine",,DrugBank|NCBI,
Drug:DB09109,Turoctocog alfa,Drug,turoctocog alfa,,DrugBank|NCBI,
Drug:DB09228,Conestat alfa,Drug,conestat alfa,,DrugBank|NCBI,
Drug:DB09332,Kappadione,Drug,kappadione,,DrugBank|NCBI,
Drug:DB11166,Antithrombin Alfa,Drug,antithrombin alfa,,DrugBank|NCBI,
Drug:DB12598,Nafamostat,Drug,nafamostat,,DrugBank|NCBI,
Drug:DB13152,Coagulation Factor IX Human,Drug,coagulation factor ix human,,DrugBank|NCBI,
Drug:DB00855,Aminolevulinic acid,Drug,aminolevulinic acid,,DrugBank|NCBI,
Gene:210,ALAD,Gene,ALAD,,DrugBank|MONDO|NCBI|REACTOME,
Drug:DB02068,Delta-Amino Valeric Acid,Drug,delta-amino valeric acid,,DrugBank|NCBI,
Drug:DB02239,Laevulinic Acid,Drug,laevulinic acid,,DrugBank|NCBI,
Drug:DB02260,4-Oxosebacic Acid,Drug,4-oxosebacic acid,,DrugBank|NCBI,
Drug:DB02272,Porphobilinogen,Drug,porphobilinogen,,DrugBank|NCBI,
Drug:DB02878,3-(2-Aminoethyl)-4-(Aminomethyl)Heptanedioic Acid,Drug,3-(2-aminoethyl)-4-(aminomethyl)heptanedioic acid,,DrugBank|NCBI,
Drug:DB04560,"4,7-Dioxosebacic Acid",Drug,"4,7-dioxosebacic acid",,DrugBank|NCBI,
Drug:DB04781,5-hydroxyvaleric acid,Drug,5-hydroxyvaleric acid,,DrugBank|NCBI,
Drug:DB01108,Trilostane,Drug,trilostane,,DrugBank|NCBI,
Gene:4318,MMP9,Gene,MMP9,,DrugBank|MONDO|MONDO_grouped|NCBI|REACTOME,
Drug:DB00786,Marimastat,Drug,marimastat,,DrugBank|NCBI,
Drug:DB01296,Glucosamine,Drug,glucosamine,,DrugBank|NCBI,
Drug:DB01949,"2-Amino-N,3,3-Trimethylbutanamide",Drug,"2-amino-n,3,3-trimethylbutanamide",,DrugBank|NCBI,
Drug:DB03683,2-{[Formyl(Hydroxy)Amino]Methyl}-4-Methylpentanoic Acid,Drug,2-{[formyl(hydroxy)amino]methyl}-4-methylpentanoic acid,,DrugBank|NCBI,
Drug:DB05387,AE-941,Drug,ae-941,,DrugBank|NCBI,
Drug:DB05495,PG-530742,Drug,pg-530742,,DrugBank|NCBI,
Drug:DB07117,"5-(4-PHENOXYPHENYL)-5-(4-PYRIMIDIN-2-YLPIPERAZIN-1-YL)PYRIMIDINE-2,4,6(2H,3H)-TRIONE",Drug,"5-(4-phenoxyphenyl)-5-(4-pyrimidin-2-ylpiperazin-1-yl)pyrimidine-2,4,6(2h,3h)-trione",,DrugBank|NCBI,
Drug:DB07246,"(2R)-2-AMINO-3,3,3-TRIFLUORO-N-HYDROXY-2-{[(4-PHENOXYPHENYL)SULFONYL]METHYL}PROPANAMIDE",Drug,"(2r)-2-amino-3,3,3-trifluoro-n-hydroxy-2-{[(4-phenoxyphenyl)sulfonyl]methyl}propanamide",,DrugBank|NCBI,
Drug:DB07285,"(3R)-4,4-DIFLUORO-3-[(4-METHOXYPHENYL)SULFONYL]BUTANOIC ACID",Drug,"(3r)-4,4-difluoro-3-[(4-methoxyphenyl)sulfonyl]butanoic acid",,DrugBank|NCBI,
Gene:1268,CNR1,Gene,CNR1,,DrugBank|MONDO_grouped|NCBI|REACTOME,
Drug:DB02955,Ricinoleic Acid,Drug,ricinoleic acid,,DrugBank|NCBI,
Drug:DB05077,SLV319,Drug,slv319,,DrugBank|NCBI,
Drug:DB05201,V24343,Drug,v24343,,DrugBank|NCBI,
Drug:DB05750,AVE-1625,Drug,ave-1625,,DrugBank|NCBI,
Drug:DB11745,Otenabant,Drug,otenabant,,DrugBank|NCBI,
Drug:DB11755,Tetrahydrocannabivarin,Drug,tetrahydrocannabivarin,,DrugBank|NCBI,
Drug:DB00073,Rituximab,Drug,rituximab,,DrugBank|NCBI,
Gene:931,MS4A1,Gene,MS4A1,,DrugBank|MONDO|NCBI,
Drug:DB00078,Ibritumomab tiuxetan,Drug,ibritumomab tiuxetan,,DrugBank|NCBI,
Drug:DB00081,Tositumomab,Drug,tositumomab,,DrugBank|NCBI,
Drug:DB06650,Ofatumumab,Drug,ofatumumab,,DrugBank|NCBI,
Drug:DB08935,Obinutuzumab,Drug,obinutuzumab,,DrugBank|NCBI,
Drug:DB09336,Technetium Tc-99m nofetumomab merpentan,Drug,technetium tc-99m nofetumomab merpentan,,DrugBank|NCBI,
Drug:DB11988,Ocrelizumab,Drug,ocrelizumab,,DrugBank|NCBI,
Drug:DB01821,"L-N(omega)-Nitroarginine-2,4-L-diaminobutyric amide",Drug,"l-n(omega)-nitroarginine-2,4-l-diaminobutyric amide",,DrugBank|NCBI,
Drug:DB01942,Formic acid,Drug,formic acid,,DrugBank|NCBI,
Drug:DB02027,N-{(4S)-4-Amino-5-[(2-aminoethyl)amino]pentyl}-N'-nitroguanidine,Drug,n-{(4s)-4-amino-5-[(2-aminoethyl)amino]pentyl}-n'-nitroguanidine,,DrugBank|NCBI,
Drug:DB02077,L-N(omega)-nitroarginine-(4R)-amino-L-proline amide,Drug,l-n(omega)-nitroarginine-(4r)-amino-l-proline amide,,DrugBank|NCBI,
Drug:DB02143,1-hydroxy-2-isopropylguanidine,Drug,1-hydroxy-2-isopropylguanidine,,DrugBank|NCBI,
Drug:DB02727,2-butyl-1-hydroxyguanidine,Drug,2-butyl-1-hydroxyguanidine,,DrugBank|NCBI,
Drug:DB02991,S-Ethyl-N-[4-(Trifluoromethyl)Phenyl]Isothiourea,Drug,s-ethyl-n-[4-(trifluoromethyl)phenyl]isothiourea,,DrugBank|NCBI,
Drug:DB03247,Flavin mononucleotide,Drug,flavin mononucleotide,,DrugBank|NCBI,
Drug:DB03461,Nicotinamide adenine dinucleotide phosphate,Drug,nicotinamide adenine dinucleotide phosphate,,DrugBank|NCBI,
Drug:DB03707,S-Ethyl-N-Phenyl-Isothiourea,Drug,s-ethyl-n-phenyl-isothiourea,,DrugBank|NCBI,
Drug:DB03710,[(1S)-4-(1-Aminobutylideneamino)-1-carboxybutyl]azanium,Drug,[(1s)-4-(1-aminobutylideneamino)-1-carboxybutyl]azanium,,DrugBank|NCBI,
Drug:DB03892,5-N-Allyl-arginine,Drug,5-n-allyl-arginine,,DrugBank|NCBI,
Drug:DB04223,Nitroarginine,Drug,nitroarginine,,DrugBank|NCBI,
Drug:DB06096,NXN-188,Drug,nxn-188,,DrugBank|NCBI,
Drug:DB08018,"N-{(3S,4S)-4-[(6-AMINO-4-METHYLPYRIDIN-2-YL)METHYL]PYRROLIDIN-3-YL}-N'-(4-CHLOROBENZYL)ETHANE-1,2-DIAMINE",Drug,"n-{(3s,4s)-4-[(6-amino-4-methylpyridin-2-yl)methyl]pyrrolidin-3-yl}-n'-(4-chlorobenzyl)ethane-1,2-diamine",,DrugBank|NCBI,
Drug:DB08019,"N-{(3R,4S)-4-[(6-amino-4-methylpyridin-2-yl)methyl]pyrrolidin-3-yl}-N'-(3-chlorobenzyl)ethane-1,2-diamine",Drug,"n-{(3r,4s)-4-[(6-amino-4-methylpyridin-2-yl)methyl]pyrrolidin-3-yl}-n'-(3-chlorobenzyl)ethane-1,2-diamine",,DrugBank|NCBI,
Gene:3945,LDHB,Gene,LDHB,,DrugBank|MONDO|NCBI|REACTOME,
Drug:DB02401,"4-Hydroxy-1,2,5-oxadiazole-3-carboxylic acid",Drug,"4-hydroxy-1,2,5-oxadiazole-3-carboxylic acid",,DrugBank|NCBI,
Drug:DB03940,Oxamic Acid,Drug,oxamic acid,,DrugBank|NCBI,
Gene:5465,PPARA,Gene,PPARA,,DrugBank|MONDO|MONDO_grouped|NCBI|REACTOME,
Drug:DB01890,"N,N-Bis(3-(D-gluconamido)propyl)deoxycholamide",Drug,"n,n-bis(3-(d-gluconamido)propyl)deoxycholamide",,DrugBank|NCBI,
Drug:DB02746,Phthalic Acid,Drug,phthalic acid,,DrugBank|NCBI,
Drug:DB03756,Doconexent,Drug,doconexent,,DrugBank|NCBI,
Drug:DB04519,Caprylic acid,Drug,caprylic acid,,DrugBank|NCBI,
Drug:DB04971,Reglitazar,Drug,reglitazar,,DrugBank|NCBI,
Drug:DB05187,Elafibranor,Drug,elafibranor,,DrugBank|NCBI,
Drug:DB05416,Cardarine,Drug,cardarine,,DrugBank|NCBI,
Drug:DB06521,Ertiprotafib,Drug,ertiprotafib,,DrugBank|NCBI,
Drug:DB06533,Ragaglitazar,Drug,ragaglitazar,,DrugBank|NCBI,
Drug:DB06536,Tesaglitazar,Drug,tesaglitazar,,DrugBank|NCBI,
Drug:DB07215,GW-590735,Drug,gw-590735,,DrugBank|NCBI,
Drug:DB07724,Indeglitazar,Drug,indeglitazar,,DrugBank|NCBI,
Drug:DB08915,Aleglitazar,Drug,aleglitazar,,DrugBank|NCBI,
Drug:DB09006,Clinofibrate,Drug,clinofibrate,,DrugBank|NCBI,
Drug:DB09064,Ciprofibrate,Drug,ciprofibrate,,DrugBank|NCBI,
Drug:DB09422,Soybean oil,Drug,soybean oil,,DrugBank|NCBI,
Drug:DB12007,Isoflavone,Drug,isoflavone,,DrugBank|NCBI,
Drug:DB12961,Leukotriene B4,Drug,leukotriene b4,,DrugBank|NCBI,
Drug:DB13873,Fenofibric acid,Drug,fenofibric acid,,DrugBank|NCBI,
Drug:DB00052,Somatotropin,Drug,somatotropin,,DrugBank|NCBI,
Gene:2690,GHR,Gene,GHR,,DrugBank|MONDO|MONDO_grouped|NCBI|REACTOME,
Drug:DB09098,Somatrem,Drug,somatrem,,DrugBank|NCBI,
Drug:DB00210,Adapalene,Drug,adapalene,,DrugBank|NCBI,
Gene:6257,RXRB,Gene,RXRB,,DrugBank|MONDO|NCBI|REACTOME,
Drug:DB01941,LG-100268,Drug,lg-100268,,DrugBank|NCBI,
Drug:DB07080,TO-901317,Drug,to-901317,,DrugBank|NCBI,
Drug:DB07929,"N-(TERT-BUTYL)-3,5-DIMETHYL-N'-[(5-METHYL-2,3-DIHYDRO-1,4-BENZODIOXIN-6-YL)CARBONYL]BENZOHYDRAZIDE",Drug,"n-(tert-butyl)-3,5-dimethyl-n'-[(5-methyl-2,3-dihydro-1,4-benzodioxin-6-yl)carbonyl]benzohydrazide",,DrugBank|NCBI,
Drug:DB08175,"(2E,4E)-11-METHOXY-3,7,11-TRIMETHYLDODECA-2,4-DIENOIC ACID",Drug,"(2e,4e)-11-methoxy-3,7,11-trimethyldodeca-2,4-dienoic acid",,DrugBank|NCBI,
Drug:DB12095,Telotristat ethyl,Drug,telotristat ethyl,,DrugBank|NCBI,
Drug:DB00148,Creatine,Drug,creatine,,DrugBank|NCBI,
Drug:DB13191,Phosphocreatine,Drug,phosphocreatine,,DrugBank|NCBI,
Gene:3360,HTR4,Gene,HTR4,,DrugBank|MONDO_grouped|NCBI|REACTOME,
Drug:DB04873,Piboserod,Drug,piboserod,,DrugBank|NCBI,
Drug:DB04917,Renzapride,Drug,renzapride,,DrugBank|NCBI,
Drug:DB05542,Naronapride,Drug,naronapride,,DrugBank|NCBI,
Drug:DB05905,TD-2749,Drug,td-2749,,DrugBank|NCBI,
Drug:DB06422,Ticalopride,Drug,ticalopride,,DrugBank|NCBI,
Drug:DB08810,Cinitapride,Drug,cinitapride,,DrugBank|NCBI,
Drug:DB12702,Velusetrag,Drug,velusetrag,,DrugBank|NCBI,
Gene:5351,PLOD1,Gene,PLOD1,,DrugBank|MONDO|NCBI|REACTOME,
Drug:DB00119,Pyruvic acid,Drug,pyruvic acid,,DrugBank|NCBI,
Drug:DB01733,L-Phospholactate,Drug,l-phospholactate,,DrugBank|NCBI,
Drug:DB02726,2-Phosphoglycolic Acid,Drug,2-phosphoglycolic acid,,DrugBank|NCBI,
Drug:DB07628,"6-(2-fluorobenzyl)-2,4-dimethyl-4,6-dihydro-5H-thieno[2',3':4,5]pyrrolo[2,3-d]pyridazin-5-one",Drug,"6-(2-fluorobenzyl)-2,4-dimethyl-4,6-dihydro-5h-thieno[2',3':4,5]pyrrolo[2,3-d]pyridazin-5-one",,DrugBank|NCBI,
Drug:DB07692,"1-[(2,6-difluorophenyl)sulfonyl]-4-(2,3-dihydro-1,4-benzodioxin-6-ylsulfonyl)piperazine",Drug,"1-[(2,6-difluorophenyl)sulfonyl]-4-(2,3-dihydro-1,4-benzodioxin-6-ylsulfonyl)piperazine",,DrugBank|NCBI,
Drug:DB07697,"1-(2,3-dihydro-1,4-benzodioxin-6-ylsulfonyl)-4-[(4-methoxyphenyl)sulfonyl]piperazine",Drug,"1-(2,3-dihydro-1,4-benzodioxin-6-ylsulfonyl)-4-[(4-methoxyphenyl)sulfonyl]piperazine",,DrugBank|NCBI,
Gene:3757,KCNH2,Gene,KCNH2,,DrugBank|MONDO|MONDO_grouped|NCBI|REACTOME,
Drug:DB00276,Amsacrine,Drug,amsacrine,,DrugBank|NCBI,
Drug:DB00308,Ibutilide,Drug,ibutilide,,DrugBank|NCBI,
Drug:DB00457,Prazosin,Drug,prazosin,,DrugBank|NCBI,
Drug:DB01162,Terazosin,Drug,terazosin,,DrugBank|NCBI,
Drug:DB06457,Tecastemizole,Drug,tecastemizole,,DrugBank|NCBI,
Drug:DB11090,Potassium nitrate,Drug,potassium nitrate,,DrugBank|NCBI,
Drug:DB11186,Pentoxyverine,Drug,pentoxyverine,,DrugBank|NCBI,
Drug:DB11386,Chlorobutanol,Drug,chlorobutanol,,DrugBank|NCBI,
Gene:1128,CHRM1,Gene,CHRM1,,DrugBank|MONDO_grouped|NCBI|REACTOME,
Drug:DB00219,Oxyphenonium,Drug,oxyphenonium,,DrugBank|NCBI,
Drug:DB00354,Buclizine,Drug,buclizine,,DrugBank|NCBI,
Drug:DB00376,Trihexyphenidyl,Drug,trihexyphenidyl,,DrugBank|NCBI,
Drug:DB00383,Oxyphencyclimine,Drug,oxyphencyclimine,,DrugBank|NCBI,
Drug:DB00387,Procyclidine,Drug,procyclidine,,DrugBank|NCBI,
Drug:DB00424,Hyoscyamine,Drug,hyoscyamine,,DrugBank|NCBI,
Drug:DB00462,Methscopolamine bromide,Drug,methscopolamine bromide,,DrugBank|NCBI,
Drug:DB00483,Gallamine triethiodide,Drug,gallamine triethiodide,,DrugBank|NCBI,
Drug:DB00505,Tridihexethyl,Drug,tridihexethyl,,DrugBank|NCBI,
Drug:DB00517,Anisotropine methylbromide,Drug,anisotropine methylbromide,,DrugBank|NCBI,
Drug:DB00572,Atropine,Drug,atropine,,DrugBank|NCBI,
Drug:DB00670,Pirenzepine,Drug,pirenzepine,,DrugBank|NCBI,
Drug:DB00725,Homatropine methylbromide,Drug,homatropine methylbromide,,DrugBank|NCBI,
Drug:DB00747,Scopolamine,Drug,scopolamine,,DrugBank|NCBI,
Drug:DB00767,Benzquinamide,Drug,benzquinamide,,DrugBank|NCBI,
Drug:DB00771,Clidinium,Drug,clidinium,,DrugBank|NCBI,
Drug:DB00782,Propantheline,Drug,propantheline,,DrugBank|NCBI,
Drug:DB00804,Dicyclomine,Drug,dicyclomine,,DrugBank|NCBI,
Drug:DB00809,Tropicamide,Drug,tropicamide,,DrugBank|NCBI,
Drug:DB00835,Brompheniramine,Drug,brompheniramine,,DrugBank|NCBI,
Drug:DB00942,Cycrimine,Drug,cycrimine,,DrugBank|NCBI,
Drug:DB00986,Glycopyrronium,Drug,glycopyrronium,,DrugBank|NCBI,
Drug:DB01019,Bethanechol,Drug,bethanechol,,DrugBank|NCBI,
Drug:DB01148,Flavoxate,Drug,flavoxate,,DrugBank|NCBI,
Drug:DB01231,Diphenidol,Drug,diphenidol,,DrugBank|NCBI,
Drug:DB01618,Molindone,Drug,molindone,,DrugBank|MONDO_grouped|NCBI,
Drug:DB02010,Staurosporine,Drug,staurosporine,,DrugBank|NCBI,
Drug:DB03128,Acetylcholine,Drug,acetylcholine,,DrugBank|NCBI,
Drug:DB04365,Arecoline,Drug,arecoline,,DrugBank|NCBI,
Drug:DB04843,Mepenzolate,Drug,mepenzolate,,DrugBank|NCBI,
Drug:DB05152,NGX267,Drug,ngx267,,DrugBank|NCBI,
Drug:DB05752,ALKS 27,Drug,alks 27,,DrugBank|NCBI,
Drug:DB05766,ACP-104,Drug,acp-104,,DrugBank|NCBI,
Drug:DB06153,Pizotifen,Drug,pizotifen,,DrugBank|NCBI,
Drug:DB06787,Hexocyclium,Drug,hexocyclium,,DrugBank|NCBI,
Drug:DB11235,Thonzylamine,Drug,thonzylamine,,DrugBank|NCBI,
Drug:DB13581,Rociverine,Drug,rociverine,,DrugBank|NCBI,
Gene:1269,CNR2,Gene,CNR2,,DrugBank|MONDO|MONDO_grouped|NCBI|REACTOME,
Drug:DB06202,Lasofoxifene,Drug,lasofoxifene,,DrugBank|NCBI,
Gene:92483,LDHAL6B,Gene,LDHAL6B,,DrugBank|MONDO|NCBI|REACTOME,
Drug:DB00113,Technetium Tc-99m arcitumomab,Drug,technetium tc-99m arcitumomab,,DrugBank|NCBI,
Gene:634,CEACAM1,Gene,CEACAM1,,DrugBank|MONDO|NCBI|REACTOME,
Drug:DB04633,"N-ethyl-N-[3-(propylamino)propyl]propane-1,3-diamine",Drug,"n-ethyl-n-[3-(propylamino)propyl]propane-1,3-diamine",,DrugBank|NCBI,
Gene:5423,POLB,Gene,POLB,,DrugBank|MONDO|NCBI|REACTOME,
Drug:DB01592,Iron,Drug,iron,,DrugBank|NCBI,
Drug:DB03222,dATP,Drug,datp,,DrugBank|NCBI,
Drug:DB07479,"(1S)-1,2,3,4-TETRAHYDRO-BENZO[C]PHENANTHRENE-2,3,4-TRIOL",Drug,"(1s)-1,2,3,4-tetrahydro-benzo[c]phenanthrene-2,3,4-triol",,DrugBank|NCBI,
Drug:DB14488,Ferrous gluconate,Drug,ferrous gluconate,,DrugBank|NCBI,
Drug:DB14489,Ferrous succinate,Drug,ferrous succinate,,DrugBank|NCBI,
Drug:DB14490,Ferrous ascorbate,Drug,ferrous ascorbate,,DrugBank|NCBI,
Drug:DB14491,Ferrous fumarate,Drug,ferrous fumarate,,DrugBank|MONDO|MONDO_grouped|NCBI,
Drug:DB14501,Ferrous glycine sulfate,Drug,ferrous glycine sulfate,,DrugBank|NCBI,
Drug:DB00173,Adenine,Drug,adenine,,DrugBank|NCBI,
Drug:DB01632,5-O-phosphono-alpha-D-ribofuranosyl diphosphate,Drug,5-o-phosphono-alpha-d-ribofuranosyl diphosphate,,DrugBank|NCBI,
Drug:DB03506,9-Deazaadenine,Drug,9-deazaadenine,,DrugBank|NCBI,
Drug:DB04272,Citric acid,Drug,citric acid,,DrugBank|NCBI,
Gene:5740,PTGIS,Gene,PTGIS,,DrugBank|MONDO|NCBI|REACTOME,
Drug:DB01240,Epoprostenol,Drug,epoprostenol,,DrugBank|NCBI,
Drug:DB08675,"(5Z)-7-{(1R,4S,5R,6R)-6-[(1E)-1-Octen-1-yl]-2,3-diazabicyclo[2.2.1]hept-2-en-5-yl}-5-heptenoic acid",Drug,"(5z)-7-{(1r,4s,5r,6r)-6-[(1e)-1-octen-1-yl]-2,3-diazabicyclo[2.2.1]hept-2-en-5-yl}-5-heptenoic acid",,DrugBank|NCBI,
Gene:6571,SLC18A2,Gene,SLC18A2,,DrugBank|MONDO_grouped|NCBI|REACTOME,
Drug:DB00368,Norepinephrine,Drug,norepinephrine,,DrugBank|NCBI,
Drug:DB00579,Mazindol,Drug,mazindol,,DrugBank|NCBI,
Drug:DB01089,Deserpidine,Drug,deserpidine,,DrugBank|NCBI,
Drug:DB01363,Ephedra sinica root,Drug,ephedra sinica root,,DrugBank|NCBI,
Drug:DB01442,MMDA,Drug,mmda,,DrugBank|NCBI,
Drug:DB04821,Nomifensine,Drug,nomifensine,,DrugBank|NCBI,
Drug:DB05381,Histamine,Drug,histamine,,DrugBank|NCBI,
Drug:DB06706,Isometheptene,Drug,isometheptene,,DrugBank|NCBI,
Drug:DB06714,Propylhexedrine,Drug,propylhexedrine,,DrugBank|NCBI,
Drug:DB08839,Serotonin,Drug,serotonin,,DrugBank|NCBI,
Gene:19,ABCA1,Gene,ABCA1,,DrugBank|MONDO|MONDO_grouped|NCBI|REACTOME,
Drug:DB01599,Probucol,Drug,probucol,,DrugBank|NCBI,
Drug:DB05199,LX1031,Drug,lx1031,,DrugBank|NCBI,
Gene:2099,ESR1,Gene,ESR1,,DrugBank|MONDO|MONDO_grouped|NCBI|REACTOME,
Drug:DB00431,Lindane,Drug,lindane,,DrugBank|NCBI,
Drug:DB00756,Hexachlorophene,Drug,hexachlorophene,,DrugBank|NCBI,
Drug:DB00890,Dienestrol,Drug,dienestrol,,DrugBank|NCBI,
Drug:DB01428,Oxybenzone,Drug,oxybenzone,,DrugBank|NCBI,
Drug:DB01431,Allylestrenol,Drug,allylestrenol,,DrugBank|NCBI,
Drug:DB01878,Benzophenone,Drug,benzophenone,,DrugBank|NCBI,
Drug:DB02615,Compound 19,Drug,compound 19,,DrugBank|NCBI,
Drug:DB02715,Compound 18,Drug,compound 18,,DrugBank|NCBI,
Drug:DB02757,Pyrazole,Drug,pyrazole,,DrugBank|NCBI,
Drug:DB03467,Naringenin,Drug,naringenin,,DrugBank|NCBI,
Drug:DB03742,Compound 4-D,Drug,compound 4-d,,DrugBank|NCBI,
Drug:DB03802,"1-[4-(Octahydro-Pyrido[1,2-a]Pyrazin-2-Yl)-Phenyl]-2-Phenyl-1,2,3,4-Tetrahydro-Isoquinolin-6-Ol",Drug,"1-[4-(octahydro-pyrido[1,2-a]pyrazin-2-yl)-phenyl]-2-phenyl-1,2,3,4-tetrahydro-isoquinolin-6-ol",,DrugBank|NCBI,
Drug:DB04468,Afimoxifene,Drug,afimoxifene,,DrugBank|NCBI,
Drug:DB04471,"2-Phenyl-1-[4-(2-Piperidin-1-Yl-Ethoxy)-Phenyl]-1,2,3,4-Tetrahydro-Isoquinolin-6-Ol",Drug,"2-phenyl-1-[4-(2-piperidin-1-yl-ethoxy)-phenyl]-1,2,3,4-tetrahydro-isoquinolin-6-ol",,DrugBank|NCBI,
Drug:DB04573,Estriol,Drug,estriol,,DrugBank|NCBI,
Drug:DB04575,Quinestrol,Drug,quinestrol,,DrugBank|MONDO|NCBI,
Drug:DB04824,Phenolphthalein,Drug,phenolphthalein,,DrugBank|NCBI,
Drug:DB05233,AP1081,Drug,ap1081,,DrugBank|NCBI,
Drug:DB05487,Custirsen,Drug,custirsen,,DrugBank|NCBI,
Drug:DB05662,NP-50301,Drug,np-50301,,DrugBank|NCBI,
Drug:DB05882,CHF 4227,Drug,chf 4227,,DrugBank|NCBI,
Drug:DB05966,TAS-108,Drug,tas-108,,DrugBank|NCBI,
Drug:DB06249,Arzoxifene,Drug,arzoxifene,,DrugBank|NCBI,
Drug:DB06374,Elacestrant,Drug,elacestrant,,DrugBank|NCBI,
Drug:DB06401,Bazedoxifene,Drug,bazedoxifene,,DrugBank|NCBI,
Drug:DB06871,17-METHYL-17-ALPHA-DIHYDROEQUILENIN,Drug,17-methyl-17-alpha-dihydroequilenin,,DrugBank|NCBI,
Drug:DB06898,"4-(2-amino-1-methyl-1H-imidazo[4,5-b]pyridin-6-yl)phenol",Drug,"4-(2-amino-1-methyl-1h-imidazo[4,5-b]pyridin-6-yl)phenol",,DrugBank|NCBI,
Drug:DB06927,[5-HYDROXY-2-(4-HYDROXYPHENYL)-1-BENZOFURAN-7-YL]ACETONITRILE,Drug,[5-hydroxy-2-(4-hydroxyphenyl)-1-benzofuran-7-yl]acetonitrile,,DrugBank|NCBI,
Drug:DB07086,"4-[(1S,2S,5S)-5-(HYDROXYMETHYL)-8-METHYL-3-OXABICYCLO[3.3.1]NON-7-EN-2-YL]PHENOL",Drug,"4-[(1s,2s,5s)-5-(hydroxymethyl)-8-methyl-3-oxabicyclo[3.3.1]non-7-en-2-yl]phenol",,DrugBank|NCBI,
Drug:DB07087,"4-[(1S,2S,5S,9R)-5-(HYDROXYMETHYL)-8,9-DIMETHYL-3-OXABICYCLO[3.3.1]NON-7-EN-2-YL]PHENOL",Drug,"4-[(1s,2s,5s,9r)-5-(hydroxymethyl)-8,9-dimethyl-3-oxabicyclo[3.3.1]non-7-en-2-yl]phenol",,DrugBank|NCBI,
Drug:DB07195,"4-[(1S,2S,5S)-5-(HYDROXYMETHYL)-6,8,9-TRIMETHYL-3-OXABICYCLO[3.3.1]NON-7-EN-2-YL]PHENOL",Drug,"4-[(1s,2s,5s)-5-(hydroxymethyl)-6,8,9-trimethyl-3-oxabicyclo[3.3.1]non-7-en-2-yl]phenol",,DrugBank|NCBI,
Drug:DB07567,"(2R,3R,4S)-3-(4-HYDROXYPHENYL)-4-METHYL-2-[4-(2-PYRROLIDIN-1-YLETHOXY)PHENYL]CHROMAN-6-OL",Drug,"(2r,3r,4s)-3-(4-hydroxyphenyl)-4-methyl-2-[4-(2-pyrrolidin-1-ylethoxy)phenyl]chroman-6-ol",,DrugBank|NCBI,
Drug:DB07638,"(3AS,4R,9BR)-2,2-DIFLUORO-4-(4-HYDROXYPHENYL)-1,2,3,3A,4,9B-HEXAHYDROCYCLOPENTA[C]CHROMEN-8-OL",Drug,"(3as,4r,9br)-2,2-difluoro-4-(4-hydroxyphenyl)-1,2,3,3a,4,9b-hexahydrocyclopenta[c]chromen-8-ol",,DrugBank|NCBI,
Drug:DB07678,"(9ALPHA,13BETA,17BETA)-2-[(1Z)-BUT-1-EN-1-YL]ESTRA-1,3,5(10)-TRIENE-3,17-DIOL",Drug,"(9alpha,13beta,17beta)-2-[(1z)-but-1-en-1-yl]estra-1,3,5(10)-triene-3,17-diol",,DrugBank|NCBI,
Drug:DB07707,"(9BETA,11ALPHA,13ALPHA,14BETA,17ALPHA)-11-(METHOXYMETHYL)ESTRA-1(10),2,4-TRIENE-3,17-DIOL",Drug,"(9beta,11alpha,13alpha,14beta,17alpha)-11-(methoxymethyl)estra-1(10),2,4-triene-3,17-diol",,DrugBank|NCBI,
Drug:DB07708,3-CHLORO-2-(4-HYDROXYPHENYL)-2H-INDAZOL-5-OL,Drug,3-chloro-2-(4-hydroxyphenyl)-2h-indazol-5-ol,,DrugBank|NCBI,
Drug:DB07712,3-ETHYL-2-(4-HYDROXYPHENYL)-2H-INDAZOL-5-OL,Drug,3-ethyl-2-(4-hydroxyphenyl)-2h-indazol-5-ol,,DrugBank|NCBI,
Drug:DB07931,Hexestrol,Drug,hexestrol,,DrugBank|NCBI,
Drug:DB07932,"dimethyl (1R,4S)-5,6-bis(4-hydroxyphenyl)-7-oxabicyclo[2.2.1]hepta-2,5-diene-2,3-dicarboxylate",Drug,"dimethyl (1r,4s)-5,6-bis(4-hydroxyphenyl)-7-oxabicyclo[2.2.1]hepta-2,5-diene-2,3-dicarboxylate",,DrugBank|NCBI,
Drug:DB07933,Erteberel,Drug,erteberel,,DrugBank|NCBI,
Drug:DB07991,N-[(1R)-3-(4-HYDROXYPHENYL)-1-METHYLPROPYL]-2-(2-PHENYL-1H-INDOL-3-YL)ACETAMIDE,Drug,n-[(1r)-3-(4-hydroxyphenyl)-1-methylpropyl]-2-(2-phenyl-1h-indol-3-yl)acetamide,,DrugBank|NCBI,
Drug:DB08020,"(3AS,4R,9BR)-4-(4-HYDROXYPHENYL)-6-(METHOXYMETHYL)-1,2,3,3A,4,9B-HEXAHYDROCYCLOPENTA[C]CHROMEN-8-OL",Drug,"(3as,4r,9br)-4-(4-hydroxyphenyl)-6-(methoxymethyl)-1,2,3,3a,4,9b-hexahydrocyclopenta[c]chromen-8-ol",,DrugBank|NCBI,
Drug:DB08047,"4-[1-allyl-7-(trifluoromethyl)-1H-indazol-3-yl]benzene-1,3-diol",Drug,"4-[1-allyl-7-(trifluoromethyl)-1h-indazol-3-yl]benzene-1,3-diol",,DrugBank|NCBI,
Drug:DB08048,"4-(6-HYDROXY-1H-INDAZOL-3-YL)BENZENE-1,3-DIOL",Drug,"4-(6-hydroxy-1h-indazol-3-yl)benzene-1,3-diol",,DrugBank|NCBI,
Drug:DB08320,"DIETHYL (1R,2S,3R,4S)-5,6-BIS(4-HYDROXYPHENYL)-7-OXABICYCLO[2.2.1]HEPT-5-ENE-2,3-DICARBOXYLATE",Drug,"diethyl (1r,2s,3r,4s)-5,6-bis(4-hydroxyphenyl)-7-oxabicyclo[2.2.1]hept-5-ene-2,3-dicarboxylate",,DrugBank|NCBI,
Drug:DB08398,"2-Amino-1-methyl-6-phenylimidazo(4,5-b)pyridine",Drug,"2-amino-1-methyl-6-phenylimidazo(4,5-b)pyridine",,DrugBank|NCBI,
Drug:DB08595,"4-[(1S,2R,5S)-4,4,8-TRIMETHYL-3-OXABICYCLO[3.3.1]NON-7-EN-2-YL]PHENOL",Drug,"4-[(1s,2r,5s)-4,4,8-trimethyl-3-oxabicyclo[3.3.1]non-7-en-2-yl]phenol",,DrugBank|NCBI,
Drug:DB08737,"(3AS,4R,9BR)-4-(4-HYDROXYPHENYL)-1,2,3,3A,4,9B-HEXAHYDROCYCLOPENTA[C]CHROMEN-9-OL",Drug,"(3as,4r,9br)-4-(4-hydroxyphenyl)-1,2,3,3a,4,9b-hexahydrocyclopenta[c]chromen-9-ol",,DrugBank|NCBI,
Drug:DB08773,2-(4-hydroxyphenyl)benzo[b]thiophen-6-ol,Drug,2-(4-hydroxyphenyl)benzo[b]thiophen-6-ol,,DrugBank|NCBI,
Drug:DB09086,Eugenol,Drug,eugenol,,DrugBank|NCBI,
Drug:DB09369,Polyestradiol phosphate,Drug,polyestradiol phosphate,,DrugBank|NCBI,
Drug:DB09535,Octocrylene,Drug,octocrylene,,DrugBank|NCBI,
Drug:DB11064,Homosalate,Drug,homosalate,,DrugBank|NCBI,
Drug:DB11219,Enzacamene,Drug,enzacamene,,DrugBank|NCBI,
Drug:DB11478,Zeranol,Drug,zeranol,,DrugBank|NCBI,
Drug:DB11541,Ractopamine,Drug,ractopamine,,DrugBank|NCBI,
Drug:DB12450,Propyl Gallate,Drug,propyl gallate,,DrugBank|NCBI,
Drug:DB13869,2-Methoxy-6-{(E)-[(4-methylphenyl)imino]methyl}phenol,Drug,2-methoxy-6-{(e)-[(4-methylphenyl)imino]methyl}phenol,,DrugBank|NCBI,
Drug:DB14641,Estriol tripropionate,Drug,estriol tripropionate,,DrugBank|NCBI,
Drug:DB01025,Amlexanox,Drug,amlexanox,,DrugBank|NCBI,
Gene:3562,IL3,Gene,IL3,,DrugBank|MONDO_grouped|NCBI|REACTOME,
Drug:DB07768,Epitestosterone,Drug,epitestosterone,,DrugBank|NCBI,
Gene:2569,GABRR1,Gene,GABRR1,,DrugBank|MONDO_grouped|NCBI|REACTOME,
Drug:DB01567,Fludiazepam,Drug,fludiazepam,,DrugBank|NCBI,
Gene:367,AR,Gene,AR,,DrugBank|MONDO|MONDO_grouped|NCBI|REACTOME,
Drug:DB00621,Oxandrolone,Drug,oxandrolone,,DrugBank|MONDO|MONDO_grouped|NCBI,
Drug:DB00984,Nandrolone phenpropionate,Drug,nandrolone phenpropionate,,DrugBank|NCBI,
Drug:DB01063,Acetophenazine,Drug,acetophenazine,,DrugBank|NCBI,
Drug:DB01481,1-Testosterone,Drug,1-testosterone,,DrugBank|NCBI,
Drug:DB01541,Boldenone,Drug,boldenone,,DrugBank|NCBI,
Drug:DB01564,Calusterone,Drug,calusterone,,DrugBank|NCBI,
Drug:DB02932,(R)-Bicalutamide,Drug,(r)-bicalutamide,,DrugBank|NCBI,
Drug:DB02998,Metribolone,Drug,metribolone,,DrugBank|NCBI,
Drug:DB04709,"(3AALPHA,4ALPHA,7ALPHA,7AALPHA)- 3A,4,7,7A-TETRAHYDRO-2-(4-NITRO-1-NAPHTHALENYL)-4,7-ETHANO-1H-ISOINDOLE-1,3(2H)-DIONE",Drug,"(3aalpha,4alpha,7alpha,7aalpha)- 3a,4,7,7a-tetrahydro-2-(4-nitro-1-naphthalenyl)-4,7-ethano-1h-isoindole-1,3(2h)-dione",,DrugBank|NCBI,
Drug:DB05234,LGD2941,Drug,lgd2941,,DrugBank|NCBI,
Drug:DB06133,Dimethylcurcumin,Drug,dimethylcurcumin,,DrugBank|NCBI,
Drug:DB06718,Stanozolol,Drug,stanozolol,,DrugBank|MONDO|NCBI,
Drug:DB06870,Tetrahydrogestrinone,Drug,tetrahydrogestrinone,,DrugBank|NCBI,
Drug:DB07039,(2S)-N-(4-cyano-3-iodophenyl)-3-(4-cyanophenoxy)-2-hydroxy-2-methylpropanamide,Drug,(2s)-n-(4-cyano-3-iodophenyl)-3-(4-cyanophenoxy)-2-hydroxy-2-methylpropanamide,,DrugBank|NCBI,
Drug:DB07286,BMS-564929,Drug,bms-564929,,DrugBank|NCBI,
Drug:DB07419,S-23,Drug,s-23,,DrugBank|NCBI,
Drug:DB07421,"4-{[(1R,2S)-1,2-dihydroxy-2-methyl-3-(4-nitrophenoxy)propyl]amino}-2-(trifluoromethyl)benzonitrile",Drug,"4-{[(1r,2s)-1,2-dihydroxy-2-methyl-3-(4-nitrophenoxy)propyl]amino}-2-(trifluoromethyl)benzonitrile",,DrugBank|NCBI,
Drug:DB07422,(2S)-2-hydroxy-2-methyl-N-[4-nitro-3-(trifluoromethyl)phenyl]-3-(pentafluorophenoxy)propanamide,Drug,(2s)-2-hydroxy-2-methyl-n-[4-nitro-3-(trifluoromethyl)phenyl]-3-(pentafluorophenoxy)propanamide,,DrugBank|NCBI,
Drug:DB07423,Andarine,Drug,andarine,,DrugBank|NCBI,
Drug:DB07454,(R)-3-BROMO-2-HYDROXY-2-METHYL-N-[4-NITRO-3-(TRIFLUOROMETHYL)PHENYL]PROPANAMIDE,Drug,(r)-3-bromo-2-hydroxy-2-methyl-n-[4-nitro-3-(trifluoromethyl)phenyl]propanamide,,DrugBank|NCBI,
Drug:DB07717,"(5S,8R,9S,10S,13R,14S,17S)-13-{2-[(3,5-DIFLUOROBENZYL)OXY]ETHYL}-17-HYDROXY-10-METHYLHEXADECAHYDRO-3H-CYCLOPENTA[A]PHENANTHREN-3-ONE",Drug,"(5s,8r,9s,10s,13r,14s,17s)-13-{2-[(3,5-difluorobenzyl)oxy]ethyl}-17-hydroxy-10-methylhexadecahydro-3h-cyclopenta[a]phenanthren-3-one",,DrugBank|NCBI,
Drug:DB07769,S-3-(4-FLUOROPHENOXY)-2-HYDROXY-2-METHYL-N-[4-NITRO-3-(TRIFLUOROMETHYL)PHENYL]PROPANAMIDE,Drug,s-3-(4-fluorophenoxy)-2-hydroxy-2-methyl-n-[4-nitro-3-(trifluoromethyl)phenyl]propanamide,,DrugBank|NCBI,
Drug:DB08035,"1-TERT-BUTYL-3-(2,5-DIMETHYLBENZYL)-1H-PYRAZOLO[3,4-D]PYRIMIDIN-4-AMINE",Drug,"1-tert-butyl-3-(2,5-dimethylbenzyl)-1h-pyrazolo[3,4-d]pyrimidin-4-amine",,DrugBank|NCBI,
Drug:DB08087,"4-[(7R,7AS)-7-HYDROXY-1,3-DIOXOTETRAHYDRO-1H-PYRROLO[1,2-C]IMIDAZOL-2(3H)-YL]-1-NAPHTHONITRILE",Drug,"4-[(7r,7as)-7-hydroxy-1,3-dioxotetrahydro-1h-pyrrolo[1,2-c]imidazol-2(3h)-yl]-1-naphthonitrile",,DrugBank|NCBI,
Drug:DB08088,"2-chloro-4-{[(1R,3Z,7S,7aS)-7-hydroxy-1-(trifluoromethyl)tetrahydro-1H-pyrrolo[1,2-c][1,3]oxazol-3-ylidene]amino}-3-methylbenzonitrile",Drug,"2-chloro-4-{[(1r,3z,7s,7as)-7-hydroxy-1-(trifluoromethyl)tetrahydro-1h-pyrrolo[1,2-c][1,3]oxazol-3-ylidene]amino}-3-methylbenzonitrile",,DrugBank|NCBI,
Drug:DB08089,LGD-2226,Drug,lgd-2226,,DrugBank|NCBI,
Drug:DB08461,"3-[(4-AMINO-1-TERT-BUTYL-1H-PYRAZOLO[3,4-D]PYRIMIDIN-3-YL)METHYL]PHENOL",Drug,"3-[(4-amino-1-tert-butyl-1h-pyrazolo[3,4-d]pyrimidin-3-yl)methyl]phenol",,DrugBank|NCBI,
Drug:DB08604,Triclosan,Drug,triclosan,,DrugBank|NCBI,
Drug:DB11429,Mibolerone,Drug,mibolerone,,DrugBank|NCBI,
Drug:DB11447,Phenothiazine,Drug,phenothiazine,,DrugBank|NCBI,
Drug:DB13155,Esculin,Drug,esculin,,DrugBank|NCBI,
Drug:DB13934,Ligandrol,Drug,ligandrol,,DrugBank|NCBI,
Drug:DB14639,Boldenone undecylenate,Drug,boldenone undecylenate,,DrugBank|NCBI,
Drug:DB15647,Ketodarolutamide,Drug,ketodarolutamide,,DrugBank|NCBI,
Drug:DB00536,Guanidine,Drug,guanidine,,DrugBank|NCBI,
Drug:DB02115,Daidzin,Drug,daidzin,,DrugBank|NCBI,
Drug:DB04381,Crotonaldehyde,Drug,crotonaldehyde,,DrugBank|NCBI,
Drug:DB00014,Goserelin,Drug,goserelin,,DrugBank|NCBI,
Gene:3973,LHCGR,Gene,LHCGR,,DrugBank|MONDO|NCBI|REACTOME,
Drug:DB00032,Menotropins,Drug,menotropins,,DrugBank|NCBI,
Drug:DB00044,Lutropin alfa,Drug,lutropin alfa,,DrugBank|NCBI,
Drug:DB00050,Cetrorelix,Drug,cetrorelix,,DrugBank|NCBI,
Drug:DB00097,Choriogonadotropin alfa,Drug,choriogonadotropin alfa,,DrugBank|NCBI,
Drug:DB09126,Chorionic Gonadotropin (Human),Drug,chorionic gonadotropin (human),,DrugBank|NCBI,
Gene:4729,NDUFV2,Gene,NDUFV2,,DrugBank|MONDO_grouped|NCBI|REACTOME,
Gene:5916,RARG,Gene,RARG,,DrugBank|MONDO|NCBI|REACTOME,
Drug:DB02258,SR11254,Drug,sr11254,,DrugBank|NCBI,
Drug:DB02466,BMS-181156,Drug,bms-181156,,DrugBank|NCBI,
Drug:DB02741,CD564,Drug,cd564,,DrugBank|NCBI,
Drug:DB03279,Dodecyl-Alpha-D-Maltoside,Drug,dodecyl-alpha-d-maltoside,,DrugBank|NCBI,
Drug:DB03466,BMS184394,Drug,bms184394,,DrugBank|NCBI,
Drug:DB05467,R667,Drug,r667,,DrugBank|NCBI,
Drug:DB05785,LGD-1550,Drug,lgd-1550,,DrugBank|NCBI,
Drug:DB07031,"3-Fluoro-4-{[(2R)-2-hydroxy-2-(5,5,8,8-tetramethyl-5,6,7,8-tetrahydro-2-naphthalenyl)acetyl]amino}benzoic acid",Drug,"3-fluoro-4-{[(2r)-2-hydroxy-2-(5,5,8,8-tetramethyl-5,6,7,8-tetrahydro-2-naphthalenyl)acetyl]amino}benzoic acid",,DrugBank|NCBI,
Drug:DB07294,"3-fluoro-4-[2-hydroxy-2-(5,5,8,8-tetramethyl-5,6,7,8,-tetrahydro-naphtalen-2-yl)-acetylamino]-benzoic acid",Drug,"3-fluoro-4-[2-hydroxy-2-(5,5,8,8-tetramethyl-5,6,7,8,-tetrahydro-naphtalen-2-yl)-acetylamino]-benzoic acid",,DrugBank|NCBI,
Gene:1816,DRD5,Gene,DRD5,,DrugBank|MONDO_grouped|NCBI|REACTOME,
Gene:4200,ME2,Gene,ME2,,DrugBank|MONDO_grouped|NCBI|REACTOME,
Drug:DB01677,Fumaric Acid,Drug,fumaric acid,,DrugBank|NCBI,
Drug:DB03499,D-Malic acid,Drug,d-malic acid,,DrugBank|NCBI,
Drug:DB03589,Mesoxalic acid,Drug,mesoxalic acid,,DrugBank|NCBI,
Drug:DB03680,Tartronate,Drug,tartronate,,DrugBank|NCBI,
Gene:10280,SIGMAR1,Gene,SIGMAR1,,DrugBank|MONDO_grouped|NCBI|REACTOME,
Drug:DB00652,Pentazocine,Drug,pentazocine,,DrugBank|NCBI,
Drug:DB01488,Dimethyltryptamine,Drug,dimethyltryptamine,,DrugBank|NCBI,
Drug:DB09014,Captodiame,Drug,captodiame,,DrugBank|NCBI,
Gene:3141,HLCS,Gene,HLCS,,DrugBank|MONDO|NCBI|REACTOME,
Gene:26227,PHGDH,Gene,PHGDH,,DrugBank|MONDO|MONDO_grouped|NCBI|REACTOME,
Drug:DB00112,Bevacizumab,Drug,bevacizumab,,DrugBank|MONDO|NCBI,
Gene:7422,VEGFA,Gene,VEGFA,,DrugBank|MONDO|NCBI|REACTOME,
Drug:DB01270,Ranibizumab,Drug,ranibizumab,,DrugBank|NCBI,
Drug:DB03088,Pidolic acid,Drug,pidolic acid,,DrugBank|NCBI,
Drug:DB04895,Pegaptanib,Drug,pegaptanib,,DrugBank|NCBI,
Drug:DB05434,ABT-510,Drug,abt-510,,DrugBank|NCBI,
Drug:DB05890,Veglin,Drug,veglin,,DrugBank|NCBI,
Drug:DB05969,SNS-032,Drug,sns-032,,DrugBank|NCBI,
Drug:DB06642,Bevasiranib,Drug,bevasiranib,,DrugBank|NCBI,
Drug:DB08885,Aflibercept,Drug,aflibercept,,DrugBank|NCBI,
Drug:DB10772,Foreskin keratinocyte (neonatal),Drug,foreskin keratinocyte (neonatal),,DrugBank|NCBI,
Drug:DB14864,Brolucizumab,Drug,brolucizumab,,DrugBank|NCBI,
Drug:DB15303,Faricimab,Drug,faricimab,,DrugBank|NCBI,
Gene:552,AVPR1A,Gene,AVPR1A,,DrugBank|MONDO_grouped|NCBI|REACTOME,
Drug:DB00067,Vasopressin,Drug,vasopressin,,DrugBank|NCBI,
Drug:DB00093,Felypressin,Drug,felypressin,,DrugBank|NCBI,
Drug:DB02638,Terlipressin,Drug,terlipressin,,DrugBank|NCBI,
Drug:DB05452,PH-284,Drug,ph-284,,DrugBank|NCBI,
Drug:DB09059,Atosiban,Drug,atosiban,,DrugBank|NCBI,
Drug:DB13929,Relcovaptan,Drug,relcovaptan,,DrugBank|NCBI,
Drug:DB14642,Lypressin,Drug,lypressin,,DrugBank|NCBI,
Drug:DB00142,Glutamic acid,Drug,glutamic acid,,DrugBank|NCBI,
Drug:DB00151,Cysteine,Drug,cysteine,,DrugBank|NCBI,
Drug:DB00290,Bleomycin,Drug,bleomycin,,DrugBank|NCBI,
Gene:3980,LIG3,Gene,LIG3,,DrugBank|MONDO|NCBI|REACTOME,
Drug:DB04447,"1,4-Dithiothreitol",Drug,"1,4-dithiothreitol",,DrugBank|NCBI,
Drug:DB04141,"2-Hexyloxy-6-Hydroxymethyl-Tetrahydro-Pyran-3,4,5-Triol",Drug,"2-hexyloxy-6-hydroxymethyl-tetrahydro-pyran-3,4,5-triol",,DrugBank|NCBI,
Drug:DB04657,Carboxin,Drug,carboxin,,DrugBank|NCBI,
Drug:DB04795,Thenoyltrifluoroacetone,Drug,thenoyltrifluoroacetone,,DrugBank|NCBI,
Drug:DB08689,Ubiquinone Q1,Drug,ubiquinone q1,,DrugBank|NCBI,
Drug:DB03345,Mercaptoethanol,Drug,mercaptoethanol,,DrugBank|NCBI,
Drug:DB01561,Androstanedione,Drug,androstanedione,,DrugBank|NCBI,
Drug:DB02323,EM-1745,Drug,em-1745,,DrugBank|NCBI,
Gene:3978,LIG1,Gene,LIG1,,DrugBank|MONDO|NCBI|REACTOME,
Drug:DB00149,Leucine,Drug,leucine,,DrugBank|NCBI,
Gene:23395,LARS2,Gene,LARS2,,DrugBank|MONDO_grouped|NCBI|REACTOME,
Drug:DB00102,Becaplermin,Drug,becaplermin,,DrugBank|NCBI,
Gene:5159,PDGFRB,Gene,PDGFRB,,DrugBank|MONDO_grouped|NCBI|REACTOME,
Drug:DB05014,XL999,Drug,xl999,,DrugBank|NCBI,
Drug:DB05146,XL820,Drug,xl820,,DrugBank|NCBI,
Drug:DB09283,Trapidil,Drug,trapidil,,DrugBank|NCBI,
Gene:5915,RARB,Gene,RARB,,DrugBank|MONDO|NCBI|REACTOME,
Drug:DB02877,Arotinoid acid,Drug,arotinoid acid,,DrugBank|NCBI,
Gene:6833,ABCC8,Gene,ABCC8,,DrugBank|MONDO|NCBI|REACTOME,
Drug:DB00222,Glimepiride,Drug,glimepiride,,DrugBank|NCBI,
Drug:DB01251,Gliquidone,Drug,gliquidone,,DrugBank|NCBI,
Drug:DB01382,Glymidine,Drug,glymidine,,DrugBank|NCBI,
Drug:DB00009,Alteplase,Drug,alteplase,,DrugBank|NCBI,
Gene:5340,PLG,Gene,PLG,,DrugBank|MONDO_grouped|NCBI|REACTOME,
Drug:DB00015,Reteplase,Drug,reteplase,,DrugBank|NCBI,
Drug:DB00029,Anistreplase,Drug,anistreplase,,DrugBank|NCBI,
Drug:DB00031,Tenecteplase,Drug,tenecteplase,,DrugBank|NCBI,
Drug:DB00302,Tranexamic acid,Drug,tranexamic acid,,DrugBank|MONDO|MONDO_grouped|NCBI,
Drug:DB03709,Bicine,Drug,bicine,,DrugBank|NCBI,
Drug:DB04925,Desmoteplase,Drug,desmoteplase,,DrugBank|NCBI,
Drug:DB00123,L-Lysine,Drug,l-lysine,,DrugBank|NCBI,
Gene:6541,SLC7A1,Gene,SLC7A1,,DrugBank|MONDO|NCBI|REACTOME,
Drug:DB00129,Ornithine,Drug,ornithine,,DrugBank|NCBI,
Drug:DB02196,Uridine-Diphosphate-N-Acetylgalactosamine,Drug,uridine-diphosphate-n-acetylgalactosamine,,DrugBank|NCBI,
Gene:28,ABO,Gene,ABO,,DrugBank|MONDO|NCBI|REACTOME,
Drug:DB03435,Uridine-5'-Diphosphate,Drug,uridine-5'-diphosphate,,DrugBank|NCBI,
Drug:DB03501,Galactose-uridine-5'-diphosphate,Drug,galactose-uridine-5'-diphosphate,,DrugBank|NCBI,
Drug:DB03772,"2-Hexyloxy-6-Hydroxymethyl-Tetrahydro-Pyran-3,5-Diol",Drug,"2-hexyloxy-6-hydroxymethyl-tetrahydro-pyran-3,5-diol",,DrugBank|NCBI,
Drug:DB04678,H TYPE II TRISACCHARIDE,Drug,h type ii trisaccharide,,DrugBank|NCBI,
Drug:DB04679,Human blood group H type 1 trisaccharide,Drug,human blood group h type 1 trisaccharide,,DrugBank|NCBI,
Drug:DB04680,GALACTOSE GREASE,Drug,galactose grease,,DrugBank|NCBI,
Drug:DB04681,BETA-METHYLLACTOSIDE,Drug,beta-methyllactoside,,DrugBank|NCBI,
Drug:DB07341,"octyl 3-amino-3-deoxy-2-O-(2,6-dideoxy-alpha-L-lyxo-hexopyranosyl)-beta-D-galactopyranoside",Drug,"octyl 3-amino-3-deoxy-2-o-(2,6-dideoxy-alpha-l-lyxo-hexopyranosyl)-beta-d-galactopyranoside",,DrugBank|NCBI,
Drug:DB07357,"4-AMINO-2-HEXYLOXY-6-HYDROXYMETHYL-TETRAHYDRO-PYRAN-3,5-DIOL",Drug,"4-amino-2-hexyloxy-6-hydroxymethyl-tetrahydro-pyran-3,5-diol",,DrugBank|NCBI,
Drug:DB07378,"4-AMINO-2-OCTYLOXY-6-HYDROXYMETHYL-TETRAHYDRO-PYRAN-3,5-DIOL",Drug,"4-amino-2-octyloxy-6-hydroxymethyl-tetrahydro-pyran-3,5-diol",,DrugBank|NCBI,
Drug:DB07633,octyl 3-deoxy-2-O-(6-deoxy-alpha-L-galactopyranosyl)-beta-D-xylo-hexopyranoside,Drug,octyl 3-deoxy-2-o-(6-deoxy-alpha-l-galactopyranosyl)-beta-d-xylo-hexopyranoside,,DrugBank|NCBI,
Gene:5468,PPARG,Gene,PPARG,,DrugBank|MONDO|MONDO_grouped|NCBI|REACTOME,
Drug:DB04270,(S)-3-(4-(2-Carbazol-9-Yl-Ethoxy)-Phenyl)-2-Ethoxy-Propionic Acid,Drug,(s)-3-(4-(2-carbazol-9-yl-ethoxy)-phenyl)-2-ethoxy-propionic acid,,DrugBank|NCBI,
Drug:DB04689,2-{5-[3-(6-BENZOYL-1-PROPYLNAPHTHALEN-2-YLOXY)PROPOXY]INDOL-1-YL}ETHANOIC ACID,Drug,2-{5-[3-(6-benzoyl-1-propylnaphthalen-2-yloxy)propoxy]indol-1-yl}ethanoic acid,,DrugBank|NCBI,
Drug:DB05490,AMG-131,Drug,amg-131,,DrugBank|NCBI,
Drug:DB05854,CLX-0921,Drug,clx-0921,,DrugBank|NCBI,
Drug:DB06908,"(2S)-3-(1-{[2-(2-CHLOROPHENYL)-5-METHYL-1,3-OXAZOL-4-YL]METHYL}-1H-INDOL-5-YL)-2-ETHOXYPROPANOIC ACID",Drug,"(2s)-3-(1-{[2-(2-chlorophenyl)-5-methyl-1,3-oxazol-4-yl]methyl}-1h-indol-5-yl)-2-ethoxypropanoic acid",,DrugBank|NCBI,
Drug:DB06926,"(9Z,11E,13S)-13-hydroxyoctadeca-9,11-dienoic acid",Drug,"(9z,11e,13s)-13-hydroxyoctadeca-9,11-dienoic acid",,DrugBank|NCBI,
Drug:DB07053,2-{5-[3-(7-PROPYL-3-TRIFLUOROMETHYLBENZO[D]ISOXAZOL-6-YLOXY)PROPOXY]INDOL-1-YL}ETHANOIC ACID,Drug,2-{5-[3-(7-propyl-3-trifluoromethylbenzo[d]isoxazol-6-yloxy)propoxy]indol-1-yl}ethanoic acid,,DrugBank|NCBI,
Drug:DB07111,"(4S,5E,7Z,10Z,13Z,16Z,19Z)-4-hydroxydocosa-5,7,10,13,16,19-hexaenoic acid",Drug,"(4s,5e,7z,10z,13z,16z,19z)-4-hydroxydocosa-5,7,10,13,16,19-hexaenoic acid",,DrugBank|NCBI,
Drug:DB07172,"(5R,6E,8Z,11Z,14Z,17Z)-5-hydroxyicosa-6,8,11,14,17-pentaenoic acid",Drug,"(5r,6e,8z,11z,14z,17z)-5-hydroxyicosa-6,8,11,14,17-pentaenoic acid",,DrugBank|NCBI,
Drug:DB07208,"(8E,10S,12Z)-10-hydroxy-6-oxooctadeca-8,12-dienoic acid",Drug,"(8e,10s,12z)-10-hydroxy-6-oxooctadeca-8,12-dienoic acid",,DrugBank|NCBI,
Drug:DB07209,"(8R,9Z,12Z)-8-hydroxy-6-oxooctadeca-9,12-dienoic acid",Drug,"(8r,9z,12z)-8-hydroxy-6-oxooctadeca-9,12-dienoic acid",,DrugBank|NCBI,
Drug:DB07302,9(S)-HODE,Drug,9(s)-hode,,DrugBank|NCBI,
Drug:DB07509,difluoro(5-{2-[(5-octyl-1H-pyrrol-2-yl-kappaN)methylidene]-2H-pyrrol-5-yl-kappaN}pentanoato)boron,Drug,difluoro(5-{2-[(5-octyl-1h-pyrrol-2-yl-kappan)methylidene]-2h-pyrrol-5-yl-kappan}pentanoato)boron,,DrugBank|NCBI,
Drug:DB07675,(2S)-2-ETHOXY-3-{4-[2-(10H-PHENOXAZIN-10-YL)ETHOXY]PHENYL}PROPANOIC ACID,Drug,(2s)-2-ethoxy-3-{4-[2-(10h-phenoxazin-10-yl)ethoxy]phenyl}propanoic acid,,DrugBank|NCBI,
Drug:DB07723,3-(5-methoxy-1H-indol-3-yl)propanoic acid,Drug,3-(5-methoxy-1h-indol-3-yl)propanoic acid,,DrugBank|NCBI,
Drug:DB07842,(2S)-2-(4-ethylphenoxy)-3-phenylpropanoic acid,Drug,(2s)-2-(4-ethylphenoxy)-3-phenylpropanoic acid,,DrugBank|NCBI,
Drug:DB07863,2-chloro-5-nitro-N-phenylbenzamide,Drug,2-chloro-5-nitro-n-phenylbenzamide,,DrugBank|NCBI,
Drug:DB08121,(2S)-2-(biphenyl-4-yloxy)-3-phenylpropanoic acid,Drug,(2s)-2-(biphenyl-4-yloxy)-3-phenylpropanoic acid,,DrugBank|NCBI,
Drug:DB08302,3-[5-(2-nitropent-1-en-1-yl)furan-2-yl]benzoic acid,Drug,3-[5-(2-nitropent-1-en-1-yl)furan-2-yl]benzoic acid,,DrugBank|NCBI,
Drug:DB08402,"2-[(2,4-DICHLOROBENZOYL)AMINO]-5-(PYRIMIDIN-2-YLOXY)BENZOIC ACID",Drug,"2-[(2,4-dichlorobenzoyl)amino]-5-(pyrimidin-2-yloxy)benzoic acid",,DrugBank|NCBI,
Drug:DB08435,"(5E,14E)-11-oxoprosta-5,9,12,14-tetraen-1-oic acid",Drug,"(5e,14e)-11-oxoprosta-5,9,12,14-tetraen-1-oic acid",,DrugBank|NCBI,
Drug:DB08560,3-FLUORO-N-[1-(4-FLUOROPHENYL)-3-(2-THIENYL)-1H-PYRAZOL-5-YL]BENZENESULFONAMIDE,Drug,3-fluoro-n-[1-(4-fluorophenyl)-3-(2-thienyl)-1h-pyrazol-5-yl]benzenesulfonamide,,DrugBank|NCBI,
Drug:DB08760,(2S)-2-(4-chlorophenoxy)-3-phenylpropanoic acid,Drug,(2s)-2-(4-chlorophenoxy)-3-phenylpropanoic acid,,DrugBank|NCBI,
Drug:DB11811,Arhalofenate,Drug,arhalofenate,,DrugBank|NCBI,
Drug:DB12662,Naveglitazar,Drug,naveglitazar,,DrugBank|NCBI,
Drug:DB14034,Darglitazone,Drug,darglitazone,,DrugBank|NCBI,
Drug:DB00181,Baclofen,Drug,baclofen,,DrugBank|MONDO_grouped|NCBI,
Gene:2550,GABBR1,Gene,GABBR1,,DrugBank|MONDO_grouped|NCBI|REACTOME,
Drug:DB00837,Progabide,Drug,progabide,,DrugBank|NCBI,
Drug:DB01956,Taurine,Drug,taurine,,DrugBank|NCBI,
Drug:DB02530,gamma-Aminobutyric acid,Drug,gamma-aminobutyric acid,,DrugBank|NCBI,
Drug:DB05010,SGS-742,Drug,sgs-742,,DrugBank|NCBI,
Drug:DB06354,Tezampanel,Drug,tezampanel,,DrugBank|NCBI,
Drug:DB08891,Arbaclofen,Drug,arbaclofen,,DrugBank|NCBI,
Drug:DB08892,Arbaclofen Placarbil,Drug,arbaclofen placarbil,,DrugBank|NCBI,
Drug:DB00174,Asparagine,Drug,asparagine,,DrugBank|NCBI,
Drug:DB03541,"10-Propargyl-5,8-Dideazafolic Acid",Drug,"10-propargyl-5,8-dideazafolic acid",,DrugBank|NCBI,
Drug:DB04253,Tretazicar,Drug,tretazicar,,DrugBank|NCBI,
Drug:DB07339,"(3S)-3-hydroxy-1-methyl-2,3-dihydro-1H-indole-5,6-dione",Drug,"(3s)-3-hydroxy-1-methyl-2,3-dihydro-1h-indole-5,6-dione",,DrugBank|NCBI,
Drug:DB08190,N-[2-(2-iodo-5-methoxy-1H-indol-3-yl)ethyl]acetamide,Drug,n-[2-(2-iodo-5-methoxy-1h-indol-3-yl)ethyl]acetamide,,DrugBank|NCBI,
Drug:DB08228,"5,8-dimethoxy-1,4-dimethylquinolin-2(1H)-one",Drug,"5,8-dimethoxy-1,4-dimethylquinolin-2(1h)-one",,DrugBank|NCBI,
Drug:DB08744,Casimiroin,Drug,casimiroin,,DrugBank|NCBI,
Gene:1636,ACE,Gene,ACE,,DrugBank|MONDO|MONDO_grouped|NCBI|REACTOME,
Drug:DB00492,Fosinopril,Drug,fosinopril,,DrugBank|NCBI,
Drug:DB00616,Candoxatril,Drug,candoxatril,,DrugBank|NCBI,
Drug:DB00691,Moexipril,Drug,moexipril,,DrugBank|NCBI,
Drug:DB00722,Lisinopril,Drug,lisinopril,,DrugBank|NCBI,
Drug:DB00886,Omapatrilat,Drug,omapatrilat,,DrugBank|NCBI,
Drug:DB01180,Rescinnamine,Drug,rescinnamine,,DrugBank|NCBI,
Drug:DB01340,Cilazapril,Drug,cilazapril,,DrugBank|NCBI,
Drug:DB01348,Spirapril,Drug,spirapril,,DrugBank|NCBI,
Drug:DB02032,Epicaptopril,Drug,epicaptopril,,DrugBank|NCBI,
Drug:DB03740,N-acetyl-alpha-D-glucosamine,Drug,n-acetyl-alpha-d-glucosamine,,DrugBank|NCBI,
Drug:DB08836,Temocapril,Drug,temocapril,,DrugBank|NCBI,
Drug:DB09477,Enalaprilat,Drug,enalaprilat,,DrugBank|NCBI,
Drug:DB13166,Zofenopril,Drug,zofenopril,,DrugBank|NCBI,
Drug:DB15565,Cilazaprilat,Drug,cilazaprilat,,DrugBank|NCBI,
Gene:4694,NDUFA1,Gene,NDUFA1,,DrugBank|MONDO|NCBI|REACTOME,
Drug:DB01831,Tryptophanyl-5'amp,Drug,tryptophanyl-5'amp,,DrugBank|NCBI,
Drug:DB04537,Tryptophanamide,Drug,tryptophanamide,,DrugBank|NCBI,
Drug:DB06439,Tyloxapol,Drug,tyloxapol,,DrugBank|NCBI,
Gene:5054,SERPINE1,Gene,SERPINE1,,DrugBank|MONDO|MONDO_grouped|NCBI|REACTOME,
Drug:DB05254,Fibrinolysin,Drug,fibrinolysin,,DrugBank|NCBI,
Gene:596,BCL2,Gene,BCL2,,DrugBank|MONDO|MONDO_grouped|NCBI|REACTOME,
Drug:DB05297,Paclitaxel docosahexaenoic acid,Drug,paclitaxel docosahexaenoic acid,,DrugBank|NCBI,
Drug:DB06307,Apoptone,Drug,apoptone,,DrugBank|NCBI,
Drug:DB08871,Eribulin,Drug,eribulin,,DrugBank|NCBI,
Drug:DB09401,Isosorbide,Drug,isosorbide,,DrugBank|NCBI,
Drug:DB12191,Obatoclax,Drug,obatoclax,,DrugBank|NCBI,
Drug:DB12340,Navitoclax,Drug,navitoclax,,DrugBank|NCBI,
Gene:1133,CHRM5,Gene,CHRM5,,DrugBank|MONDO_grouped|NCBI|REACTOME,
Drug:DB05431,MLN-977,Drug,mln-977,,DrugBank|NCBI,
Drug:DB11994,Diacerein,Drug,diacerein,,DrugBank|NCBI,
Gene:6529,SLC6A1,Gene,SLC6A1,,DrugBank|MONDO_grouped|NCBI|REACTOME,
Drug:DB08848,Guvacine,Drug,guvacine,,DrugBank|NCBI,
Drug:DB00548,Azelaic acid,Drug,azelaic acid,,DrugBank|NCBI,
Drug:DB00600,Monobenzone,Drug,monobenzone,,DrugBank|NCBI,
Drug:DB01055,Mimosine,Drug,mimosine,,DrugBank|NCBI,
Drug:DB11254,Hexylresorcinol,Drug,hexylresorcinol,,DrugBank|NCBI,
Drug:DB11948,Lapachone,Drug,lapachone,,DrugBank|NCBI,
Drug:DB00480,Lenalidomide,Drug,lenalidomide,,DrugBank|NCBI,
Drug:DB01404,Ginseng,Drug,ginseng,,DrugBank|NCBI,
Drug:DB03477,1-Phenylsulfonamide-3-Trifluoromethyl-5-Parabromophenylpyrazole,Drug,1-phenylsulfonamide-3-trifluoromethyl-5-parabromophenylpyrazole,,DrugBank|NCBI,
Drug:DB03866,Prostaglandin G2,Drug,prostaglandin g2,,DrugBank|NCBI,
Drug:DB09217,Firocoxib,Drug,firocoxib,,DrugBank|NCBI,
Drug:DB13167,Alclofenac,Drug,alclofenac,,DrugBank|NCBI,
Drug:DB01833,Canavanine,Drug,canavanine,,DrugBank|NCBI,
Drug:DB02048,"1,2,4-Triazole-Carboxamidine",Drug,"1,2,4-triazole-carboxamidine",,DrugBank|NCBI,
Drug:DB02141,"S,S'-(1,4-Phenylene-Bis(1,2-Ethanediyl))Bis-Isothiourea",Drug,"s,s'-(1,4-phenylene-bis(1,2-ethanediyl))bis-isothiourea",,DrugBank|NCBI,
Drug:DB02335,2-Aminothiazoline,Drug,2-aminothiazoline,,DrugBank|NCBI,
Drug:DB02589,Se-Ethyl-Isoselenourea,Drug,se-ethyl-isoselenourea,,DrugBank|NCBI,
Drug:DB02911,"2,4-Diamino-6-Phenyl-5,6,7,8,-Tetrahydropteridine",Drug,"2,4-diamino-6-phenyl-5,6,7,8,-tetrahydropteridine",,DrugBank|NCBI,
Drug:DB02979,"N1,N14-Bis((S-Methyl)Isothioureido)Tetradecane",Drug,"n1,n14-bis((s-methyl)isothioureido)tetradecane",,DrugBank|NCBI,
Drug:DB02994,Cacodylic acid,Drug,cacodylic acid,,DrugBank|NCBI,
Drug:DB03065,7-Nitroindazole-2-Carboxamidine,Drug,7-nitroindazole-2-carboxamidine,,DrugBank|NCBI,
Drug:DB03305,N(G)-Iminoethylornithine,Drug,n(g)-iminoethylornithine,,DrugBank|NCBI,
Drug:DB03332,"5,6-Cyclic-Tetrahydropteridine",Drug,"5,6-cyclic-tetrahydropteridine",,DrugBank|NCBI,
Drug:DB03910,"S,S'-(1,3-Phenylene-Bis(1,2-Ethanediyl))Bis-Isothiourea",Drug,"s,s'-(1,3-phenylene-bis(1,2-ethanediyl))bis-isothiourea",,DrugBank|NCBI,
Drug:DB03918,"6S-5,6,7,8-Tetrahydrobiopterin",Drug,"6s-5,6,7,8-tetrahydrobiopterin",,DrugBank|NCBI,
Drug:DB03963,S-(Dimethylarsenic)Cysteine,Drug,s-(dimethylarsenic)cysteine,,DrugBank|NCBI,
Drug:DB03974,L-homoarginine,Drug,l-homoarginine,,DrugBank|NCBI,
Drug:DB04018,S-Isopropyl-Isothiourea,Drug,s-isopropyl-isothiourea,,DrugBank|NCBI,
Drug:DB04559,N-(Chlorophenyl)-N'-hydroxyguanidine,Drug,n-(chlorophenyl)-n'-hydroxyguanidine,,DrugBank|NCBI,
Drug:DB07001,"(3S,5E)-3-propyl-3,4-dihydrothieno[2,3-f][1,4]oxazepin-5(2H)-imine",Drug,"(3s,5e)-3-propyl-3,4-dihydrothieno[2,3-f][1,4]oxazepin-5(2h)-imine",,DrugBank|NCBI,
Drug:DB07244,"5-{4-[(3,5-DIFLUOROBENZYL)AMINO]PHENYL}-6-ETHYLPYRIMIDINE-2,4-DIAMINE",Drug,"5-{4-[(3,5-difluorobenzyl)amino]phenyl}-6-ethylpyrimidine-2,4-diamine",,DrugBank|NCBI,
Gene:90,ACVR1,Gene,ACVR1,,DrugBank|MONDO|NCBI,
Drug:DB08597,Dorsomorphin,Drug,dorsomorphin,,DrugBank|NCBI,
Drug:DB02062,"N-[3-[(1-Aminoethyl)(Hydroxy)Phosphoryl]-2-(1,1'-Biphenyl-4-Ylmethyl)Propanoyl]Alanine",Drug,"n-[3-[(1-aminoethyl)(hydroxy)phosphoryl]-2-(1,1'-biphenyl-4-ylmethyl)propanoyl]alanine",,DrugBank|NCBI,
Drug:DB02557,Phosphoramidon,Drug,phosphoramidon,,DrugBank|NCBI,
Drug:DB02558,N-(3-Phenyl-2-Sulfanylpropanoyl)Phenylalanylalanine,Drug,n-(3-phenyl-2-sulfanylpropanoyl)phenylalanylalanine,,DrugBank|NCBI,
Drug:DB02597,"[2(R,S)-2-Sulfanylheptanoyl]-Phe-Ala",Drug,"[2(r,s)-2-sulfanylheptanoyl]-phe-ala",,DrugBank|NCBI,
Drug:DB05796,Daglutril,Drug,daglutril,,DrugBank|NCBI,
Drug:DB08575,"2-[(1S)-1-BENZYL-2-SULFANYLETHYL]-1H-IMIDAZO[4,5-C]PYRIDIN-5-IUM",Drug,"2-[(1s)-1-benzyl-2-sulfanylethyl]-1h-imidazo[4,5-c]pyridin-5-ium",,DrugBank|NCBI,
Drug:DB08626,Thiorphan,Drug,thiorphan,,DrugBank|NCBI,
Drug:DB09292,Sacubitril,Drug,sacubitril,,DrugBank|NCBI,
Drug:DB11623,Candoxatrilat,Drug,candoxatrilat,,DrugBank|NCBI,
Gene:2350,FOLR2,Gene,FOLR2,,DrugBank|MONDO|NCBI|REACTOME,
Drug:DB05168,Vintafolide,Drug,vintafolide,,DrugBank|NCBI,
Gene:4539,MT-ND4L,Gene,MT-ND4L,ND4L,DrugBank|MONDO|NCBI,
Gene:6558,SLC12A2,Gene,SLC12A2,,DrugBank|MONDO|MONDO_grouped|NCBI|REACTOME,
Drug:DB01325,Quinethazone,Drug,quinethazone,,DrugBank|NCBI,
Gene:383,ARG1,Gene,ARG1,,DrugBank|MONDO|NCBI|REACTOME,
Drug:DB01983,2(S)-Amino-6-Boronohexanoic Acid,Drug,2(s)-amino-6-boronohexanoic acid,,DrugBank|NCBI,
Drug:DB02381,nor-NOHA,Drug,nor-noha,,DrugBank|NCBI,
Drug:DB02499,Dinor-N(Omega)-Hydroxy-L-Arginine,Drug,dinor-n(omega)-hydroxy-l-arginine,,DrugBank|NCBI,
Drug:DB02689,S-{2-[Amino(Dihydroxy)-Lambda~4~-Sulfanyl]Ethyl}-D-Cysteine,Drug,s-{2-[amino(dihydroxy)-lambda~4~-sulfanyl]ethyl}-d-cysteine,,DrugBank|NCBI,
Drug:DB03731,S-2-(Boronoethyl)-L-Cysteine,Drug,s-2-(boronoethyl)-l-cysteine,,DrugBank|NCBI,
Drug:DB03904,Urea,Drug,urea,,DrugBank|NCBI,
Drug:DB04197,Descarboxy-nor-N(Omega)-Hydroxy-L-Arginine,Drug,descarboxy-nor-n(omega)-hydroxy-l-arginine,,DrugBank|NCBI,
Drug:DB04530,"S,S-(2-Hydroxyethyl)Thiocysteine",Drug,"s,s-(2-hydroxyethyl)thiocysteine",,DrugBank|NCBI,
Drug:DB04585,DEHYDRO-2(S)-AMINO-6-BORONOHEXANOIC ACID,Drug,dehydro-2(s)-amino-6-boronohexanoic acid,,DrugBank|NCBI,
Drug:DB04648,S-propylamine-L-cysteine,Drug,s-propylamine-l-cysteine,,DrugBank|NCBI,
Drug:DB06757,Manganese,Drug,manganese,,DrugBank|NCBI,
Gene:150,ADRA2A,Gene,ADRA2A,,DrugBank|MONDO_grouped|NCBI|REACTOME,
Drug:DB00413,Pramipexole,Drug,pramipexole,,DrugBank|NCBI,
Drug:DB00449,Dipivefrin,Drug,dipivefrin,,DrugBank|NCBI,
Drug:DB00692,Phentolamine,Drug,phentolamine,,DrugBank|NCBI,
Drug:DB00797,Tolazoline,Drug,tolazoline,,DrugBank|NCBI,
Drug:DB00925,Phenoxybenzamine,Drug,phenoxybenzamine,,DrugBank|NCBI,
Drug:DB00935,Oxymetazoline,Drug,oxymetazoline,,DrugBank|NCBI,
Drug:DB00964,Apraclonidine,Drug,apraclonidine,,DrugBank|NCBI,
Drug:DB05492,Epicept NP-1,Drug,epicept np-1,,DrugBank|NCBI,
Drug:DB06229,Ocaperidone,Drug,ocaperidone,,DrugBank|NCBI,
Drug:DB06262,Droxidopa,Drug,droxidopa,,DrugBank|NCBI,
Drug:DB06623,Flupirtine,Drug,flupirtine,,DrugBank|NCBI,
Drug:DB06694,Xylometazoline,Drug,xylometazoline,,DrugBank|NCBI,
Drug:DB06711,Naphazoline,Drug,naphazoline,,DrugBank|NCBI,
Drug:DB09242,Moxonidine,Drug,moxonidine,,DrugBank|NCBI,
Drug:DB11124,Racepinephrine,Drug,racepinephrine,,DrugBank|NCBI,
Drug:DB11278,DL-Methylephedrine,Drug,dl-methylephedrine,,DrugBank|NCBI,
Drug:DB11738,Rilmenidine,Drug,rilmenidine,,DrugBank|NCBI,
Gene:3350,HTR1A,Gene,HTR1A,,DrugBank|MONDO_grouped|NCBI|REACTOME,
Drug:DB00422,Methylphenidate,Drug,methylphenidate,,DrugBank|NCBI,
Drug:DB01616,Alverine,Drug,alverine,,DrugBank|NCBI,
Drug:DB04888,Bifeprunox,Drug,bifeprunox,,DrugBank|NCBI,
Drug:DB04970,Lesopitron,Drug,lesopitron,,DrugBank|NCBI,
Drug:DB05339,MN-305,Drug,mn-305,,DrugBank|NCBI,
Drug:DB05509,LI-301,Drug,li-301,,DrugBank|NCBI,
Drug:DB05562,Naluzotan,Drug,naluzotan,,DrugBank|NCBI,
Drug:DB06393,Xaliproden,Drug,xaliproden,,DrugBank|NCBI,
Drug:DB06454,Sarizotan,Drug,sarizotan,,DrugBank|NCBI,
Drug:DB06538,Robalzotan,Drug,robalzotan,,DrugBank|NCBI,
Drug:DB12061,Pardoprunox,Drug,pardoprunox,,DrugBank|NCBI,
Drug:DB15665,SEP-363856,Drug,sep-363856,,DrugBank|NCBI,
Gene:6472,SHMT2,Gene,SHMT2,,DrugBank|MONDO|NCBI|REACTOME,
Drug:DB00116,Tetrahydrofolic acid,Drug,tetrahydrofolic acid,,DrugBank|NCBI,
Drug:DB00145,Glycine,Drug,glycine,,DrugBank|NCBI,
Gene:554,AVPR2,Gene,AVPR2,,DrugBank|MONDO|NCBI|REACTOME,
Drug:DB00618,Demeclocycline,Drug,demeclocycline,,DrugBank|NCBI,
Drug:DB05091,M0002,Drug,m0002,,DrugBank|NCBI,
Drug:DB05838,OPC-51803,Drug,opc-51803,,DrugBank|NCBI,
Gene:782,CACNB1,Gene,CACNB1,,DrugBank|MONDO|NCBI|REACTOME,
Gene:3359,HTR3A,Gene,HTR3A,,DrugBank|MONDO_grouped|NCBI|REACTOME,
Drug:DB00728,Rocuronium,Drug,rocuronium,,DrugBank|NCBI,
Drug:DB04885,Cilansetron,Drug,cilansetron,,DrugBank|NCBI,
Drug:DB05049,DDP733,Drug,ddp733,,DrugBank|NCBI,
Drug:DB05642,DDP-225,Drug,ddp-225,,DrugBank|NCBI,
Drug:DB11699,Tropisetron,Drug,tropisetron,,DrugBank|NCBI,
Gene:3028,HSD17B10,Gene,HSD17B10,,DrugBank|MONDO|NCBI|REACTOME,
Drug:DB02820,"1-Azepan-1-Yl-2-Phenyl-2-(4-Thioxo-1,4-Dihydro-Pyrazolo[3,4-D]Pyrimidin-5-Yl)Ethanone Adduct",Drug,"1-azepan-1-yl-2-phenyl-2-(4-thioxo-1,4-dihydro-pyrazolo[3,4-d]pyrimidin-5-yl)ethanone adduct",,DrugBank|NCBI,
Drug:DB00232,Methyclothiazide,Drug,methyclothiazide,,DrugBank|NCBI,
Drug:DB00311,Ethoxzolamide,Drug,ethoxzolamide,,DrugBank|NCBI,
Drug:DB00436,Bendroflumethiazide,Drug,bendroflumethiazide,,DrugBank|NCBI,
Drug:DB00562,Benzthiazide,Drug,benzthiazide,,DrugBank|NCBI,
Drug:DB00606,Cyclothiazide,Drug,cyclothiazide,,DrugBank|NCBI,
Drug:DB00703,Methazolamide,Drug,methazolamide,,DrugBank|NCBI,
Drug:DB00880,Chlorothiazide,Drug,chlorothiazide,,DrugBank|NCBI,
Drug:DB01021,Trichlormethiazide,Drug,trichlormethiazide,,DrugBank|NCBI,
Drug:DB01031,Ethinamate,Drug,ethinamate,,DrugBank|NCBI,
Drug:DB01144,Diclofenamide,Drug,diclofenamide,,DrugBank|NCBI,
Drug:DB01671,p-Hydroxymercuribenzoic acid,Drug,p-hydroxymercuribenzoic acid,,DrugBank|NCBI,
Drug:DB01748,N-Benzyl-4-Sulfamoyl-Benzamide,Drug,n-benzyl-4-sulfamoyl-benzamide,,DrugBank|NCBI,
Drug:DB01784,4-Flourobenzenesulfonamide,Drug,4-flourobenzenesulfonamide,,DrugBank|NCBI,
Drug:DB01964,AL5424,Drug,al5424,,DrugBank|NCBI,
Drug:DB02069,N-(2-Flouro-Benzyl)-4-Sulfamoyl-Benzamide,Drug,n-(2-flouro-benzyl)-4-sulfamoyl-benzamide,,DrugBank|NCBI,
Drug:DB02087,"3,5-Difluorobenzenesulfonamide",Drug,"3,5-difluorobenzenesulfonamide",,DrugBank|NCBI,
Drug:DB02220,AL7089A,Drug,al7089a,,DrugBank|NCBI,
Drug:DB02221,"4-(Aminosulfonyl)-N-[(2,4,6-Trifluorophenyl)Methyl]-Benzamide",Drug,"4-(aminosulfonyl)-n-[(2,4,6-trifluorophenyl)methyl]-benzamide",,DrugBank|NCBI,
Drug:DB02292,Irosustat,Drug,irosustat,,DrugBank|NCBI,
Drug:DB02429,4-(Aminosulfonyl)-N-[(4-Fluorophenyl)Methyl]-Benzamide,Drug,4-(aminosulfonyl)-n-[(4-fluorophenyl)methyl]-benzamide,,DrugBank|NCBI,
Drug:DB02479,(R)-N-(3-Indol-1-Yl-2-Methyl-Propyl)-4-Sulfamoyl-Benzamide,Drug,(r)-n-(3-indol-1-yl-2-methyl-propyl)-4-sulfamoyl-benzamide,,DrugBank|NCBI,
Drug:DB02535,Aminodi(Ethyloxy)Ethylaminocarbonylbenzenesulfonamide,Drug,aminodi(ethyloxy)ethylaminocarbonylbenzenesulfonamide,,DrugBank|NCBI,
Drug:DB02602,AL7182,Drug,al7182,,DrugBank|NCBI,
Drug:DB02610,"N-(2,3,4,5,6-Pentaflouro-Benzyl)-4-Sulfamoyl-Benzamide",Drug,"n-(2,3,4,5,6-pentaflouro-benzyl)-4-sulfamoyl-benzamide",,DrugBank|NCBI,
Drug:DB02679,Cyanamide,Drug,cyanamide,,DrugBank|NCBI,
Drug:DB02861,"4-(Aminosulfonyl)-N-[(3,4,5-Trifluorophenyl)Methyl]-Benzamide",Drug,"4-(aminosulfonyl)-n-[(3,4,5-trifluorophenyl)methyl]-benzamide",,DrugBank|NCBI,
Drug:DB02866,Dansylamide,Drug,dansylamide,,DrugBank|NCBI,
Drug:DB02894,"Sulfamic Acid 2,3-O-(1-Methylethylidene)-4,5-O-Sulfonyl-Beta-Fructopyranose Ester",Drug,"sulfamic acid 2,3-o-(1-methylethylidene)-4,5-o-sulfonyl-beta-fructopyranose ester",,DrugBank|NCBI,
Drug:DB02986,"N-(2-Thienylmethyl)-2,5-Thiophenedisulfonamide",Drug,"n-(2-thienylmethyl)-2,5-thiophenedisulfonamide",,DrugBank|NCBI,
Drug:DB03039,"4-(Aminosulfonyl)-N-[(2,5-Difluorophenyl)Methyl]-Benzamide",Drug,"4-(aminosulfonyl)-n-[(2,5-difluorophenyl)methyl]-benzamide",,DrugBank|NCBI,
Drug:DB03221,AL7099A,Drug,al7099a,,DrugBank|NCBI,
Drug:DB03262,"Al-6619, [2h-Thieno[3,2-E]-1,2-Thiazine-6-Sulfonamide,2-(3-Hydroxyphenyl)-3-(4-Morpholinyl)-, 1,1-Dioxide]",Drug,"al-6619, [2h-thieno[3,2-e]-1,2-thiazine-6-sulfonamide,2-(3-hydroxyphenyl)-3-(4-morpholinyl)-, 1,1-dioxide]",,DrugBank|NCBI,
Drug:DB03270,"2,6-Difluorobenzenesulfonamide",Drug,"2,6-difluorobenzenesulfonamide",,DrugBank|NCBI,
Drug:DB03294,"1-Methyl-3-Oxo-1,3-Dihydro-Benzo[C]Isothiazole-5-Sulfonic Acid Amide",Drug,"1-methyl-3-oxo-1,3-dihydro-benzo[c]isothiazole-5-sulfonic acid amide",,DrugBank|NCBI,
Drug:DB03333,(4-sulfamoyl-phenyl)-thiocarbamic acid O-(2-thiophen-3-yl-ethyl) ester,Drug,(4-sulfamoyl-phenyl)-thiocarbamic acid o-(2-thiophen-3-yl-ethyl) ester,,DrugBank|NCBI,
Drug:DB03385,4-Methylimidazole,Drug,4-methylimidazole,,DrugBank|NCBI,
Drug:DB03526,AL5927,Drug,al5927,,DrugBank|NCBI,
Drug:DB03594,"1,2,4-Triazole",Drug,"1,2,4-triazole",,DrugBank|NCBI,
Drug:DB03596,N-[2-(1h-Indol-5-Yl)-Butyl]-4-Sulfamoyl-Benzamide,Drug,n-[2-(1h-indol-5-yl)-butyl]-4-sulfamoyl-benzamide,,DrugBank|NCBI,
Drug:DB03598,"Al-6629, [2h-Thieno[3,2-E]-1,2-Thiazine-6-Sulfonamide,2-(3-Methoxyphenyl)-3-(4-Morpholinyl)-, 1,1-Dioxide]",Drug,"al-6629, [2h-thieno[3,2-e]-1,2-thiazine-6-sulfonamide,2-(3-methoxyphenyl)-3-(4-morpholinyl)-, 1,1-dioxide]",,DrugBank|NCBI,
Drug:DB03697,4-Sulfonamide-[1-(4-Aminobutane)]Benzamide,Drug,4-sulfonamide-[1-(4-aminobutane)]benzamide,,DrugBank|NCBI,
Drug:DB03844,"N-(2,6-Diflouro-Benzyl)-4-Sulfamoyl-Benzamide",Drug,"n-(2,6-diflouro-benzyl)-4-sulfamoyl-benzamide",,DrugBank|NCBI,
Drug:DB03877,AL-4623,Drug,al-4623,,DrugBank|NCBI,
Drug:DB03950,(S)-N-(3-Indol-1-Yl-2-Methyl-Propyl)-4-Sulfamoyl-Benzamide,Drug,(s)-n-(3-indol-1-yl-2-methyl-propyl)-4-sulfamoyl-benzamide,,DrugBank|NCBI,
Drug:DB03975,Mercuribenzoic Acid,Drug,mercuribenzoic acid,,DrugBank|NCBI,
Drug:DB04002,4-Sulfonamide-[4-(Thiomethylaminobutane)]Benzamide,Drug,4-sulfonamide-[4-(thiomethylaminobutane)]benzamide,,DrugBank|NCBI,
Drug:DB04081,"(4s-Trans)-4-(Methylamino)-5,6-Dihydro-6-Methyl-4h-Thieno(2,3-B)Thiopyran-2-Sulfonamide-7,7-Dioxide",Drug,"(4s-trans)-4-(methylamino)-5,6-dihydro-6-methyl-4h-thieno(2,3-b)thiopyran-2-sulfonamide-7,7-dioxide",,DrugBank|NCBI,
Drug:DB04089,AL5300,Drug,al5300,,DrugBank|NCBI,
Drug:DB04180,"4-(Aminosulfonyl)-N-[(2,4-Difluorophenyl)Methyl]-Benzamide",Drug,"4-(aminosulfonyl)-n-[(2,4-difluorophenyl)methyl]-benzamide",,DrugBank|NCBI,
Drug:DB04203,3-Mercuri-4-Aminobenzenesulfonamide,Drug,3-mercuri-4-aminobenzenesulfonamide,,DrugBank|NCBI,
Drug:DB04371,AL6528,Drug,al6528,,DrugBank|NCBI,
Drug:DB04394,3-Nitro-4-(2-Oxo-Pyrrolidin-1-Yl)-Benzenesulfonamide,Drug,3-nitro-4-(2-oxo-pyrrolidin-1-yl)-benzenesulfonamide,,DrugBank|NCBI,
Drug:DB04549,"4-(Aminosulfonyl)-N-[(2,3,4-Trifluorophenyl)Methyl]-Benzamide",Drug,"4-(aminosulfonyl)-n-[(2,3,4-trifluorophenyl)methyl]-benzamide",,DrugBank|NCBI,
Drug:DB04600,"4-[(3-BROMO-4-O-SULFAMOYLBENZYL)(4-CYANOPHENYL)AMINO]-4H-[1,2,4]-TRIAZOLE",Drug,"4-[(3-bromo-4-o-sulfamoylbenzyl)(4-cyanophenyl)amino]-4h-[1,2,4]-triazole",,DrugBank|NCBI,
Drug:DB04601,"4-[(4-O-SULFAMOYLBENZYL)(4-CYANOPHENYL)AMINO]-4H-[1,2,4]-TRIAZOLE",Drug,"4-[(4-o-sulfamoylbenzyl)(4-cyanophenyl)amino]-4h-[1,2,4]-triazole",,DrugBank|NCBI,
Drug:DB04763,"1-N-(4-SULFAMOYLPHENYL-ETHYL)-2,4,6-TRIMETHYLPYRIDINIUM",Drug,"1-n-(4-sulfamoylphenyl-ethyl)-2,4,6-trimethylpyridinium",,DrugBank|NCBI,
Drug:DB06891,"5-{[(4-AMINO-3-CHLORO-5-FLUOROPHENYL)SULFONYL]AMINO}-1,3,4-THIADIAZOLE-2-SULFONAMIDE",Drug,"5-{[(4-amino-3-chloro-5-fluorophenyl)sulfonyl]amino}-1,3,4-thiadiazole-2-sulfonamide",,DrugBank|NCBI,
Drug:DB06954,"2-(cycloheptylmethyl)-1,1-dioxido-1-benzothiophen-6-yl sulfamate",Drug,"2-(cycloheptylmethyl)-1,1-dioxido-1-benzothiophen-6-yl sulfamate",,DrugBank|NCBI,
Drug:DB07048,"N-[(2R)-5-(aminosulfonyl)-2,3-dihydro-1H-inden-2-yl]-2-propylpentanamide",Drug,"n-[(2r)-5-(aminosulfonyl)-2,3-dihydro-1h-inden-2-yl]-2-propylpentanamide",,DrugBank|NCBI,
Drug:DB07050,"5-[(phenylsulfonyl)amino]-1,3,4-thiadiazole-2-sulfonamide",Drug,"5-[(phenylsulfonyl)amino]-1,3,4-thiadiazole-2-sulfonamide",,DrugBank|NCBI,
Drug:DB07363,"THIOPHENE-2,5-DISULFONIC ACID 2-AMIDE-5-(4-METHYL-BENZYLAMIDE)",Drug,"thiophene-2,5-disulfonic acid 2-amide-5-(4-methyl-benzylamide)",,DrugBank|NCBI,
Drug:DB07467,(S)-Indapamide,Drug,(s)-indapamide,,DrugBank|NCBI,
Drug:DB07476,N-[4-(AMINOSULFONYL)PHENYL]-2-MERCAPTOBENZAMIDE,Drug,n-[4-(aminosulfonyl)phenyl]-2-mercaptobenzamide,,DrugBank|NCBI,
Drug:DB07596,"(17beta)-17-(cyanomethyl)-2-methoxyestra-1(10),2,4-trien-3-yl sulfamate",Drug,"(17beta)-17-(cyanomethyl)-2-methoxyestra-1(10),2,4-trien-3-yl sulfamate",,DrugBank|NCBI,
Drug:DB07632,"5-(2-chlorophenyl)-1,3,4-thiadiazole-2-sulfonamide",Drug,"5-(2-chlorophenyl)-1,3,4-thiadiazole-2-sulfonamide",,DrugBank|NCBI,
Drug:DB07710,PHENYLALANYLAMINODI(ETHYLOXY)ETHYL BENZENESULFONAMIDEAMINOCARBONYLBENZENESULFONAMIDE,Drug,phenylalanylaminodi(ethyloxy)ethyl benzenesulfonamideaminocarbonylbenzenesulfonamide,,DrugBank|NCBI,
Drug:DB07742,"N-(2,3-DIFLUORO-BENZYL)-4-SULFAMOYL-BENZAMIDE",Drug,"n-(2,3-difluoro-benzyl)-4-sulfamoyl-benzamide",,DrugBank|NCBI,
Drug:DB08046,2-chloro-5-[(1S)-1-hydroxy-3-oxo-2H-isoindol-1-yl]benzenesulfonamide,Drug,2-chloro-5-[(1s)-1-hydroxy-3-oxo-2h-isoindol-1-yl]benzenesulfonamide,,DrugBank|NCBI,
Drug:DB08083,"2-(1,3-thiazol-4-yl)-1H-benzimidazole-5-sulfonamide",Drug,"2-(1,3-thiazol-4-yl)-1h-benzimidazole-5-sulfonamide",,DrugBank|NCBI,
Drug:DB08155,N-{2-[4-(AMINOSULFONYL)PHENYL]ETHYL}ACETAMIDE,Drug,n-{2-[4-(aminosulfonyl)phenyl]ethyl}acetamide,,DrugBank|NCBI,
Drug:DB08156,3-[4-(AMINOSULFONYL)PHENYL]PROPANOIC ACID,Drug,3-[4-(aminosulfonyl)phenyl]propanoic acid,,DrugBank|NCBI,
Drug:DB08157,ETHYL 3-[4-(AMINOSULFONYL)PHENYL]PROPANOATE,Drug,ethyl 3-[4-(aminosulfonyl)phenyl]propanoate,,DrugBank|NCBI,
Drug:DB08165,indane-5-sulfonamide,Drug,indane-5-sulfonamide,,DrugBank|NCBI,
Drug:DB08202,4-({[(4-METHYLPIPERAZIN-1-YL)AMINO]CARBONOTHIOYL}AMINO)BENZENESULFONAMIDE,Drug,4-({[(4-methylpiperazin-1-yl)amino]carbonothioyl}amino)benzenesulfonamide,,DrugBank|NCBI,
Drug:DB08301,N-({[4-(AMINOSULFONYL)PHENYL]AMINO}CARBONYL)-4-METHYLBENZENESULFONAMIDE,Drug,n-({[4-(aminosulfonyl)phenyl]amino}carbonyl)-4-methylbenzenesulfonamide,,DrugBank|NCBI,
Drug:DB08329,Sulthiame,Drug,sulthiame,,DrugBank|NCBI,
Drug:DB08416,"(9BETA,13ALPHA,14BETA,17ALPHA)-2-METHOXYESTRA-1,3,5(10)-TRIENE-3,17-DIYL DISULFAMATE",Drug,"(9beta,13alpha,14beta,17alpha)-2-methoxyestra-1,3,5(10)-triene-3,17-diyl disulfamate",,DrugBank|NCBI,
Drug:DB08418,"(4aS,4bR,10bS,12aS)-12a-methyl-1,3-dioxo-2-(pyridin-3-ylmethyl)-1,2,3,4,4a,4b,5,6,10b,11,12,12a-dodecahydronaphtho[2,1-f]isoquinolin-8-yl sulfamate",Drug,"(4as,4br,10bs,12as)-12a-methyl-1,3-dioxo-2-(pyridin-3-ylmethyl)-1,2,3,4,4a,4b,5,6,10b,11,12,12a-dodecahydronaphtho[2,1-f]isoquinolin-8-yl sulfamate",,DrugBank|NCBI,
Drug:DB08645,"6-CHLORO-3-(DICHLOROMETHYL)-3,4-DIHYDRO-2H-1,2,4-BENZOTHIADIAZINE-7-SULFONAMIDE 1,1-DIOXIDE",Drug,"6-chloro-3-(dichloromethyl)-3,4-dihydro-2h-1,2,4-benzothiadiazine-7-sulfonamide 1,1-dioxide",,DrugBank|NCBI,
Drug:DB08659,2-(hydrazinocarbonyl)-3-phenyl-1H-indole-5-sulfonamide,Drug,2-(hydrazinocarbonyl)-3-phenyl-1h-indole-5-sulfonamide,,DrugBank|NCBI,
Drug:DB08765,"6-HYDROXY-1,3-BENZOTHIAZOLE-2-SULFONAMIDE",Drug,"6-hydroxy-1,3-benzothiazole-2-sulfonamide",,DrugBank|NCBI,
Drug:DB08782,4-(2-AMINOETHYL)BENZENESULFONAMIDE,Drug,4-(2-aminoethyl)benzenesulfonamide,,DrugBank|NCBI,
Drug:DB09460,Sodium carbonate,Drug,sodium carbonate,,DrugBank|NCBI,
Drug:DB09472,Sodium sulfate,Drug,sodium sulfate,,DrugBank|NCBI,
Gene:875,CBS,Gene,CBS,,DrugBank|MONDO_grouped|NCBI|REACTOME,
Drug:DB00133,Serine,Drug,serine,,DrugBank|NCBI,
Drug:DB00293,Raltitrexed,Drug,raltitrexed,,DrugBank|NCBI,
Drug:DB01643,Thymidine monophosphate,Drug,thymidine monophosphate,,DrugBank|NCBI,
Drug:DB03800,Deoxyuridine monophosphate,Drug,deoxyuridine monophosphate,,DrugBank|NCBI,
Drug:DB05116,Thymectacin,Drug,thymectacin,,DrugBank|NCBI,
Drug:DB05308,ANX-510,Drug,anx-510,,DrugBank|NCBI,
Drug:DB05457,OSI-7904L,Drug,osi-7904l,,DrugBank|NCBI,
Drug:DB07577,"2,4-Diamino-5-phenyl-6-ethylpyrimidine",Drug,"2,4-diamino-5-phenyl-6-ethylpyrimidine",,DrugBank|NCBI,
Drug:DB08478,N-[2-Chloro-5-(trifluoromethyl)phenyl]imidodicarbonimidic diamide,Drug,n-[2-chloro-5-(trifluoromethyl)phenyl]imidodicarbonimidic diamide,,DrugBank|NCBI,
Drug:DB08479,"N-(3,5-dimethoxyphenyl)imidodicarbonimidic diamide",Drug,"n-(3,5-dimethoxyphenyl)imidodicarbonimidic diamide",,DrugBank|NCBI,
Drug:DB08734,"6,6-DIMETHYL-1-[3-(2,4,5-TRICHLOROPHENOXY)PROPOXY]-1,6-DIHYDRO-1,3,5-TRIAZINE-2,4-DIAMINE",Drug,"6,6-dimethyl-1-[3-(2,4,5-trichlorophenoxy)propoxy]-1,6-dihydro-1,3,5-triazine-2,4-diamine",,DrugBank|NCBI,
Drug:DB00242,Cladribine,Drug,cladribine,,DrugBank|NCBI,
Gene:6240,RRM1,Gene,RRM1,,DrugBank|MONDO|MONDO_grouped|NCBI|REACTOME,
Drug:DB00631,Clofarabine,Drug,clofarabine,,DrugBank|NCBI,
Drug:DB01073,Fludarabine,Drug,fludarabine,,DrugBank|NCBI,
Drug:DB05003,Imexon,Drug,imexon,,DrugBank|NCBI,
Drug:DB05420,Gallium maltolate,Drug,gallium maltolate,,DrugBank|NCBI,
Drug:DB00686,Pentosan polysulfate,Drug,pentosan polysulfate,,DrugBank|NCBI,
Gene:2249,FGF4,Gene,FGF4,,DrugBank|MONDO|MONDO_grouped|NCBI|REACTOME,
Drug:DB05309,TP-508,Drug,tp-508,,DrugBank|NCBI,
Drug:DB02329,Carbenoxolone,Drug,carbenoxolone,,DrugBank|NCBI,
Drug:DB03814,2-(N-morpholino)ethanesulfonic acid,Drug,2-(n-morpholino)ethanesulfonic acid,,DrugBank|NCBI,
Drug:DB05064,INCB13739,Drug,incb13739,,DrugBank|NCBI,
Drug:DB06992,"(3,3-dimethylpiperidin-1-yl)(6-(3-fluoro-4-methylphenyl)pyridin-2-yl)methanone",Drug,"(3,3-dimethylpiperidin-1-yl)(6-(3-fluoro-4-methylphenyl)pyridin-2-yl)methanone",,DrugBank|NCBI,
Drug:DB07017,"(5S)-2-{[(1S)-1-(4-Fluorophenyl)ethyl]amino}-5-(2-hydroxy-2-propanyl)-5-methyl-1,3-thiazol-4(5H)-one",Drug,"(5s)-2-{[(1s)-1-(4-fluorophenyl)ethyl]amino}-5-(2-hydroxy-2-propanyl)-5-methyl-1,3-thiazol-4(5h)-one",,DrugBank|NCBI,
Drug:DB07049,(2R)-1-[(4-tert-butylphenyl)sulfonyl]-2-methyl-4-(4-nitrophenyl)piperazine,Drug,(2r)-1-[(4-tert-butylphenyl)sulfonyl]-2-methyl-4-(4-nitrophenyl)piperazine,,DrugBank|NCBI,
Drug:DB07056,"2-(6-{[(3-chloro-2-methylphenyl)sulfonyl]amino}pyridin-2-yl)-N,N-diethylacetamide",Drug,"2-(6-{[(3-chloro-2-methylphenyl)sulfonyl]amino}pyridin-2-yl)-n,n-diethylacetamide",,DrugBank|NCBI,
Drug:DB07310,"(5S)-2-{[(1S)-1-(2-fluorophenyl)ethyl]amino}-5-methyl-5-(trifluoromethyl)-1,3-thiazol-4(5H)-one",Drug,"(5s)-2-{[(1s)-1-(2-fluorophenyl)ethyl]amino}-5-methyl-5-(trifluoromethyl)-1,3-thiazol-4(5h)-one",,DrugBank|NCBI,
Drug:DB07316,"N-{1-[(1-carbamoylcyclopropyl)methyl]piperidin-4-yl}-N-cyclopropyl-4-[(1S)-2,2,2-trifluoro-1-hydroxy-1-methylethyl]benzamide",Drug,"n-{1-[(1-carbamoylcyclopropyl)methyl]piperidin-4-yl}-n-cyclopropyl-4-[(1s)-2,2,2-trifluoro-1-hydroxy-1-methylethyl]benzamide",,DrugBank|NCBI,
Drug:DB07619,"N-cyclopropyl-N-(trans-4-pyridin-3-ylcyclohexyl)-4-[(1S)-2,2,2-trifluoro-1-hydroxy-1-methylethyl]benzamide",Drug,"n-cyclopropyl-n-(trans-4-pyridin-3-ylcyclohexyl)-4-[(1s)-2,2,2-trifluoro-1-hydroxy-1-methylethyl]benzamide",,DrugBank|NCBI,
Drug:DB07624,"1-{[(3R)-3-methyl-4-({4-[(1S)-2,2,2-trifluoro-1-hydroxy-1-methylethyl]phenyl}sulfonyl)piperazin-1-yl]methyl}cyclopropanecarboxamide",Drug,"1-{[(3r)-3-methyl-4-({4-[(1s)-2,2,2-trifluoro-1-hydroxy-1-methylethyl]phenyl}sulfonyl)piperazin-1-yl]methyl}cyclopropanecarboxamide",,DrugBank|NCBI,
Drug:DB07866,"(5S)-2-(Cyclooctylamino)-5-methyl-5-propyl-1,3-thiazol-4(5H)-one",Drug,"(5s)-2-(cyclooctylamino)-5-methyl-5-propyl-1,3-thiazol-4(5h)-one",,DrugBank|NCBI,
Drug:DB08277,"2-(2-CHLORO-4-FLUOROPHENOXY)-2-METHYL-N-[(1R,2S,3S,5S,7S)-5-(METHYLSULFONYL)-2-ADAMANTYL]PROPANAMIDE",Drug,"2-(2-chloro-4-fluorophenoxy)-2-methyl-n-[(1r,2s,3s,5s,7s)-5-(methylsulfonyl)-2-adamantyl]propanamide",,DrugBank|NCBI,
Drug:DB08280,"(1S,3R,4S,5S,7S)-4-{[2-(4-METHOXYPHENOXY)-2-METHYLPROPANOYL]AMINO}ADAMANTANE-1-CARBOXAMIDE",Drug,"(1s,3r,4s,5s,7s)-4-{[2-(4-methoxyphenoxy)-2-methylpropanoyl]amino}adamantane-1-carboxamide",,DrugBank|NCBI,
Drug:DB08771,"(5R)-2-[(2-Fluorophenyl)amino]-5-isopropyl-1,3-thiazol-4(5H)-one",Drug,"(5r)-2-[(2-fluorophenyl)amino]-5-isopropyl-1,3-thiazol-4(5h)-one",,DrugBank|NCBI,
Drug:DB00798,Gentamicin,Drug,gentamicin,,DrugBank|NCBI,
Drug:DB02104,"2,4-Diamino-5-Methyl-6-[(3,4,5-Trimethoxy-N-Methylanilino)Methyl]Pyrido[2,3-D]Pyrimidine",Drug,"2,4-diamino-5-methyl-6-[(3,4,5-trimethoxy-n-methylanilino)methyl]pyrido[2,3-d]pyrimidine",,DrugBank|NCBI,
Drug:DB02427,"2,4-Diamino-6-[N-(2',5'-Dimethoxybenzyl)-N-Methylamino]Quinazoline",Drug,"2,4-diamino-6-[n-(2',5'-dimethoxybenzyl)-n-methylamino]quinazoline",,DrugBank|NCBI,
Drug:DB02559,"6-(Octahydro-1h-Indol-1-Ylmethyl)Decahydroquinazoline-2,4-Diamine",Drug,"6-(octahydro-1h-indol-1-ylmethyl)decahydroquinazoline-2,4-diamine",,DrugBank|NCBI,
Drug:DB02583,"N6-(2,5-Dimethoxy-Benzyl)-N6-Methyl-Pyrido[2,3-D]Pyrimidine-2,4,6-Triamine",Drug,"n6-(2,5-dimethoxy-benzyl)-n6-methyl-pyrido[2,3-d]pyrimidine-2,4,6-triamine",,DrugBank|NCBI,
Drug:DB02919,"2,4-Diamino-6-[N-(3',4',5'-Trimethoxybenzyl)-N-Methylamino]Pyrido[2,3-D]Pyrimidine",Drug,"2,4-diamino-6-[n-(3',4',5'-trimethoxybenzyl)-n-methylamino]pyrido[2,3-d]pyrimidine",,DrugBank|NCBI,
Drug:DB03060,Sri-9662,Drug,sri-9662,,DrugBank|NCBI,
Drug:DB03125,"2,4-Diamino-5-(3,4,5-Trimethoxy-Benzyl)-Pyrimidin-1-Ium",Drug,"2,4-diamino-5-(3,4,5-trimethoxy-benzyl)-pyrimidin-1-ium",,DrugBank|NCBI,
Drug:DB03351,Sri-9439,Drug,sri-9439,,DrugBank|NCBI,
Drug:DB03695,Piritrexim,Drug,piritrexim,,DrugBank|NCBI,
Drug:DB03886,Biopterin,Drug,biopterin,,DrugBank|NCBI,
Drug:DB03987,"2,4-Diamino-6-[N-(3',5'-Dimethoxybenzyl)-N-Methylamino]Pyrido[2,3-D]Pyrimidine",Drug,"2,4-diamino-6-[n-(3',5'-dimethoxybenzyl)-n-methylamino]pyrido[2,3-d]pyrimidine",,DrugBank|NCBI,
Drug:DB06358,Iclaprim,Drug,iclaprim,,DrugBank|NCBI,
Drug:DB07140,"5-[(3R)-3-(5-methoxybiphenyl-3-yl)but-1-yn-1-yl]-6-methylpyrimidine-2,4-diamine",Drug,"5-[(3r)-3-(5-methoxybiphenyl-3-yl)but-1-yn-1-yl]-6-methylpyrimidine-2,4-diamine",,DrugBank|NCBI,
Drug:DB07141,"5-[(3R)-3-(5-methoxy-4'-methylbiphenyl-3-yl)but-1-yn-1-yl]-6-methylpyrimidine-2,4-diamine",Drug,"5-[(3r)-3-(5-methoxy-4'-methylbiphenyl-3-yl)but-1-yn-1-yl]-6-methylpyrimidine-2,4-diamine",,DrugBank|NCBI,
Drug:DB07142,"5-[(3R)-3-(5-methoxy-3',5'-dimethylbiphenyl-3-yl)but-1-yn-1-yl]-6-methylpyrimidine-2,4-diamine",Drug,"5-[(3r)-3-(5-methoxy-3',5'-dimethylbiphenyl-3-yl)but-1-yn-1-yl]-6-methylpyrimidine-2,4-diamine",,DrugBank|NCBI,
Drug:DB07144,"5-[(3R)-3-(5-methoxy-2',6'-dimethylbiphenyl-3-yl)but-1-yn-1-yl]-6-methylpyrimidine-2,4-diamine",Drug,"5-[(3r)-3-(5-methoxy-2',6'-dimethylbiphenyl-3-yl)but-1-yn-1-yl]-6-methylpyrimidine-2,4-diamine",,DrugBank|NCBI,
Drug:DB08234,"5-[3-(2,5-dimethoxyphenyl)prop-1-yn-1-yl]-6-ethylpyrimidine-2,4-diamine",Drug,"5-[3-(2,5-dimethoxyphenyl)prop-1-yn-1-yl]-6-ethylpyrimidine-2,4-diamine",,DrugBank|NCBI,
Drug:DB08406,"[N-(2,4-DIAMINOPTERIDIN-6-YL)-METHYL]-DIBENZ[B,F]AZEPINE",Drug,"[n-(2,4-diaminopteridin-6-yl)-methyl]-dibenz[b,f]azepine",,DrugBank|NCBI,
Drug:DB08448,"(4aS)-5-[(2,4-diaminopteridin-6-yl)methyl]-4a,5-dihydro-2H-dibenzo[b,f]azepin-8-ol",Drug,"(4as)-5-[(2,4-diaminopteridin-6-yl)methyl]-4a,5-dihydro-2h-dibenzo[b,f]azepin-8-ol",,DrugBank|NCBI,
Drug:DB08642,"(2R,6S)-6-{[methyl(3,4,5-trimethoxyphenyl)amino]methyl}-1,2,5,6,7,8-hexahydroquinazoline-2,4-diamine",Drug,"(2r,6s)-6-{[methyl(3,4,5-trimethoxyphenyl)amino]methyl}-1,2,5,6,7,8-hexahydroquinazoline-2,4-diamine",,DrugBank|NCBI,
Gene:6470,SHMT1,Gene,SHMT1,,DrugBank|MONDO|MONDO_grouped|NCBI|REACTOME,
Drug:DB02067,Triglu-5-formyl-tetrahydrofolate,Drug,triglu-5-formyl-tetrahydrofolate,,DrugBank|NCBI,
Drug:DB02800,"5-hydroxymethyl-5,6-dihydrofolic acid",Drug,"5-hydroxymethyl-5,6-dihydrofolic acid",,DrugBank|NCBI,
Drug:DB02824,N-Pyridoxyl-Glycine-5-Monophosphate,Drug,n-pyridoxyl-glycine-5-monophosphate,,DrugBank|NCBI,
Drug:DB02659,Cholic Acid,Drug,cholic acid,,DrugBank|NCBI,
Drug:DB04464,N-Formylmethionine,Drug,n-formylmethionine,,DrugBank|NCBI,
Drug:DB09140,Oxygen,Drug,oxygen,,DrugBank|NCBI,
Gene:3293,HSD17B3,Gene,HSD17B3,,DrugBank|MONDO|NCBI|REACTOME,
Drug:DB11644,Tafamidis,Drug,tafamidis,,DrugBank|NCBI,
Gene:2897,GRIK1,Gene,GRIK1,,DrugBank|MONDO_grouped|NCBI|REACTOME,
Gene:140,ADORA3,Gene,ADORA3,,DrugBank|MONDO|NCBI|REACTOME,
Drug:DB05511,Piclidenoson,Drug,piclidenoson,,DrugBank|NCBI,
Drug:DB12695,Phenethyl Isothiocyanate,Drug,phenethyl isothiocyanate,,DrugBank|NCBI,
Gene:9563,H6PD,Gene,H6PD,,DrugBank|MONDO|NCBI,
Gene:5534,PPP3R1,Gene,PPP3R1,,DrugBank|MONDO_grouped|NCBI|REACTOME,
Drug:DB11693,Voclosporin,Drug,voclosporin,,DrugBank|NCBI,
Gene:238,ALK,Gene,ALK,,DrugBank|MONDO|MONDO_grouped|NCBI,
Drug:DB11363,Alectinib,Drug,alectinib,,DrugBank|MONDO|NCBI,
Drug:DB03559,Cyclohexylformamide,Drug,cyclohexylformamide,,DrugBank|NCBI,
Gene:2902,GRIN1,Gene,GRIN1,,DrugBank|MONDO_grouped|NCBI|REACTOME,
Drug:DB01931,"5,7-Dichlorokynurenic acid",Drug,"5,7-dichlorokynurenic acid",,DrugBank|NCBI,
Drug:DB03929,D-Serine,Drug,d-serine,,DrugBank|NCBI,
Drug:DB04620,Cycloleucine,Drug,cycloleucine,,DrugBank|NCBI,
Drug:DB05824,CNS-5161,Drug,cns-5161,,DrugBank|NCBI,
Drug:DB06151,Acetylcysteine,Drug,acetylcysteine,,DrugBank|NCBI,
Drug:DB08954,Ifenprodil,Drug,ifenprodil,,DrugBank|NCBI,
Gene:4702,NDUFA8,Gene,NDUFA8,,DrugBank|MONDO|NCBI|REACTOME,
Gene:3791,KDR,Gene,KDR,,DrugBank|MONDO|MONDO_grouped|NCBI|REACTOME,
Drug:DB04727,"1-{4-[4-Amino-6-(4-methoxyphenyl)furo[2,3-d]pyrimidin-5-yl]phenyl}-3-[2-fluoro-5-(trifluoromethyl)phenyl]urea",Drug,"1-{4-[4-amino-6-(4-methoxyphenyl)furo[2,3-d]pyrimidin-5-yl]phenyl}-3-[2-fluoro-5-(trifluoromethyl)phenyl]urea",,DrugBank|NCBI,
Drug:DB04849,Cediranib,Drug,cediranib,,DrugBank|NCBI,
Drug:DB05198,CYC116,Drug,cyc116,,DrugBank|NCBI,
Drug:DB05578,Ramucirumab,Drug,ramucirumab,,DrugBank|MONDO|MONDO_grouped|NCBI,
Drug:DB05931,Pegdinetanib,Drug,pegdinetanib,,DrugBank|NCBI,
Drug:DB05984,RAF-265,Drug,raf-265,,DrugBank|NCBI,
Drug:DB06938,4-[[2-[[4-chloro-3-(trifluoromethyl)phenyl]amino]-3H-benzimidazol-5-yl]oxy]-N-methyl-pyridine-2-carboxamide,Drug,4-[[2-[[4-chloro-3-(trifluoromethyl)phenyl]amino]-3h-benzimidazol-5-yl]oxy]-n-methyl-pyridine-2-carboxamide,,DrugBank|NCBI,
Drug:DB07183,N-(4-phenoxyphenyl)-2-[(pyridin-4-ylmethyl)amino]nicotinamide,Drug,n-(4-phenoxyphenyl)-2-[(pyridin-4-ylmethyl)amino]nicotinamide,,DrugBank|NCBI,
Drug:DB07274,"N-cyclopropyl-6-[(6,7-dimethoxyquinolin-4-yl)oxy]naphthalene-1-carboxamide",Drug,"n-cyclopropyl-6-[(6,7-dimethoxyquinolin-4-yl)oxy]naphthalene-1-carboxamide",,DrugBank|NCBI,
Drug:DB07326,"6-chloro-N-pyrimidin-5-yl-3-{[3-(trifluoromethyl)phenyl]amino}-1,2-benzisoxazole-7-carboxamide",Drug,"6-chloro-n-pyrimidin-5-yl-3-{[3-(trifluoromethyl)phenyl]amino}-1,2-benzisoxazole-7-carboxamide",,DrugBank|NCBI,
Drug:DB07333,"N-(CYCLOPROPYLMETHYL)-4-(METHYLOXY)-3-({5-[3-(3-PYRIDINYL)PHENYL]-1,3-OXAZOL-2-YL}AMINO)BENZENESULFONAMIDE",Drug,"n-(cyclopropylmethyl)-4-(methyloxy)-3-({5-[3-(3-pyridinyl)phenyl]-1,3-oxazol-2-yl}amino)benzenesulfonamide",,DrugBank|NCBI,
Drug:DB07334,"N-[5-(ETHYLSULFONYL)-2-METHOXYPHENYL]-5-[3-(2-PYRIDINYL)PHENYL]-1,3-OXAZOL-2-AMINE",Drug,"n-[5-(ethylsulfonyl)-2-methoxyphenyl]-5-[3-(2-pyridinyl)phenyl]-1,3-oxazol-2-amine",,DrugBank|NCBI,
Drug:DB07514,"3-(2-aminoquinazolin-6-yl)-1-(3,3-dimethylindolin-6-yl)-4-methylpyridin-2(1H)-one",Drug,"3-(2-aminoquinazolin-6-yl)-1-(3,3-dimethylindolin-6-yl)-4-methylpyridin-2(1h)-one",,DrugBank|NCBI,
Drug:DB07528,3-(2-aminoquinazolin-6-yl)-4-methyl-1-[3-(trifluoromethyl)phenyl]pyridin-2(1H)-one,Drug,3-(2-aminoquinazolin-6-yl)-4-methyl-1-[3-(trifluoromethyl)phenyl]pyridin-2(1h)-one,,DrugBank|NCBI,
Drug:DB07537,"N'-(6-aminopyridin-3-yl)-N-(2-cyclopentylethyl)-4-methyl-benzene-1,3-dicarboxamide",Drug,"n'-(6-aminopyridin-3-yl)-n-(2-cyclopentylethyl)-4-methyl-benzene-1,3-dicarboxamide",,DrugBank|NCBI,
Drug:DB08042,"N~4~-methyl-N~4~-(3-methyl-1H-indazol-6-yl)-N~2~-(3,4,5-trimethoxyphenyl)pyrimidine-2,4-diamine",Drug,"n~4~-methyl-n~4~-(3-methyl-1h-indazol-6-yl)-n~2~-(3,4,5-trimethoxyphenyl)pyrimidine-2,4-diamine",,DrugBank|NCBI,
Drug:DB08519,"N~4~-(3-methyl-1H-indazol-6-yl)-N~2~-(3,4,5-trimethoxyphenyl)pyrimidine-2,4-diamine",Drug,"n~4~-(3-methyl-1h-indazol-6-yl)-n~2~-(3,4,5-trimethoxyphenyl)pyrimidine-2,4-diamine",,DrugBank|NCBI,
Gene:55312,RFK,Gene,RFK,,DrugBank|MONDO|NCBI|REACTOME,
Gene:27232,GNMT,Gene,GNMT,,DrugBank|MONDO|MONDO_grouped|NCBI|REACTOME,
Drug:DB01752,S-adenosyl-L-homocysteine,Drug,s-adenosyl-l-homocysteine,,DrugBank|NCBI,
Gene:2571,GAD1,Gene,GAD1,,DrugBank|MONDO_grouped|NCBI|REACTOME,
Gene:63826,SRR,Gene,SRR,,DrugBank|MONDO|MONDO_grouped|NCBI|REACTOME,
Gene:1815,DRD4,Gene,DRD4,,DrugBank|MONDO_grouped|NCBI|REACTOME,
Drug:DB06477,Sumanirole,Drug,sumanirole,,DrugBank|NCBI,
Drug:DB00083,Botulinum toxin type A,Drug,botulinum toxin type a,,DrugBank|NCBI,
Gene:6616,SNAP25,Gene,SNAP25,,DrugBank|MONDO_grouped|NCBI|REACTOME,
Drug:DB00141,N-Acetylglucosamine,Drug,n-acetylglucosamine,,DrugBank|NCBI,
Gene:2906,GRIN2D,Gene,GRIN2D,,DrugBank|MONDO|MONDO_grouped|NCBI|REACTOME,
Drug:DB01520,Tenocyclidine,Drug,tenocyclidine,,DrugBank|NCBI,
Drug:DB02481,N-Benzylformamide,Drug,n-benzylformamide,,DrugBank|NCBI,
Drug:DB02721,4-Iodopyrazole,Drug,4-iodopyrazole,,DrugBank|NCBI,
Drug:DB03703,Cyclohexanol,Drug,cyclohexanol,,DrugBank|NCBI,
Drug:DB04105,N-Heptylformamide,Drug,n-heptylformamide,,DrugBank|NCBI,
Drug:DB00403,Ceruletide,Drug,ceruletide,,DrugBank|NCBI,
Gene:886,CCKAR,Gene,CCKAR,,DrugBank|MONDO_grouped|NCBI|REACTOME,
Drug:DB04867,Lintitript,Drug,lintitript,,DrugBank|NCBI,
Gene:4953,ODC1,Gene,ODC1,,DrugBank|MONDO|NCBI|REACTOME,
Drug:DB01917,Putrescine,Drug,putrescine,,DrugBank|NCBI,
Drug:DB03856,L-Eflornithine,Drug,l-eflornithine,,DrugBank|NCBI,
Drug:DB04083,N(6)-(pyridoxal phosphate)-L-lysine,Drug,n(6)-(pyridoxal phosphate)-l-lysine,,DrugBank|NCBI,
Drug:DB04263,Geneticin,Drug,geneticin,,DrugBank|NCBI,
Drug:DB06243,Eflornithine,Drug,eflornithine,,DrugBank|NCBI,
Gene:1132,CHRM4,Gene,CHRM4,,DrugBank|MONDO_grouped|NCBI|REACTOME,
Drug:DB01625,Isopropamide,Drug,isopropamide,,DrugBank|NCBI,
Drug:DB00583,Levocarnitine,Drug,levocarnitine,,DrugBank|NCBI,
Gene:1374,CPT1A,Gene,CPT1A,,DrugBank|MONDO|NCBI|REACTOME,
Drug:DB03191,3-Oxiran-2ylalanine,Drug,3-oxiran-2ylalanine,,DrugBank|NCBI,
Drug:DB03611,L-2-amino-4-methoxy-cis-but-3-enoic acid,Drug,l-2-amino-4-methoxy-cis-but-3-enoic acid,,DrugBank|NCBI,
Gene:6256,RXRA,Gene,RXRA,,DrugBank|MONDO|NCBI|REACTOME,
Drug:DB05956,EVT-101,Drug,evt-101,,DrugBank|NCBI,
Drug:DB07557,"3,20-Pregnanedione",Drug,"3,20-pregnanedione",,DrugBank|NCBI,
Drug:DB08063,"1-BENZYL-3-(4-METHOXYPHENYLAMINO)-4-PHENYLPYRROLE-2,5-DIONE",Drug,"1-benzyl-3-(4-methoxyphenylamino)-4-phenylpyrrole-2,5-dione",,DrugBank|NCBI,
Drug:DB08601,Tributyltin,Drug,tributyltin,,DrugBank|NCBI,
Drug:DB00038,Oprelvekin,Drug,oprelvekin,,DrugBank|NCBI,
Gene:3590,IL11RA,Gene,IL11RA,,DrugBank|MONDO|NCBI|REACTOME,
Gene:2904,GRIN2B,Gene,GRIN2B,,DrugBank|MONDO_grouped|NCBI|REACTOME,
Gene:301,ANXA1,Gene,ANXA1,,DrugBank|MONDO|NCBI|REACTOME,
Gene:4942,OAT,Gene,OAT,,DrugBank|MONDO|MONDO_grouped|NCBI|REACTOME,
Drug:DB02054,Gabaculine,Drug,gabaculine,,DrugBank|NCBI,
Drug:DB02821,Canaline,Drug,canaline,,DrugBank|NCBI,
Gene:3939,LDHA,Gene,LDHA,,DrugBank|MONDO|NCBI|REACTOME,
Drug:DB02483,Etheno-NAD,Drug,etheno-nad,,DrugBank|NCBI,
Drug:DB00545,Pyridostigmine,Drug,pyridostigmine,,DrugBank|NCBI,
Drug:DB00733,Pralidoxime,Drug,pralidoxime,,DrugBank|NCBI,
Drug:DB00944,Demecarium,Drug,demecarium,,DrugBank|NCBI,
Drug:DB00981,Physostigmine,Drug,physostigmine,,DrugBank|NCBI,
Drug:DB00989,Rivastigmine,Drug,rivastigmine,,DrugBank|NCBI,
Drug:DB01010,Edrophonium,Drug,edrophonium,,DrugBank|NCBI,
Drug:DB01805,Monoisopropylphosphorylserine,Drug,monoisopropylphosphorylserine,,DrugBank|NCBI,
Drug:DB02166,Propidium,Drug,propidium,,DrugBank|NCBI,
Drug:DB02226,"3,8-Diamino-6-Phenyl-5-[6-[1-[2-[(1,2,3,4-Tetrahydro-9-Acridinyl)Amino]Ethyl]-1h-1,2,3-Triazol-4-Yl]Hexyl]-Phenanthridinium",Drug,"3,8-diamino-6-phenyl-5-[6-[1-[2-[(1,2,3,4-tetrahydro-9-acridinyl)amino]ethyl]-1h-1,2,3-triazol-4-yl]hexyl]-phenanthridinium",,DrugBank|NCBI,
Drug:DB02343,"3,6,9,12,15-Pentaoxaheptadecane",Drug,"3,6,9,12,15-pentaoxaheptadecane",,DrugBank|NCBI,
Drug:DB02404,1-Deoxy-1-Thio-Heptaethylene Glycol,Drug,1-deoxy-1-thio-heptaethylene glycol,,DrugBank|NCBI,
Drug:DB02673,"(4aS,6R,8aS)-11-[8-(1,3-Dioxo-1,3-dihydro-2H-isoindol-2-yl)octyl]-6-hydroxy-3-methoxy-5,6,9,10-tetrahydro-4aH-[1]benzofuro[3a,3,2-ef][2]benzazepin-11-ium",Drug,"(4as,6r,8as)-11-[8-(1,3-dioxo-1,3-dihydro-2h-isoindol-2-yl)octyl]-6-hydroxy-3-methoxy-5,6,9,10-tetrahydro-4ah-[1]benzofuro[3a,3,2-ef][2]benzazepin-11-ium",,DrugBank|NCBI,
Drug:DB02825,Methylphosphinate,Drug,methylphosphinate,,DrugBank|NCBI,
Drug:DB03005,"3,8-Diamino-6-Phenyl-5-[6-[1-[2-[(1,2,3,4-Tetrahydro-9-Acridinyl)Amino]Ethyl]-1h-1,2,3-Triazol-5-Yl]Hexyl]-Phenanthridinium",Drug,"3,8-diamino-6-phenyl-5-[6-[1-[2-[(1,2,3,4-tetrahydro-9-acridinyl)amino]ethyl]-1h-1,2,3-triazol-5-yl]hexyl]-phenanthridinium",,DrugBank|NCBI,
Drug:DB03283,beta-L-fucose,Drug,beta-l-fucose,,DrugBank|NCBI,
Drug:DB03348,Huperzine B,Drug,huperzine b,,DrugBank|NCBI,
Drug:DB03359,"M-(N,N,N-Trimethylammonio)-2,2,2-Trifluoro-1,1-Dihydroxyethylbenzene",Drug,"m-(n,n,n-trimethylammonio)-2,2,2-trifluoro-1,1-dihydroxyethylbenzene",,DrugBank|NCBI,
Drug:DB04021,MF268,Drug,mf268,,DrugBank|NCBI,
Drug:DB04114,"3-Chloro-9-Ethyl-6,7,8,9,10,11-Hexahydro-7,11-Methanocycloocta[B]Quinolin-12-Amine",Drug,"3-chloro-9-ethyl-6,7,8,9,10,11-hexahydro-7,11-methanocycloocta[b]quinolin-12-amine",,DrugBank|NCBI,
Drug:DB04556,NAP-226-90,Drug,nap-226-90,,DrugBank|NCBI,
Drug:DB04614,(R)-tacrine(10)-hupyridone,Drug,(r)-tacrine(10)-hupyridone,,DrugBank|NCBI,
Drug:DB04615,(S)-tacrine(10)-hupyridone,Drug,(s)-tacrine(10)-hupyridone,,DrugBank|NCBI,
Drug:DB04616,TACRINE(8)-4-AMINOQUINOLINE,Drug,tacrine(8)-4-aminoquinoline,,DrugBank|NCBI,
Drug:DB04617,"(9S)-9-[(8-AMMONIOOCTYL)AMINO]-1,2,3,4,9,10-HEXAHYDROACRIDINIUM",Drug,"(9s)-9-[(8-ammoniooctyl)amino]-1,2,3,4,9,10-hexahydroacridinium",,DrugBank|NCBI,
Drug:DB04859,Zanapezil,Drug,zanapezil,,DrugBank|NCBI,
Drug:DB04864,Huperzine A,Drug,huperzine a,,DrugBank|NCBI,
Drug:DB04892,Phenserine,Drug,phenserine,,DrugBank|NCBI,
Drug:DB04924,Itopride,Drug,itopride,,DrugBank|NCBI,
Drug:DB06525,Ganstigmine,Drug,ganstigmine,,DrugBank|NCBI,
Drug:DB07555,"Hydroxy(oxo)(2-{(1S)-2,2,2-trifluoro-1-[2-(trimethylarsonio)ethoxy]ethyl}phenyl)ammonium",Drug,"hydroxy(oxo)(2-{(1s)-2,2,2-trifluoro-1-[2-(trimethylarsonio)ethoxy]ethyl}phenyl)ammonium",,DrugBank|NCBI,
Drug:DB07701,"1-BENZYL-4-[(5,6-DIMETHOXY-1-INDANON-2-YL)METHYL]PIPERIDINE",Drug,"1-benzyl-4-[(5,6-dimethoxy-1-indanon-2-yl)methyl]piperidine",,DrugBank|NCBI,
Drug:DB07756,"1-[3-({[(4-AMINO-5-FLUORO-2-METHYLQUINOLIN-3-YL)METHYL]THIO}METHYL)PHENYL]-2,2,2-TRIFLUOROETHANE-1,1-DIOL",Drug,"1-[3-({[(4-amino-5-fluoro-2-methylquinolin-3-yl)methyl]thio}methyl)phenyl]-2,2,2-trifluoroethane-1,1-diol",,DrugBank|NCBI,
Drug:DB07846,"(3,4,8b-Trimethyl-3-oxido-2,3a-dihydro-1H-pyrrolo[2,3-b]indol-3-ium-7-yl) N-(2-ethylphenyl)carbamate",Drug,"(3,4,8b-trimethyl-3-oxido-2,3a-dihydro-1h-pyrrolo[2,3-b]indol-3-ium-7-yl) n-(2-ethylphenyl)carbamate",,DrugBank|NCBI,
Drug:DB08167,Methylthioninium,Drug,methylthioninium,,DrugBank|NCBI,
Drug:DB08357,Diethylene glycol diethyl ether,Drug,diethylene glycol diethyl ether,,DrugBank|NCBI,
Drug:DB08615,"2-[4-(DIMETHYLAMINO)PHENYL]-6-HYDROXY-3-METHYL-1,3-BENZOTHIAZOL-3-IUM",Drug,"2-[4-(dimethylamino)phenyl]-6-hydroxy-3-methyl-1,3-benzothiazol-3-ium",,DrugBank|NCBI,
Drug:DB08996,Dimetacrine,Drug,dimetacrine,,DrugBank|NCBI,
Drug:DB13503,Tyrothricin,Drug,tyrothricin,,DrugBank|NCBI,
Gene:207,AKT1,Gene,AKT1,,DrugBank|MONDO|MONDO_grouped|NCBI|REACTOME,
Drug:DB01863,"Inositol 1,3,4,5-Tetrakisphosphate",Drug,"inositol 1,3,4,5-tetrakisphosphate",,DrugBank|NCBI,
Drug:DB05971,Archexin,Drug,archexin,,DrugBank|NCBI,
Drug:DB06486,Enzastaurin,Drug,enzastaurin,,DrugBank|NCBI,
Drug:DB06641,Perifosine,Drug,perifosine,,DrugBank|NCBI,
Drug:DB07584,"N-[2-(5-methyl-4H-1,2,4-triazol-3-yl)phenyl]-7H-pyrrolo[2,3-d]pyrimidin-4-amine",Drug,"n-[2-(5-methyl-4h-1,2,4-triazol-3-yl)phenyl]-7h-pyrrolo[2,3-d]pyrimidin-4-amine",,DrugBank|NCBI,
Drug:DB07585,"5-(5-chloro-7H-pyrrolo[2,3-d]pyrimidin-4-yl)-4,5,6,7-tetrahydro-1H-imidazo[4,5-c]pyridine",Drug,"5-(5-chloro-7h-pyrrolo[2,3-d]pyrimidin-4-yl)-4,5,6,7-tetrahydro-1h-imidazo[4,5-c]pyridine",,DrugBank|NCBI,
Gene:775,CACNA1C,Gene,CACNA1C,,DrugBank|MONDO_grouped|NCBI|REACTOME,
Drug:DB01373,Calcium,Drug,calcium,,DrugBank|NCBI,
Drug:DB06751,Drotaverine,Drug,drotaverine,,DrugBank|NCBI,
Gene:369,ARAF,Gene,ARAF,,DrugBank|MONDO|NCBI|REACTOME,
Gene:10558,SPTLC1,Gene,SPTLC1,,DrugBank|MONDO|NCBI|REACTOME,
Gene:3269,HRH1,Gene,HRH1,,DrugBank|MONDO|MONDO_grouped|NCBI|REACTOME,
Drug:DB00341,Cetirizine,Drug,cetirizine,,DrugBank|NCBI,
Drug:DB00366,Doxylamine,Drug,doxylamine,,DrugBank|NCBI,
Drug:DB00405,Dexbrompheniramine,Drug,dexbrompheniramine,,DrugBank|NCBI,
Drug:DB00427,Triprolidine,Drug,triprolidine,,DrugBank|NCBI,
Drug:DB00748,Carbinoxamine,Drug,carbinoxamine,,DrugBank|NCBI,
Drug:DB00777,Propiomazine,Drug,propiomazine,,DrugBank|NCBI,
Drug:DB00902,Methdilazine,Drug,methdilazine,,DrugBank|NCBI,
Drug:DB00920,Ketotifen,Drug,ketotifen,,DrugBank|NCBI,
Drug:DB00967,Desloratadine,Drug,desloratadine,,DrugBank|NCBI,
Drug:DB00985,Dimenhydrinate,Drug,dimenhydrinate,,DrugBank|NCBI,
Drug:DB01084,Emedastine,Drug,emedastine,,DrugBank|NCBI,
Drug:DB01106,Levocabastine,Drug,levocabastine,,DrugBank|NCBI,
Drug:DB01146,Diphenylpyraline,Drug,diphenylpyraline,,DrugBank|NCBI,
Drug:DB01176,Cyclizine,Drug,cyclizine,,DrugBank|NCBI,
Drug:DB01237,Bromodiphenhydramine,Drug,bromodiphenhydramine,,DrugBank|NCBI,
Drug:DB01246,Alimemazine,Drug,alimemazine,,DrugBank|NCBI,
Drug:DB01615,Aceprometazine,Drug,aceprometazine,,DrugBank|NCBI,
Drug:DB01619,Phenindamine,Drug,phenindamine,,DrugBank|NCBI,
Drug:DB01620,Pheniramine,Drug,pheniramine,,DrugBank|NCBI,
Drug:DB04837,Clofedanol,Drug,clofedanol,,DrugBank|NCBI,
Drug:DB04890,Bepotastine,Drug,bepotastine,,DrugBank|NCBI,
Drug:DB05079,HY10275,Drug,hy10275,,DrugBank|NCBI,
Drug:DB05080,OBE101,Drug,obe101,,DrugBank|NCBI,
Drug:DB05345,SO-101,Drug,so-101,,DrugBank|NCBI,
Drug:DB06766,Alcaftadine,Drug,alcaftadine,,DrugBank|NCBI,
Drug:DB08799,Antazoline,Drug,antazoline,,DrugBank|NCBI,
Drug:DB08800,Chloropyramine,Drug,chloropyramine,,DrugBank|NCBI,
Drug:DB08801,Dimetindene,Drug,dimetindene,,DrugBank|NCBI,
Drug:DB08802,Isothipendyl,Drug,isothipendyl,,DrugBank|NCBI,
Drug:DB08936,Chlorcyclizine,Drug,chlorcyclizine,,DrugBank|NCBI,
Drug:DB09016,Butriptyline,Drug,butriptyline,,DrugBank|NCBI,
Drug:DB09488,Acrivastine,Drug,acrivastine,,DrugBank|NCBI,
Drug:DB11591,Bilastine,Drug,bilastine,,DrugBank|NCBI,
Gene:221,ALDH3B1,Gene,ALDH3B1,,DrugBank|MONDO_grouped|NCBI|REACTOME,
Gene:9123,SLC16A3,Gene,SLC16A3,,DrugBank|MONDO|NCBI|REACTOME,
Gene:3356,HTR2A,Gene,HTR2A,,DrugBank|MONDO_grouped|NCBI|REACTOME,
Drug:DB01537,"4-Bromo-2,5-dimethoxyphenethylamine",Drug,"4-bromo-2,5-dimethoxyphenethylamine",,DrugBank|NCBI,
Drug:DB04599,Aniracetam,Drug,aniracetam,,DrugBank|NCBI,
Drug:DB05227,APD791,Drug,apd791,,DrugBank|NCBI,
Drug:DB05316,Pimavanserin,Drug,pimavanserin,,DrugBank|NCBI,
Drug:DB05687,BL-1020,Drug,bl-1020,,DrugBank|NCBI,
Drug:DB06109,YKP-1358,Drug,ykp-1358,,DrugBank|NCBI,
Drug:DB06288,Amisulpride,Drug,amisulpride,,DrugBank|NCBI,
Drug:DB08927,Amperozide,Drug,amperozide,,DrugBank|NCBI,
Drug:DB09194,Etoperidone,Drug,etoperidone,,DrugBank|NCBI,
Drug:DB12163,Sarpogrelate,Drug,sarpogrelate,,DrugBank|NCBI,
Drug:DB12177,Eplivanserin,Drug,eplivanserin,,DrugBank|NCBI,
Drug:DB12465,Ketanserin,Drug,ketanserin,,DrugBank|NCBI,
Drug:DB12555,Nelotanserin,Drug,nelotanserin,,DrugBank|NCBI,
Drug:DB13940,"2,5-Dimethoxy-4-ethylthioamphetamine",Drug,"2,5-dimethoxy-4-ethylthioamphetamine",,DrugBank|NCBI,
Drug:DB13948,"N-(2-hydroxybenzyl)-2,5-dimethoxy-4-cyanophenylethylamine",Drug,"n-(2-hydroxybenzyl)-2,5-dimethoxy-4-cyanophenylethylamine",,DrugBank|NCBI,
Drug:DB01962,Phosphonotyrosine,Drug,phosphonotyrosine,,DrugBank|NCBI,
Drug:DB09103,Ancestim,Drug,ancestim,,DrugBank|NCBI,
Drug:DB12742,Amuvatinib,Drug,amuvatinib,,DrugBank|NCBI,
Gene:2905,GRIN2C,Gene,GRIN2C,,DrugBank|MONDO_grouped|NCBI|REACTOME,
Gene:3355,HTR1F,Gene,HTR1F,,DrugBank|MONDO_grouped|NCBI|REACTOME,
Gene:81033,KCNH6,Gene,KCNH6,,DrugBank|MONDO_grouped|NCBI|REACTOME,
Drug:DB00241,Butalbital,Drug,butalbital,,DrugBank|NCBI,
Gene:2558,GABRA5,Gene,GABRA5,,DrugBank|MONDO_grouped|NCBI|REACTOME,
Drug:DB00306,Talbutal,Drug,talbutal,,DrugBank|NCBI,
Drug:DB00371,Meprobamate,Drug,meprobamate,,DrugBank|MONDO|NCBI,
Drug:DB00463,Metharbital,Drug,metharbital,,DrugBank|NCBI,
Drug:DB01205,Flumazenil,Drug,flumazenil,,DrugBank|NCBI,
Drug:DB01351,Amobarbital,Drug,amobarbital,,DrugBank|NCBI,
Drug:DB01353,Butobarbital,Drug,butobarbital,,DrugBank|NCBI,
Drug:DB01354,Heptabarbital,Drug,heptabarbital,,DrugBank|NCBI,
Drug:DB01496,"Dihydro-2-thioxo-5-((5-(2-(trifluoromethyl)phenyl)-2-furanyl)methyl)-4,6(1H,5H)-pyrimidinedione",Drug,"dihydro-2-thioxo-5-((5-(2-(trifluoromethyl)phenyl)-2-furanyl)methyl)-4,6(1h,5h)-pyrimidinedione",,DrugBank|NCBI,
Drug:DB05087,Ganaxolone,Drug,ganaxolone,,DrugBank|NCBI,
Gene:2557,GABRA4,Gene,GABRA4,,DrugBank|MONDO|MONDO_grouped|NCBI|REACTOME,
Gene:219,ALDH1B1,Gene,ALDH1B1,,DrugBank|MONDO|NCBI|REACTOME,
Gene:95,ACY1,Gene,ACY1,,DrugBank|MONDO|NCBI|REACTOME,
Gene:4723,NDUFV1,Gene,NDUFV1,,DrugBank|MONDO_grouped|NCBI|REACTOME,
Gene:6530,SLC6A2,Gene,SLC6A2,,DrugBank|MONDO_grouped|NCBI|REACTOME,
Drug:DB00226,Guanadrel,Drug,guanadrel,,DrugBank|NCBI,
Drug:DB00344,Protriptyline,Drug,protriptyline,,DrugBank|MONDO_grouped|NCBI,
Drug:DB00830,Phenmetrazine,Drug,phenmetrazine,,DrugBank|NCBI,
Drug:DB00937,Diethylpropion,Drug,diethylpropion,,DrugBank|NCBI,
Drug:DB01170,Guanethidine,Drug,guanethidine,,DrugBank|NCBI,
Drug:DB01579,Phendimetrazine,Drug,phendimetrazine,,DrugBank|NCBI,
Drug:DB04836,Amineptine,Drug,amineptine,,DrugBank|NCBI,
Drug:DB05012,XEN2174,Drug,xen2174,,DrugBank|NCBI,
Drug:DB05688,CRx-119,Drug,crx-119,,DrugBank|NCBI,
Drug:DB05964,Amitifadine,Drug,amitifadine,,DrugBank|NCBI,
Drug:DB06156,Tesofensine,Drug,tesofensine,,DrugBank|NCBI,
Drug:DB06333,Trodusquemine,Drug,trodusquemine,,DrugBank|NCBI,
Drug:DB06701,Dexmethylphenidate,Drug,dexmethylphenidate,,DrugBank|NCBI,
Drug:DB12305,Dasotraline,Drug,dasotraline,,DrugBank|NCBI,
Drug:DB13931,Netarsudil,Drug,netarsudil,,DrugBank|NCBI,
Drug:DB14754,Solriamfetol,Drug,solriamfetol,,DrugBank|NCBI,
Gene:5142,PDE4B,Gene,PDE4B,,DrugBank|MONDO_grouped|NCBI|REACTOME,
Drug:DB01088,Iloprost,Drug,iloprost,,DrugBank|NCBI,
Drug:DB01113,Papaverine,Drug,papaverine,,DrugBank|NCBI,
Drug:DB01647,Daxalipram,Drug,daxalipram,,DrugBank|NCBI,
Drug:DB01791,Piclamilast,Drug,piclamilast,,DrugBank|NCBI,
Drug:DB01954,Rolipram,Drug,rolipram,,DrugBank|NCBI,
Drug:DB01959,"3,5-Dimethyl-1-(3-Nitrophenyl)-1h-Pyrazole-4-Carboxylic Acid Ethyl Ester",Drug,"3,5-dimethyl-1-(3-nitrophenyl)-1h-pyrazole-4-carboxylic acid ethyl ester",,DrugBank|NCBI,
Drug:DB02660,Filaminast,Drug,filaminast,,DrugBank|NCBI,
Drug:DB03349,8-Bromo-Adenosine-5'-Monophosphate,Drug,8-bromo-adenosine-5'-monophosphate,,DrugBank|NCBI,
Drug:DB03606,(S)-Rolipram,Drug,(s)-rolipram,,DrugBank|NCBI,
Drug:DB03807,"1-(2-Chlorophenyl)-3,5-Dimethyl-1h-Pyrazole-4-Carboxylic Acid Ethyl Ester",Drug,"1-(2-chlorophenyl)-3,5-dimethyl-1h-pyrazole-4-carboxylic acid ethyl ester",,DrugBank|NCBI,
Drug:DB03849,Cilomilast,Drug,cilomilast,,DrugBank|NCBI,
Drug:DB04149,(R)-Rolipram,Drug,(r)-rolipram,,DrugBank|NCBI,
Drug:DB05266,Ibudilast,Drug,ibudilast,,DrugBank|NCBI,
Drug:DB06909,"1-ethyl-N-(phenylmethyl)-4-(tetrahydro-2H-pyran-4-ylamino)-1H-pyrazolo[3,4-b]pyridine-5-carboxamide",Drug,"1-ethyl-n-(phenylmethyl)-4-(tetrahydro-2h-pyran-4-ylamino)-1h-pyrazolo[3,4-b]pyridine-5-carboxamide",,DrugBank|NCBI,
Drug:DB08299,"4-[8-(3-nitrophenyl)-1,7-naphthyridin-6-yl]benzoic acid",Drug,"4-[8-(3-nitrophenyl)-1,7-naphthyridin-6-yl]benzoic acid",,DrugBank|NCBI,
Drug:DB00024,Thyrotropin alfa,Drug,thyrotropin alfa,,DrugBank|NCBI,
Gene:7253,TSHR,Gene,TSHR,,DrugBank|MONDO|NCBI|REACTOME,
Gene:4719,NDUFS1,Gene,NDUFS1,,DrugBank|MONDO_grouped|NCBI|REACTOME,
Gene:6340,SCNN1G,Gene,SCNN1G,,DrugBank|MONDO|NCBI|REACTOME,
Gene:148,ADRA1A,Gene,ADRA1A,,DrugBank|MONDO|MONDO_grouped|NCBI|REACTOME,
Drug:DB00298,Dapiprazole,Drug,dapiprazole,,DrugBank|NCBI,
Drug:DB00450,Droperidol,Drug,droperidol,,DrugBank|NCBI,
Drug:DB00610,Metaraminol,Drug,metaraminol,,DrugBank|NCBI,
Drug:DB00723,Methoxamine,Drug,methoxamine,,DrugBank|NCBI,
Drug:DB05469,R450,Drug,r450,,DrugBank|NCBI,
Drug:DB06764,Tetryzoline,Drug,tetryzoline,,DrugBank|NCBI,
Drug:DB08950,Indoramin,Drug,indoramin,,DrugBank|NCBI,
Drug:DB09202,Cirazoline,Drug,cirazoline,,DrugBank|NCBI,
Drug:DB00072,Trastuzumab,Drug,trastuzumab,,DrugBank|NCBI,
Drug:DB04988,IGN311,Drug,ign311,,DrugBank|NCBI,
Drug:DB05944,Varlitinib,Drug,varlitinib,,DrugBank|NCBI,
Drug:DB06021,AV-412,Drug,av-412,,DrugBank|NCBI,
Drug:DB06366,Pertuzumab,Drug,pertuzumab,,DrugBank|NCBI,
Drug:DB08916,Afatinib,Drug,afatinib,,DrugBank|NCBI,
Drug:DB11973,Tesevatinib,Drug,tesevatinib,,DrugBank|NCBI,
Drug:DB14967,Margetuximab,Drug,margetuximab,,DrugBank|NCBI,
Gene:8854,ALDH1A2,Gene,ALDH1A2,,DrugBank|MONDO|MONDO_grouped|NCBI|REACTOME,
Gene:4543,MTNR1A,Gene,MTNR1A,,DrugBank|MONDO_grouped|NCBI|REACTOME,
Gene:435,ASL,Gene,ASL,,DrugBank|MONDO|NCBI|REACTOME,
Drug:DB02267,Argininosuccinate,Drug,argininosuccinate,,DrugBank|NCBI,
Gene:1909,EDNRA,Gene,EDNRA,,DrugBank|MONDO|NCBI|REACTOME,
Drug:DB04883,Darusentan,Drug,darusentan,,DrugBank|NCBI,
Drug:DB05290,SPP 301,Drug,spp 301,,DrugBank|NCBI,
Drug:DB05367,Actelion-1,Drug,actelion-1,,DrugBank|NCBI,
Drug:DB06199,Atrasentan,Drug,atrasentan,,DrugBank|NCBI,
Drug:DB06677,Clazosentan,Drug,clazosentan,,DrugBank|NCBI,
Drug:DB12548,Sparsentan,Drug,sparsentan,,DrugBank|NCBI,
Drug:DB00493,Cefotaxime,Drug,cefotaxime,,DrugBank|NCBI,
Drug:DB03255,Phenol,Drug,phenol,,DrugBank|NCBI,
Drug:DB11359,Guaiacol,Drug,guaiacol,,DrugBank|NCBI,
Drug:DB12965,Silver,Drug,silver,,DrugBank|NCBI,
Drug:DB13967,Patent Blue,Drug,patent blue,,DrugBank|NCBI,
Gene:3358,HTR2C,Gene,HTR2C,,DrugBank|MONDO_grouped|NCBI|REACTOME,
Drug:DB12110,m-Chlorophenylpiperazine,Drug,m-chlorophenylpiperazine,,DrugBank|NCBI,
Gene:2597,GAPDH,Gene,GAPDH,,DrugBank|MONDO|MONDO_grouped|NCBI|REACTOME,
Drug:DB02059,Adenosine-5-Diphosphoribose,Drug,adenosine-5-diphosphoribose,,DrugBank|NCBI,
Drug:DB03893,Thionicotinamide-Adenine-Dinucleotide,Drug,thionicotinamide-adenine-dinucleotide,,DrugBank|NCBI,
Drug:DB07347,4-(2-Aminoethyl)Benzenesulfonyl Fluoride,Drug,4-(2-aminoethyl)benzenesulfonyl fluoride,,DrugBank|NCBI,
Drug:DB09092,Xanthinol,Drug,xanthinol,,DrugBank|NCBI,
Gene:4695,NDUFA2,Gene,NDUFA2,,DrugBank|MONDO|NCBI|REACTOME,
Gene:4538,MT-ND4,Gene,MT-ND4,ND4,DrugBank|MONDO_grouped|NCBI|REACTOME,
Gene:3248,HPGD,Gene,HPGD,,DrugBank|MONDO|NCBI|REACTOME,
Gene:5241,PGR,Gene,PGR,,DrugBank|MONDO|NCBI|REACTOME,
Drug:DB04787,Tanaproget,Drug,tanaproget,,DrugBank|NCBI,
Drug:DB05253,Telapristone acetate,Drug,telapristone acetate,,DrugBank|NCBI,
Drug:DB06680,Asoprisnil,Drug,asoprisnil,,DrugBank|NCBI,
Gene:1129,CHRM2,Gene,CHRM2,,DrugBank|MONDO_grouped|NCBI|REACTOME,
Drug:DB00785,Cryptenamine,Drug,cryptenamine,,DrugBank|NCBI,
Drug:DB01226,Mivacurium,Drug,mivacurium,,DrugBank|NCBI,
Drug:DB01336,Metocurine,Drug,metocurine,,DrugBank|NCBI,
Drug:DB04834,Rapacuronium,Drug,rapacuronium,,DrugBank|NCBI,
Drug:DB09300,Butylscopolamine,Drug,butylscopolamine,,DrugBank|NCBI,
Gene:54498,SMOX,Gene,SMOX,,DrugBank|MONDO|NCBI|REACTOME,
Drug:DB04188,MDL72527,Drug,mdl72527,,DrugBank|NCBI,
Drug:DB00089,Capromab pendetide,Drug,capromab pendetide,,DrugBank|NCBI,
Gene:2346,FOLH1,Gene,FOLH1,,DrugBank|MONDO|MONDO_grouped|NCBI|REACTOME,
Drug:DB06928,(2S)-2-{[HYDROXY(4-IODOBENZYL)PHOSPHORYL]METHYL}PENTANEDIOIC ACID,Drug,(2s)-2-{[hydroxy(4-iodobenzyl)phosphoryl]methyl}pentanedioic acid,,DrugBank|NCBI,
Drug:DB07754,DCFBC,Drug,dcfbc,,DrugBank|NCBI,
Drug:DB08835,Spaglumic Acid,Drug,spaglumic acid,,DrugBank|NCBI,
Gene:1036,CDO1,Gene,CDO1,,DrugBank|MONDO|NCBI|REACTOME,
Gene:5160,PDHA1,Gene,PDHA1,,DrugBank|MONDO|NCBI|REACTOME,
Gene:151,ADRA2B,Gene,ADRA2B,,DrugBank|MONDO|MONDO_grouped|NCBI|REACTOME,
Drug:DB05461,OPC-28326,Drug,opc-28326,,DrugBank|NCBI,
Drug:DB00175,Pravastatin,Drug,pravastatin,,DrugBank|NCBI,
Drug:DB01992,Coenzyme A,Drug,coenzyme a,,DrugBank|NCBI,
Drug:DB03169,(S)-Hmg-Coa,Drug,(s)-hmg-coa,,DrugBank|NCBI,
Drug:DB04377,Meglutol,Drug,meglutol,,DrugBank|NCBI,
Drug:DB05317,TAK-475,Drug,tak-475,,DrugBank|NCBI,
Gene:7923,HSD17B8,Gene,HSD17B8,,DrugBank|MONDO|NCBI|REACTOME,
Gene:1814,DRD3,Gene,DRD3,,DrugBank|MONDO_grouped|NCBI|REACTOME,
Drug:DB09207,AS-8112,Drug,as-8112,,DrugBank|NCBI,
Drug:DB12478,Piribedil,Drug,piribedil,,DrugBank|NCBI,
Drug:DB13025,Tiapride,Drug,tiapride,,DrugBank|NCBI,
Gene:1962,EHHADH,Gene,EHHADH,,DrugBank|MONDO|NCBI|REACTOME,
Gene:4190,MDH1,Gene,MDH1,,DrugBank|MONDO_grouped|NCBI|REACTOME,
Drug:DB02056,Prostaglandin D2,Drug,prostaglandin d2,,DrugBank|NCBI,
Drug:DB07700,"3-carboxamido-1,3,5(10)-estratrien-17(R)-spiro-2'(5',5'-dimethyl-6'oxo)tetrahydropyran",Drug,"3-carboxamido-1,3,5(10)-estratrien-17(r)-spiro-2'(5',5'-dimethyl-6'oxo)tetrahydropyran",,DrugBank|NCBI,
Gene:2572,GAD2,Gene,GAD2,,DrugBank|MONDO_grouped|NCBI|REACTOME,
Gene:29968,PSAT1,Gene,PSAT1,,DrugBank|MONDO|MONDO_grouped|NCBI|REACTOME,
Gene:4199,ME1,Gene,ME1,,DrugBank|MONDO|MONDO_grouped|NCBI|REACTOME,
Drug:DB00120,Phenylalanine,Drug,phenylalanine,,DrugBank|NCBI,
Gene:7054,TH,Gene,TH,,DrugBank|MONDO|MONDO_grouped|NCBI|REACTOME,
Drug:DB00135,Tyrosine,Drug,tyrosine,,DrugBank|NCBI,
Drug:DB00765,Metyrosine,Drug,metyrosine,,DrugBank|NCBI,
Drug:DB03552,3-Tyrosine,Drug,3-tyrosine,,DrugBank|NCBI,
Gene:4522,MTHFD1,Gene,MTHFD1,,DrugBank|MONDO_grouped|NCBI|REACTOME,
Drug:DB02358,LY374571,Drug,ly374571,,DrugBank|NCBI,
Drug:DB04322,LY249543,Drug,ly249543,,DrugBank|NCBI,
Drug:DB01734,3-(Oxalyl-Amino)-Naphthalene-2-Carboxylic Acid,Drug,3-(oxalyl-amino)-naphthalene-2-carboxylic acid,,DrugBank|NCBI,
Gene:5770,PTPN1,Gene,PTPN1,,DrugBank|MONDO_grouped|NCBI|REACTOME,
Drug:DB01820,2-{[4-(2-Acetylamino-2-pentylcarbamoyl-ethyl)-naphthalen-1-YL]-oxalyl-amino}-benzoic acid,Drug,2-{[4-(2-acetylamino-2-pentylcarbamoyl-ethyl)-naphthalen-1-yl]-oxalyl-amino}-benzoic acid,,DrugBank|NCBI,
Drug:DB02014,"5-(2-Fluoro-5-{(1E)-3-[3-hydroxy-2-(methoxycarbonyl)phenoxy]-1-propen-1-yl}phenyl)-1,2-oxazole-3-carboxylic acid",Drug,"5-(2-fluoro-5-{(1e)-3-[3-hydroxy-2-(methoxycarbonyl)phenoxy]-1-propen-1-yl}phenyl)-1,2-oxazole-3-carboxylic acid",,DrugBank|NCBI,
Drug:DB02072,"2-(Oxalyl-Amino)-4,7-Dihydro-5h-Thieno[2,3-C]Thiopyran-3-Carboxylic Acid",Drug,"2-(oxalyl-amino)-4,7-dihydro-5h-thieno[2,3-c]thiopyran-3-carboxylic acid",,DrugBank|NCBI,
Drug:DB02259,"3-(3,5-Dibromo-4-Hydroxy-Benzoyl)-2-Ethyl-Benzofuran-6-Sulfonic Acid (4-Sulfamoyl-Phenyl)-Amide",Drug,"3-(3,5-dibromo-4-hydroxy-benzoyl)-2-ethyl-benzofuran-6-sulfonic acid (4-sulfamoyl-phenyl)-amide",,DrugBank|NCBI,
Drug:DB02420,"[[4-(Aminomethyl)Phenyl]Amino]Oxo-Acetic Acid,",Drug,"[[4-(aminomethyl)phenyl]amino]oxo-acetic acid,",,DrugBank|NCBI,
Drug:DB02436,{4-[(2S)-2-({[(1S)-1-Carboxy-2-phenylethyl]carbamoyl}amino)-3-oxo-3-(pentylamino)propyl]phenoxy}malonic acid,Drug,{4-[(2s)-2-({[(1s)-1-carboxy-2-phenylethyl]carbamoyl}amino)-3-oxo-3-(pentylamino)propyl]phenoxy}malonic acid,,DrugBank|NCBI,
Drug:DB02620,3-(4-{2-[2-(2-bromo-acetylamino)-ethyldisulfanyl]-ethylcarbamoyl}-cyclohexylcarbamoyl)-pyrazine-2-carboxylic acid,Drug,3-(4-{2-[2-(2-bromo-acetylamino)-ethyldisulfanyl]-ethylcarbamoyl}-cyclohexylcarbamoyl)-pyrazine-2-carboxylic acid,,DrugBank|NCBI,
Drug:DB02622,2-(Oxalyl-Amino)-Benzoic Acid,Drug,2-(oxalyl-amino)-benzoic acid,,DrugBank|NCBI,
Drug:DB02651,"{[2-(1h-1,2,3-Benzotriazol-1-Yl)-2-(3,4-Difluorophenyl)Propane-1,3-Diyl]Bis[4,1-Phenylene(Difluoromethylene)]}Bis(Phosphonic Acid)",Drug,"{[2-(1h-1,2,3-benzotriazol-1-yl)-2-(3,4-difluorophenyl)propane-1,3-diyl]bis[4,1-phenylene(difluoromethylene)]}bis(phosphonic acid)",,DrugBank|NCBI,
Drug:DB02662,Novo Nordisk a/S Compound,Drug,novo nordisk a/s compound,,DrugBank|NCBI,
Drug:DB02784,N-(Bromoacetyl)-beta-alanyl-N-(2-{4-[(carboxycarbonyl)amino]phenyl}ethyl)-L-serinamide,Drug,n-(bromoacetyl)-beta-alanyl-n-(2-{4-[(carboxycarbonyl)amino]phenyl}ethyl)-l-serinamide,,DrugBank|NCBI,
Drug:DB02827,"7-(1,1-Dioxo-1h-Benzo[D]Isothiazol-3-Yloxymethyl)-2-(Oxalyl-Amino)-4,7-Dihydro-5h-Thieno[2,3-C]Pyran-3-Carboxylic Acid",Drug,"7-(1,1-dioxo-1h-benzo[d]isothiazol-3-yloxymethyl)-2-(oxalyl-amino)-4,7-dihydro-5h-thieno[2,3-c]pyran-3-carboxylic acid",,DrugBank|NCBI,
Drug:DB02977,PNU177836,Drug,pnu177836,,DrugBank|NCBI,
Drug:DB03102,"2-(Oxalyl-Amino)-4,7-Dihydro-5h-Thieno[2,3-C]Pyran-3-Carboxylic Acid",Drug,"2-(oxalyl-amino)-4,7-dihydro-5h-thieno[2,3-c]pyran-3-carboxylic acid",,DrugBank|NCBI,
Drug:DB03154,{[7-(Difluoro-Phosphono-Methyl)-Naphthalen-2-Yl]-Difluoro-Methyl}-Phosphonic Acid,Drug,{[7-(difluoro-phosphono-methyl)-naphthalen-2-yl]-difluoro-methyl}-phosphonic acid,,DrugBank|NCBI,
Drug:DB03311,"3-(3,5-Dibromo-4-Hydroxy-Benzoyl)-2-Ethyl-Benzofuran-6-Sulfonic Acid [4-(Thiazol-2-Ylsulfamoyl)-Phenyl]-Amide",Drug,"3-(3,5-dibromo-4-hydroxy-benzoyl)-2-ethyl-benzofuran-6-sulfonic acid [4-(thiazol-2-ylsulfamoyl)-phenyl]-amide",,DrugBank|NCBI,
Drug:DB03483,(4S)-5-[[(2S)-1-[[(2S)-1-Amino-3-[4-[difluoro(phosphono)methyl]phenyl]-1-oxopropan-2-yl]amino]-3-[4-[difluoro(phosphono)methyl]phenyl]-1-oxopropan-2-yl]amino]-4-benzamido-5-oxopentanoic acid,Drug,(4s)-5-[[(2s)-1-[[(2s)-1-amino-3-[4-[difluoro(phosphono)methyl]phenyl]-1-oxopropan-2-yl]amino]-3-[4-[difluoro(phosphono)methyl]phenyl]-1-oxopropan-2-yl]amino]-4-benzamido-5-oxopentanoic acid,,DrugBank|NCBI,
Drug:DB03557,4-[[(2S)-1-[[6-[(1-Amino-1-oxo-3-sulfanylpropan-2-yl)amino]-6-oxohexyl]amino]-3-[4-[difluoro(phosphono)methyl]phenyl]-1-oxopropan-2-yl]amino]-3-[[2-[4-[difluoro(phosphono)methyl]phenyl]acetyl]amino]-4-oxobutanoic acid,Drug,4-[[(2s)-1-[[6-[(1-amino-1-oxo-3-sulfanylpropan-2-yl)amino]-6-oxohexyl]amino]-3-[4-[difluoro(phosphono)methyl]phenyl]-1-oxopropan-2-yl]amino]-3-[[2-[4-[difluoro(phosphono)methyl]phenyl]acetyl]amino]-4-oxobutanoic acid,,DrugBank|NCBI,
Drug:DB03661,L-cysteic acid,Drug,l-cysteic acid,,DrugBank|NCBI,
Drug:DB03670,"2-(Oxalyl-Amino)-4,5,6,7-Tetrahydro-Thieno[2,3-C]Pyridine-3-Carboxylic Acid",Drug,"2-(oxalyl-amino)-4,5,6,7-tetrahydro-thieno[2,3-c]pyridine-3-carboxylic acid",,DrugBank|NCBI,
Drug:DB03714,4-Carbamoyl-4-{[6-(Difluoro-Phosphono-Methyl)-Naphthalene-2-Carbonyl]-Amino}-Butyric Acid,Drug,4-carbamoyl-4-{[6-(difluoro-phosphono-methyl)-naphthalene-2-carbonyl]-amino}-butyric acid,,DrugBank|NCBI,
Drug:DB03982,"Compound 5, 2-(Naphthalen-1-Yl-Oxalyl-Amino)-Benzoicacid",Drug,"compound 5, 2-(naphthalen-1-yl-oxalyl-amino)-benzoicacid",,DrugBank|NCBI,
Drug:DB04001,6-(Oxalyl-Amino)-1h-Indole-5-Carboxylic Acid,Drug,6-(oxalyl-amino)-1h-indole-5-carboxylic acid,,DrugBank|NCBI,
Drug:DB04088,2-[{4-[(2S)-2-{[(Allyloxy)carbonyl]amino}-3-({4-[3-hydroxy-2-(methoxycarbonyl)phenoxy]butyl}amino)-3-oxopropyl]phenyl}(carboxycarbonyl)amino]benzoic acid,Drug,2-[{4-[(2s)-2-{[(allyloxy)carbonyl]amino}-3-({4-[3-hydroxy-2-(methoxycarbonyl)phenoxy]butyl}amino)-3-oxopropyl]phenyl}(carboxycarbonyl)amino]benzoic acid,,DrugBank|NCBI,
Drug:DB04142,"3-(3,5-Dibromo-4-Hydroxy-Benzoyl)-2-Ethyl-Benzofuran-6-Sulfonic Acid Dimethylamide",Drug,"3-(3,5-dibromo-4-hydroxy-benzoyl)-2-ethyl-benzofuran-6-sulfonic acid dimethylamide",,DrugBank|NCBI,
Drug:DB04204,[(4-{4-[4-(Difluoro-Phosphono-Methyl)-Phenyl]-Butyl}-Phenyl)-Difluoro-Methyl]-Phosphonic Acid,Drug,[(4-{4-[4-(difluoro-phosphono-methyl)-phenyl]-butyl}-phenyl)-difluoro-methyl]-phosphonic acid,,DrugBank|NCBI,
Drug:DB04285,"{4-[(2s,4e)-2-(1,3-Benzothiazol-2-Yl)-2-(1h-1,2,3-Benzotriazol-1-Yl)-5-Phenylpent-4-Enyl]Phenyl}(Difluoro)Methylphosphonic Acid",Drug,"{4-[(2s,4e)-2-(1,3-benzothiazol-2-yl)-2-(1h-1,2,3-benzotriazol-1-yl)-5-phenylpent-4-enyl]phenyl}(difluoro)methylphosphonic acid",,DrugBank|NCBI,
Drug:DB04525,N-(3-Carboxypropanoyl)-L-phenylalanyl-3-carboxy-O-(carboxymethyl)-N-pentyl-L-tyrosinamide,Drug,n-(3-carboxypropanoyl)-l-phenylalanyl-3-carboxy-o-(carboxymethyl)-n-pentyl-l-tyrosinamide,,DrugBank|NCBI,
Drug:DB04800,1-METHYL-3-PHENYL-1H-PYRAZOL-5-YLSULFAMIC ACID,Drug,1-methyl-3-phenyl-1h-pyrazol-5-ylsulfamic acid,,DrugBank|NCBI,
Drug:DB05506,ISIS 113715,Drug,isis 113715,,DrugBank|NCBI,
Drug:DB06829,4-BROMO-3-(CARBOXYMETHOXY)-5-[3-(CYCLOHEXYLAMINO)PHENYL]THIOPHENE-2-CARBOXYLIC ACID,Drug,4-bromo-3-(carboxymethoxy)-5-[3-(cyclohexylamino)phenyl]thiophene-2-carboxylic acid,,DrugBank|NCBI,
Drug:DB06887,"[(3S)-3-(Methylcarbamoyl)-2-{[(2-methyl-2-propanyl)oxy]carbonyl}-1,2,3,4-tetrahydro-7-isoquinolinyl]sulfamic acid",Drug,"[(3s)-3-(methylcarbamoyl)-2-{[(2-methyl-2-propanyl)oxy]carbonyl}-1,2,3,4-tetrahydro-7-isoquinolinyl]sulfamic acid",,DrugBank|NCBI,
Drug:DB07130,4-BROMO-3-(CARBOXYMETHOXY)-5-PHENYLTHIOPHENE-2-CARBOXYLIC ACID,Drug,4-bromo-3-(carboxymethoxy)-5-phenylthiophene-2-carboxylic acid,,DrugBank|NCBI,
Drug:DB07134,"5-(4-CHLORO-5-PHENYL-3-THIENYL)-1,2,5-THIADIAZOLIDIN-3-ONE 1,1-DIOXIDE",Drug,"5-(4-chloro-5-phenyl-3-thienyl)-1,2,5-thiadiazolidin-3-one 1,1-dioxide",,DrugBank|NCBI,
Drug:DB07197,4-BROMO-3-(CARBOXYMETHOXY)-5-(4-HYDROXYPHENYL)THIOPHENE-2-CARBOXYLIC ACID,Drug,4-bromo-3-(carboxymethoxy)-5-(4-hydroxyphenyl)thiophene-2-carboxylic acid,,DrugBank|NCBI,
Drug:DB07263,"[{2-bromo-4-[(2R)-3-oxo-2,3-diphenylpropyl]phenyl}(difluoro)methyl]phosphonic acid",Drug,"[{2-bromo-4-[(2r)-3-oxo-2,3-diphenylpropyl]phenyl}(difluoro)methyl]phosphonic acid",,DrugBank|NCBI,
Drug:DB07289,5-[3-(BENZYLAMINO)PHENYL]-4-BROMO-3-(CARBOXYMETHOXY)THIOPHENE-2-CARBOXYLIC ACID,Drug,5-[3-(benzylamino)phenyl]-4-bromo-3-(carboxymethoxy)thiophene-2-carboxylic acid,,DrugBank|NCBI,
Drug:DB07295,2-[(7-HYDROXY-NAPHTHALEN-1-YL)-OXALYL-AMINO]-BENZOIC ACID,Drug,2-[(7-hydroxy-naphthalen-1-yl)-oxalyl-amino]-benzoic acid,,DrugBank|NCBI,
Drug:DB07298,"3-(CARBOXYMETHOXY)THIENO[2,3-B]PYRIDINE-2-CARBOXYLIC ACID",Drug,"3-(carboxymethoxy)thieno[2,3-b]pyridine-2-carboxylic acid",,DrugBank|NCBI,
Drug:DB07480,4-PHOSPHONOOXY-PHENYL-METHYL-[4-PHOSPHONOOXY]BENZEN,Drug,4-phosphonooxy-phenyl-methyl-[4-phosphonooxy]benzen,,DrugBank|NCBI,
Drug:DB07651,N-ACETYL-L-PHENYLALANYL-4-[DIFLUORO(PHOSPHONO)METHYL]-L-PHENYLALANINAMIDE,Drug,n-acetyl-l-phenylalanyl-4-[difluoro(phosphono)methyl]-l-phenylalaninamide,,DrugBank|NCBI,
Drug:DB07719,"[(3R)-3-(Methylcarbamoyl)-2-{[(2-methyl-2-propanyl)oxy]carbonyl}-1,2,3,4-tetrahydro-7-isoquinolinyl]sulfamic acid",Drug,"[(3r)-3-(methylcarbamoyl)-2-{[(2-methyl-2-propanyl)oxy]carbonyl}-1,2,3,4-tetrahydro-7-isoquinolinyl]sulfamic acid",,DrugBank|NCBI,
Drug:DB07730,"5-(3-HYDROXYPHENYL)ISOTHIAZOL-3(2H)-ONE 1,1-DIOXIDE",Drug,"5-(3-hydroxyphenyl)isothiazol-3(2h)-one 1,1-dioxide",,DrugBank|NCBI,
Drug:DB08001,5-(3-{3-[3-HYDROXY-2-(METHOXYCARBONYL)PHENOXY]PROPENYL}PHENYL)-4-(HYDROXYMETHYL)ISOXAZOLE-3-CARBOXYLIC ACID,Drug,5-(3-{3-[3-hydroxy-2-(methoxycarbonyl)phenoxy]propenyl}phenyl)-4-(hydroxymethyl)isoxazole-3-carboxylic acid,,DrugBank|NCBI,
Drug:DB08003,ISOTHIAZOLIDINONE ANALOG,Drug,isothiazolidinone analog,,DrugBank|NCBI,
Drug:DB08147,"4-[3-(dibenzylamino)phenyl]-2,4-dioxobutanoic acid",Drug,"4-[3-(dibenzylamino)phenyl]-2,4-dioxobutanoic acid",,DrugBank|NCBI,
Drug:DB08371,p-Benzoyl-L-phenylalanine,Drug,p-benzoyl-l-phenylalanine,,DrugBank|NCBI,
Drug:DB08397,6-(DIFLUORO-PHOSPHONO-METHYL)-NAPHTHALENE-2-CARBOXYLIC ACID,Drug,6-(difluoro-phosphono-methyl)-naphthalene-2-carboxylic acid,,DrugBank|NCBI,
Drug:DB08549,"(3R)-METHYLCARBAMOYL-7-SULFOAMINO-3,4-DIHYDRO-1H-ISOQUINOLINE-2-CARBOXYLIC ACID BENZYL ESTER",Drug,"(3r)-methylcarbamoyl-7-sulfoamino-3,4-dihydro-1h-isoquinoline-2-carboxylic acid benzyl ester",,DrugBank|NCBI,
Drug:DB08591,"5-(4-METHOXYBIPHENYL-3-YL)-1,2,5-THIADIAZOLIDIN-3-ONE 1,1-DIOXIDE",Drug,"5-(4-methoxybiphenyl-3-yl)-1,2,5-thiadiazolidin-3-one 1,1-dioxide",,DrugBank|NCBI,
Drug:DB08593,"1,2,5-THIADIAZOLIDIN-3-ONE-1,1-DIOXIDE",Drug,"1,2,5-thiadiazolidin-3-one-1,1-dioxide",,DrugBank|NCBI,
Drug:DB08783,(4-{(2S)-2-[(tert-butoxycarbonyl)amino]-3-methoxy-3-oxopropyl}phenyl)methaneseleninic acid,Drug,(4-{(2s)-2-[(tert-butoxycarbonyl)amino]-3-methoxy-3-oxopropyl}phenyl)methaneseleninic acid,,DrugBank|NCBI,
Drug:DB00010,Sermorelin,Drug,sermorelin,,DrugBank|NCBI,
Gene:2692,GHRHR,Gene,GHRHR,,DrugBank|MONDO|NCBI|REACTOME,
Drug:DB08869,Tesamorelin,Drug,tesamorelin,,DrugBank|NCBI,
Gene:31,ACACA,Gene,ACACA,,DrugBank|MONDO|MONDO_grouped|NCBI|REACTOME,
Drug:DB00020,Sargramostim,Drug,sargramostim,,DrugBank|NCBI,
Gene:1438,CSF2RA,Gene,CSF2RA,,DrugBank|MONDO_grouped|NCBI|REACTOME,
Drug:DB05194,KB002,Drug,kb002,,DrugBank|NCBI,
Drug:DB11338,Clove oil,Drug,clove oil,,DrugBank|NCBI,
Gene:673,BRAF,Gene,BRAF,,DrugBank|MONDO|MONDO_grouped|NCBI|REACTOME,
Drug:DB06999,PLX-4720,Drug,plx-4720,,DrugBank|NCBI,
Drug:DB07000,"N-{2,4-difluoro-3-[(5-pyridin-3-yl-1H-pyrrolo[2,3-b]pyridin-3-yl)carbonyl]phenyl}ethanesulfonamide",Drug,"n-{2,4-difluoro-3-[(5-pyridin-3-yl-1h-pyrrolo[2,3-b]pyridin-3-yl)carbonyl]phenyl}ethanesulfonamide",,DrugBank|NCBI,
Drug:DB08553,"(1E)-5-(1-piperidin-4-yl-3-pyridin-4-yl-1H-pyrazol-4-yl)-2,3-dihydro-1H-inden-1-one oxime",Drug,"(1e)-5-(1-piperidin-4-yl-3-pyridin-4-yl-1h-pyrazol-4-yl)-2,3-dihydro-1h-inden-1-one oxime",,DrugBank|NCBI,
Gene:338442,HCAR2,Gene,HCAR2,,DrugBank|MONDO_grouped|NCBI|REACTOME,
Drug:DB08949,Inositol nicotinate,Drug,inositol nicotinate,,DrugBank|NCBI,
Gene:2890,GRIA1,Gene,GRIA1,,DrugBank|MONDO_grouped|NCBI|REACTOME,
Drug:DB04982,Talampanel,Drug,talampanel,,DrugBank|NCBI,
Drug:DB05047,CX717,Drug,cx717,,DrugBank|NCBI,
Drug:DB06247,CX516,Drug,cx516,,DrugBank|NCBI,
Drug:DB13146,Fluciclovine (18F),Drug,fluciclovine (18f),,DrugBank|NCBI,
Gene:116443,GRIN3A,Gene,GRIN3A,,DrugBank|MONDO_grouped|NCBI|REACTOME,
Drug:DB01549,Rolicyclidine,Drug,rolicyclidine,,DrugBank|NCBI,
Drug:DB04926,Neramexane,Drug,neramexane,,DrugBank|NCBI,
Gene:4313,MMP2,Gene,MMP2,,DrugBank|MONDO|MONDO_grouped|NCBI|REACTOME,
Drug:DB01630,SC-74020,Drug,sc-74020,,DrugBank|NCBI,
Drug:DB04866,Halofuginone,Drug,halofuginone,,DrugBank|NCBI,
Drug:DB00217,Bethanidine,Drug,bethanidine,,DrugBank|NCBI,
Gene:3758,KCNJ1,Gene,KCNJ1,,DrugBank|MONDO|NCBI|REACTOME,
Gene:7358,UGDH,Gene,UGDH,,DrugBank|MONDO|MONDO_grouped|NCBI|REACTOME,
Gene:6531,SLC6A3,Gene,SLC6A3,,DrugBank|MONDO|MONDO_grouped|NCBI|REACTOME,
Drug:DB01463,Fencamfamin,Drug,fencamfamin,,DrugBank|NCBI,
Drug:DB04947,Altropane,Drug,altropane,,DrugBank|NCBI,
Gene:3363,HTR7,Gene,HTR7,,DrugBank|MONDO_grouped|NCBI|REACTOME,
Drug:DB13988,SB-269970,Drug,sb-269970,,DrugBank|NCBI,
Drug:DB00012,Darbepoetin alfa,Drug,darbepoetin alfa,,DrugBank|NCBI,
Gene:2057,EPOR,Gene,EPOR,,DrugBank|MONDO|NCBI|REACTOME,
Drug:DB00016,Erythropoietin,Drug,erythropoietin,,DrugBank|NCBI,
Drug:DB07637,Dibromotyrosine,Drug,dibromotyrosine,,DrugBank|NCBI,
Drug:DB08894,Peginesatide,Drug,peginesatide,,DrugBank|NCBI,
Drug:DB09107,Methoxy polyethylene glycol-epoetin beta,Drug,methoxy polyethylene glycol-epoetin beta,,DrugBank|NCBI,
Drug:DB06311,Darapladib,Drug,darapladib,,DrugBank|NCBI,
Drug:DB00004,Denileukin diftitox,Drug,denileukin diftitox,,DrugBank|NCBI,
Gene:3559,IL2RA,Gene,IL2RA,,DrugBank|MONDO_grouped|NCBI|REACTOME,
Drug:DB00074,Basiliximab,Drug,basiliximab,,DrugBank|NCBI,
Drug:DB00111,Daclizumab,Drug,daclizumab,,DrugBank|NCBI,
Gene:5914,RARA,Gene,RARA,,DrugBank|MONDO|MONDO_grouped|NCBI|REACTOME,
Gene:50632,CALY,Gene,CALY,,DrugBank|MONDO_grouped|NCBI,
Drug:DB05419,ADX-10061,Drug,adx-10061,,DrugBank|NCBI,
Drug:DB05432,DAS-431 IV,Drug,das-431 iv,,DrugBank|NCBI,
Gene:4306,NR3C2,Gene,NR3C2,,DrugBank|MONDO|NCBI|REACTOME,
Gene:6566,SLC16A1,Gene,SLC16A1,,DrugBank|MONDO|NCBI|REACTOME,
Gene:5562,PRKAA1,Gene,PRKAA1,,DrugBank|MONDO|NCBI|REACTOME,
Gene:4696,NDUFA3,Gene,NDUFA3,,DrugBank|MONDO|NCBI|REACTOME,
Drug:DB04429,4'-Hydroxyflavanone,Drug,4'-hydroxyflavanone,,DrugBank|NCBI,
Drug:DB11221,Dioxybenzone,Drug,dioxybenzone,,DrugBank|NCBI,
Drug:DB11674,Equol,Drug,equol,,DrugBank|NCBI,
Gene:2246,FGF1,Gene,FGF1,,DrugBank|MONDO|NCBI|REACTOME,
Drug:DB01901,Sucrosofate,Drug,sucrosofate,,DrugBank|NCBI,
Drug:DB02264,O2-Sulfo-Glucuronic Acid,Drug,o2-sulfo-glucuronic acid,,DrugBank|NCBI,
Drug:DB03959,"N,O6-Disulfo-Glucosamine",Drug,"n,o6-disulfo-glucosamine",,DrugBank|NCBI,
Drug:DB04409,Naphthalene Trisulfonate,Drug,naphthalene trisulfonate,,DrugBank|NCBI,
Drug:DB08238,5-aminonaphthalene-2-sulfonic acid,Drug,5-aminonaphthalene-2-sulfonic acid,,DrugBank|NCBI,
Drug:DB00230,Pregabalin,Drug,pregabalin,,DrugBank|NCBI,
Gene:781,CACNA2D1,Gene,CACNA2D1,,DrugBank|MONDO|NCBI|REACTOME,
Drug:DB08872,Gabapentin enacarbil,Drug,gabapentin enacarbil,,DrugBank|NCBI,
Gene:154,ADRB2,Gene,ADRB2,,DrugBank|MONDO|NCBI|REACTOME,
Drug:DB00221,Isoetharine,Drug,isoetharine,,DrugBank|NCBI,
Drug:DB00816,Orciprenaline,Drug,orciprenaline,,DrugBank|NCBI,
Drug:DB00901,Bitolterol,Drug,bitolterol,,DrugBank|NCBI,
Drug:DB01102,Arbutamine,Drug,arbutamine,,DrugBank|NCBI,
Drug:DB01203,Nadolol,Drug,nadolol,,DrugBank|NCBI,
Drug:DB01288,Fenoterol,Drug,fenoterol,,DrugBank|NCBI,
Drug:DB01291,Pirbuterol,Drug,pirbuterol,,DrugBank|NCBI,
Drug:DB01366,Procaterol,Drug,procaterol,,DrugBank|NCBI,
Drug:DB03566,Spermidine,Drug,spermidine,,DrugBank|NCBI,
Drug:DB05590,Bedoradrine,Drug,bedoradrine,,DrugBank|NCBI,
Drug:DB05849,NCX 950,Drug,ncx 950,,DrugBank|NCBI,
Drug:DB06814,Protokylol,Drug,protokylol,,DrugBank|NCBI,
Drug:DB07543,(S)-carazolol,Drug,(s)-carazolol,,DrugBank|NCBI,
Drug:DB11587,Etafedrine,Drug,etafedrine,,DrugBank|NCBI,
Drug:DB12248,Tulobuterol,Drug,tulobuterol,,DrugBank|NCBI,
Gene:8647,ABCB11,Gene,ABCB11,,DrugBank|MONDO|NCBI|REACTOME,
Drug:DB00005,Etanercept,Drug,etanercept,,DrugBank|NCBI,
Gene:7124,TNF,Gene,TNF,,DrugBank|MONDO|MONDO_grouped|NCBI|REACTOME,
Drug:DB00051,Adalimumab,Drug,adalimumab,,DrugBank|NCBI,
Drug:DB00065,Infliximab,Drug,infliximab,,DrugBank|NCBI,
Drug:DB01427,Amrinone,Drug,amrinone,,DrugBank|NCBI,
Drug:DB04956,Afelimomab,Drug,afelimomab,,DrugBank|NCBI,
Drug:DB05017,YSIL6,Drug,ysil6,,DrugBank|NCBI,
Drug:DB05207,SD118,Drug,sd118,,DrugBank|NCBI,
Drug:DB05218,PN0621,Drug,pn0621,,DrugBank|NCBI,
Drug:DB05303,OMS-103HP,Drug,oms-103hp,,DrugBank|NCBI,
Drug:DB05412,Talmapimod,Drug,talmapimod,,DrugBank|NCBI,
Drug:DB05470,VX-702,Drug,vx-702,,DrugBank|NCBI,
Drug:DB05513,Atiprimod,Drug,atiprimod,,DrugBank|NCBI,
Drug:DB05744,CRx-139,Drug,crx-139,,DrugBank|NCBI,
Drug:DB05758,CYT007-TNFQb,Drug,cyt007-tnfqb,,DrugBank|NCBI,
Drug:DB05767,Andrographolide,Drug,andrographolide,,DrugBank|NCBI,
Drug:DB05869,Ethyl pyruvate,Drug,ethyl pyruvate,,DrugBank|NCBI,
Drug:DB05879,AME-527,Drug,ame-527,,DrugBank|NCBI,
Drug:DB05968,PR-104,Drug,pr-104,,DrugBank|NCBI,
Drug:DB05992,Plinabulin,Drug,plinabulin,,DrugBank|NCBI,
Drug:DB06444,Dexanabinol,Drug,dexanabinol,,DrugBank|NCBI,
Drug:DB06495,Onercept,Drug,onercept,,DrugBank|NCBI,
Drug:DB06674,Golimumab,Drug,golimumab,,DrugBank|NCBI,
Drug:DB12140,Dilmapimod,Drug,dilmapimod,,DrugBank|NCBI,
Drug:DB02490,(Diaminomethyl-Methyl-Amino)-Acetic Acid,Drug,(diaminomethyl-methyl-amino)-acetic acid,,DrugBank|NCBI,
Drug:DB04027,D-arginine,Drug,d-arginine,,DrugBank|NCBI,
Gene:5329,PLAUR,Gene,PLAUR,,DrugBank|MONDO|NCBI|REACTOME,
Drug:DB05476,WX-UK1,Drug,wx-uk1,,DrugBank|NCBI,
Drug:DB06245,Lanoteplase,Drug,lanoteplase,,DrugBank|NCBI,
Gene:218,ALDH3A1,Gene,ALDH3A1,,DrugBank|MONDO_grouped|NCBI|REACTOME,
Drug:DB00092,Alefacept,Drug,alefacept,,DrugBank|NCBI,
Gene:914,CD2,Gene,CD2,,DrugBank|MONDO|NCBI|REACTOME,
Drug:DB06371,Siplizumab,Drug,siplizumab,,DrugBank|NCBI,
Drug:DB03070,Selenazole-4-carboxyamide-adenine dinucleotide,Drug,selenazole-4-carboxyamide-adenine dinucleotide,,DrugBank|NCBI,
Drug:DB03948,"6-Chloropurine Riboside, 5'-Monophosphate",Drug,"6-chloropurine riboside, 5'-monophosphate",,DrugBank|NCBI,
Drug:DB04566,Inosinic Acid,Drug,inosinic acid,,DrugBank|NCBI,
Drug:DB06103,VX-148,Drug,vx-148,,DrugBank|NCBI,
Gene:632,BGLAP,Gene,BGLAP,,DrugBank|MONDO|NCBI|REACTOME,
Drug:DB01022,Phylloquinone,Drug,phylloquinone,,DrugBank|MONDO|NCBI,
Gene:51166,AADAT,Gene,AADAT,,DrugBank|MONDO|MONDO_grouped|NCBI|REACTOME,
Drug:DB00115,Cyanocobalamin,Drug,cyanocobalamin,,DrugBank|NCBI,
Drug:DB03614,Mecobalamin,Drug,mecobalamin,,DrugBank|NCBI,
Drug:DB02073,Biliverdine IX Alpha,Drug,biliverdine ix alpha,,DrugBank|NCBI,
Drug:DB02468,12-Phenylheme,Drug,12-phenylheme,,DrugBank|NCBI,
Drug:DB03906,2-Phenylheme,Drug,2-phenylheme,,DrugBank|NCBI,
Drug:DB04803,Verdoheme,Drug,verdoheme,,DrugBank|NCBI,
Drug:DB04912,Stannsoporfin,Drug,stannsoporfin,,DrugBank|NCBI,
Drug:DB06914,"1-({2-[2-(4-CHLOROPHENYL)ETHYL]-1,3-DIOXOLAN-2-YL}METHYL)-1H-IMIDAZOLE",Drug,"1-({2-[2-(4-chlorophenyl)ethyl]-1,3-dioxolan-2-yl}methyl)-1h-imidazole",,DrugBank|NCBI,
Drug:DB07342,1-(adamantan-1-yl)-2-(1H-imidazol-1-yl)ethanone,Drug,1-(adamantan-1-yl)-2-(1h-imidazol-1-yl)ethanone,,DrugBank|NCBI,
Gene:1135,CHRNA2,Gene,CHRNA2,,DrugBank|MONDO|NCBI|REACTOME,
Drug:DB00416,Metocurine iodide,Drug,metocurine iodide,,DrugBank|NCBI,
Drug:DB00565,Cisatracurium,Drug,cisatracurium,,DrugBank|NCBI,
Drug:DB00657,Mecamylamine,Drug,mecamylamine,,DrugBank|NCBI,
Drug:DB00732,Atracurium besylate,Drug,atracurium besylate,,DrugBank|NCBI,
Drug:DB01339,Vecuronium,Drug,vecuronium,,DrugBank|NCBI,
Drug:DB05740,RPI-78M,Drug,rpi-78m,,DrugBank|NCBI,
Drug:DB07720,Epibatidine,Drug,epibatidine,,DrugBank|NCBI,
Drug:DB08960,Hexamethonium,Drug,hexamethonium,,DrugBank|NCBI,
Gene:7153,TOP2A,Gene,TOP2A,,DrugBank|MONDO|MONDO_grouped|NCBI|REACTOME,
Drug:DB00380,Dexrazoxane,Drug,dexrazoxane,,DrugBank|NCBI,
Drug:DB00385,Valrubicin,Drug,valrubicin,,DrugBank|NCBI,
Drug:DB01179,Podofilox,Drug,podofilox,,DrugBank|NCBI,
Drug:DB04576,Fleroxacin,Drug,fleroxacin,,DrugBank|NCBI,
Drug:DB04967,Lucanthone,Drug,lucanthone,,DrugBank|NCBI,
Drug:DB04978,SP1049C,Drug,sp1049c,,DrugBank|NCBI,
Drug:DB05022,Amonafide,Drug,amonafide,,DrugBank|NCBI,
Drug:DB05129,Elsamitrucin,Drug,elsamitrucin,,DrugBank|NCBI,
Drug:DB05706,13-deoxydoxorubicin,Drug,13-deoxydoxorubicin,,DrugBank|NCBI,
Drug:DB05920,RTA 744,Drug,rta 744,,DrugBank|NCBI,
Drug:DB06013,Aldoxorubicin,Drug,aldoxorubicin,,DrugBank|NCBI,
Drug:DB06042,ZEN-012,Drug,zen-012,,DrugBank|NCBI,
Drug:DB06362,Becatecarin,Drug,becatecarin,,DrugBank|NCBI,
Drug:DB06420,Annamycin,Drug,annamycin,,DrugBank|NCBI,
Drug:DB06421,Declopramide,Drug,declopramide,,DrugBank|NCBI,
Drug:DB09047,Finafloxacin,Drug,finafloxacin,,DrugBank|NCBI,
Drug:DB00039,Palifermin,Drug,palifermin,,DrugBank|NCBI,
Gene:2263,FGFR2,Gene,FGFR2,,DrugBank|MONDO|MONDO_grouped|NCBI|REACTOME,
Drug:DB02058,3-[4-(1-formylpiperazin-4-yl)-benzylidenyl]-2-indolinone,Drug,3-[4-(1-formylpiperazin-4-yl)-benzylidenyl]-2-indolinone,,DrugBank|NCBI,
Drug:DB02491,4-[4-(1-Amino-1-Methylethyl)Phenyl]-5-Chloro-N-[4-(2-Morpholin-4-Ylethyl)Phenyl]Pyrimidin-2-Amine,Drug,4-[4-(1-amino-1-methylethyl)phenyl]-5-chloro-n-[4-(2-morpholin-4-ylethyl)phenyl]pyrimidin-2-amine,,DrugBank|NCBI,
Gene:6532,SLC6A4,Gene,SLC6A4,,DrugBank|MONDO_grouped|NCBI|REACTOME,
Drug:DB05422,OPC-14523,Drug,opc-14523,,DrugBank|NCBI,
Drug:DB09186,Nisoxetine,Drug,nisoxetine,,DrugBank|NCBI,
Drug:DB00107,Oxytocin,Drug,oxytocin,,DrugBank|NCBI,
Gene:5020,OXT,Gene,OXT,,DrugBank|MONDO|MONDO_grouped|NCBI|REACTOME,
Drug:DB02562,"Quinonoid 7,8-Tetrahydrobiopterin",Drug,"quinonoid 7,8-tetrahydrobiopterin",,DrugBank|NCBI,
Drug:DB03673,beta-2-Thienyl-L-alanine,Drug,beta-2-thienyl-l-alanine,,DrugBank|NCBI,
Drug:DB04419,D-norleucine,Drug,d-norleucine,,DrugBank|NCBI,
Gene:1813,DRD2,Gene,DRD2,,DrugBank|MONDO_grouped|NCBI|REACTOME,
Drug:DB00372,Thiethylperazine,Drug,thiethylperazine,,DrugBank|NCBI,
Drug:DB01425,Alizapride,Drug,alizapride,,DrugBank|NCBI,
Drug:DB04857,Brasofensine,Drug,brasofensine,,DrugBank|NCBI,
Drug:DB09018,Bromopride,Drug,bromopride,,DrugBank|NCBI,
Drug:DB09097,Quinagolide,Drug,quinagolide,,DrugBank|NCBI,
Drug:DB12518,Raclopride,Drug,raclopride,,DrugBank|NCBI,
Drug:DB12579,JNJ-37822681,Drug,jnj-37822681,,DrugBank|NCBI,
Gene:384,ARG2,Gene,ARG2,,DrugBank|MONDO|NCBI|REACTOME,
Gene:2903,GRIN2A,Gene,GRIN2A,,DrugBank|MONDO|MONDO_grouped|NCBI|REACTOME,
Gene:4552,MTRR,Gene,MTRR,,DrugBank|MONDO|NCBI|REACTOME,
Gene:2559,GABRA6,Gene,GABRA6,,DrugBank|MONDO|MONDO_grouped|NCBI|REACTOME,
Drug:DB00002,Cetuximab,Drug,cetuximab,,DrugBank|MONDO|NCBI,
Gene:1956,EGFR,Gene,EGFR,,DrugBank|MONDO|MONDO_grouped|NCBI|REACTOME,
Drug:DB01269,Panitumumab,Drug,panitumumab,,DrugBank|NCBI,
Drug:DB03496,Alvocidib,Drug,alvocidib,,DrugBank|NCBI,
Drug:DB05101,Matuzumab,Drug,matuzumab,,DrugBank|NCBI,
Drug:DB05374,Rindopepimut,Drug,rindopepimut,,DrugBank|NCBI,
Drug:DB05424,Canertinib,Drug,canertinib,,DrugBank|NCBI,
Drug:DB05524,Pelitinib,Drug,pelitinib,,DrugBank|NCBI,
Drug:DB07602,S-{3-[(4-ANILINOQUINAZOLIN-6-YL)AMINO]-3-OXOPROPYL}-L-CYSTEINE,Drug,s-{3-[(4-anilinoquinazolin-6-yl)amino]-3-oxopropyl}-l-cysteine,,DrugBank|NCBI,
Drug:DB07662,PD-168393,Drug,pd-168393,,DrugBank|NCBI,
Drug:DB09559,Necitumumab,Drug,necitumumab,,DrugBank|MONDO|NCBI,
Drug:DB11731,Depatuxizumab mafodotin,Drug,depatuxizumab mafodotin,,DrugBank|NCBI,
Drug:DB12202,Zalutumumab,Drug,zalutumumab,,DrugBank|NCBI,
Drug:DB13164,Olmutinib,Drug,olmutinib,,DrugBank|MONDO|NCBI,
Drug:DB15327,Abivertinib,Drug,abivertinib,,DrugBank|NCBI,
Gene:4988,OPRM1,Gene,OPRM1,,DrugBank|MONDO_grouped|NCBI|REACTOME,
Drug:DB00504,Levallorphan,Drug,levallorphan,,DrugBank|NCBI,
Drug:DB00611,Butorphanol,Drug,butorphanol,,DrugBank|NCBI,
Drug:DB00704,Naltrexone,Drug,naltrexone,,DrugBank|NCBI,
Drug:DB00844,Nalbuphine,Drug,nalbuphine,,DrugBank|NCBI,
Drug:DB00854,Levorphanol,Drug,levorphanol,,DrugBank|NCBI,
Drug:DB00899,Remifentanil,Drug,remifentanil,,DrugBank|NCBI,
Drug:DB00913,Anileridine,Drug,anileridine,,DrugBank|NCBI,
Drug:DB01081,Diphenoxylate,Drug,diphenoxylate,,DrugBank|NCBI,
Drug:DB01209,Dezocine,Drug,dezocine,,DrugBank|NCBI,
Drug:DB01433,Methadyl acetate,Drug,methadyl acetate,,DrugBank|NCBI,
Drug:DB01439,3-Methylthiofentanyl,Drug,3-methylthiofentanyl,,DrugBank|NCBI,
Drug:DB01444,Dimethylthiambutene,Drug,dimethylthiambutene,,DrugBank|NCBI,
Drug:DB01452,Diamorphine,Drug,diamorphine,,DrugBank|NCBI,
Drug:DB01497,Etorphine,Drug,etorphine,,DrugBank|NCBI,
Drug:DB01535,Carfentanil,Drug,carfentanil,,DrugBank|NCBI,
Drug:DB01548,Diprenorphine,Drug,diprenorphine,,DrugBank|NCBI,
Drug:DB01565,Dihydromorphine,Drug,dihydromorphine,,DrugBank|NCBI,
Drug:DB01571,3-Methylfentanyl,Drug,3-methylfentanyl,,DrugBank|NCBI,
Drug:DB05046,V1003,Drug,v1003,,DrugBank|NCBI,
Drug:DB06274,Alvimopan,Drug,alvimopan,,DrugBank|NCBI,
Drug:DB06409,Morphine glucuronide,Drug,morphine glucuronide,,DrugBank|NCBI,
Drug:DB06800,Methylnaltrexone,Drug,methylnaltrexone,,DrugBank|NCBI,
Drug:DB09209,Pholcodine,Drug,pholcodine,,DrugBank|NCBI,
Drug:DB09272,Eluxadoline,Drug,eluxadoline,,DrugBank|NCBI,
Drug:DB12668,Metenkefalin,Drug,metenkefalin,,DrugBank|NCBI,
Drug:DB14146,Loxicodegol,Drug,loxicodegol,,DrugBank|NCBI,
Gene:10188,TNK2,Gene,TNK2,,DrugBank|MONDO|MONDO_grouped|NCBI,
Drug:DB04367,Debromohymenialdisine,Drug,debromohymenialdisine,,DrugBank|NCBI,
Gene:7421,VDR,Gene,VDR,,DrugBank|MONDO|NCBI|REACTOME,
Drug:DB01070,Dihydrotachysterol,Drug,dihydrotachysterol,,DrugBank|NCBI,
Drug:DB03451,Lexacalcitol,Drug,lexacalcitol,,DrugBank|NCBI,
Drug:DB04258,Seocalcitol,Drug,seocalcitol,,DrugBank|NCBI,
Drug:DB04540,Cholesterol,Drug,cholesterol,,DrugBank|NCBI,
Drug:DB04796,Inecalcitol,Drug,inecalcitol,,DrugBank|NCBI,
Drug:DB04891,Becocalcidiol,Drug,becocalcidiol,,DrugBank|NCBI,
Drug:DB05024,CTA018,Drug,cta018,,DrugBank|NCBI,
Drug:DB05295,Eldecalcitol,Drug,eldecalcitol,,DrugBank|NCBI,
Drug:DB06194,Elocalcitol,Drug,elocalcitol,,DrugBank|NCBI,
Drug:DB06410,Doxercalciferol,Drug,doxercalciferol,,DrugBank|NCBI,
Drug:DB07530,"(1R,3R)-5-[(2E)-3-{(1S,3R)-2,2,3-trimethyl-3-[6,6,6-trifluoro-5-hydroxy-5-(trifluoromethyl)hex-3-yn-1-yl]cyclopentyl}prop-2-en-1-ylidene]cyclohexane-1,3-diol",Drug,"(1r,3r)-5-[(2e)-3-{(1s,3r)-2,2,3-trimethyl-3-[6,6,6-trifluoro-5-hydroxy-5-(trifluoromethyl)hex-3-yn-1-yl]cyclopentyl}prop-2-en-1-ylidene]cyclohexane-1,3-diol",,DrugBank|NCBI,
Drug:DB08742,"1,3-CYCLOHEXANEDIOL, 4-METHYLENE-5-[(2E)-[(1S,3AS,7AS)-OCTAHYDRO-1-(5-HYDROXY-5-METHYL-1,3-HEXADIYNYL)-7A-METHYL-4H-INDEN-4-YLIDENE]ETHYLIDENE]-, (1R,3S,5Z)",Drug,"1,3-cyclohexanediol, 4-methylene-5-[(2e)-[(1s,3as,7as)-octahydro-1-(5-hydroxy-5-methyl-1,3-hexadiynyl)-7a-methyl-4h-inden-4-ylidene]ethylidene]-, (1r,3s,5z)",,DrugBank|NCBI,
Gene:4837,NNMT,Gene,NNMT,,DrugBank|MONDO|MONDO_grouped|NCBI|REACTOME,
Gene:4363,ABCC1,Gene,ABCC1,,DrugBank|MONDO|NCBI|REACTOME,
Drug:DB04851,Biricodar,Drug,biricodar,,DrugBank|NCBI,
Drug:DB08855,Leukotriene C4,Drug,leukotriene c4,,DrugBank|NCBI,
Gene:2100,ESR2,Gene,ESR2,,DrugBank|MONDO|MONDO_grouped|NCBI|REACTOME,
Drug:DB02983,Para-Mercury-Benzenesulfonic Acid,Drug,para-mercury-benzenesulfonic acid,,DrugBank|NCBI,
Drug:DB03860,ICI-164384,Drug,ici-164384,,DrugBank|NCBI,
Drug:DB04020,"4-(2-{[4-{[3-(4-Chlorophenyl)Propyl]Sulfanyl}-6-(1-Piperazinyl)-1,3,5-Triazin-2-Yl]Amino}Ethyl)Phenol",Drug,"4-(2-{[4-{[3-(4-chlorophenyl)propyl]sulfanyl}-6-(1-piperazinyl)-1,3,5-triazin-2-yl]amino}ethyl)phenol",,DrugBank|NCBI,
Drug:DB05052,MF101,Drug,mf101,,DrugBank|NCBI,
Drug:DB06832,Prinaberel,Drug,prinaberel,,DrugBank|NCBI,
Drug:DB06875,ERB-196,Drug,erb-196,,DrugBank|NCBI,
Drug:DB06937,"4-(6-HYDROXY-BENZO[D]ISOXAZOL-3-YL)BENZENE-1,3-DIOL",Drug,"4-(6-hydroxy-benzo[d]isoxazol-3-yl)benzene-1,3-diol",,DrugBank|NCBI,
Drug:DB07009,"2-(5-HYDROXY-NAPHTHALEN-1-YL)-1,3-BENZOOXAZOL-6-OL",Drug,"2-(5-hydroxy-naphthalen-1-yl)-1,3-benzooxazol-6-ol",,DrugBank|NCBI,
Drug:DB07032,2-(4-HYDROXY-PHENYL)BENZOFURAN-5-OL,Drug,2-(4-hydroxy-phenyl)benzofuran-5-ol,,DrugBank|NCBI,
Drug:DB07036,"(3aS,4R,9bR)-2,2-difluoro-4-(4-hydroxyphenyl)-6-(methoxymethyl)-1,2,3,3a,4,9b-hexahydrocyclopenta[c]chromen-8-ol",Drug,"(3as,4r,9br)-2,2-difluoro-4-(4-hydroxyphenyl)-6-(methoxymethyl)-1,2,3,3a,4,9b-hexahydrocyclopenta[c]chromen-8-ol",,DrugBank|NCBI,
Drug:DB07119,1-CHLORO-6-(4-HYDROXYPHENYL)-2-NAPHTHOL,Drug,1-chloro-6-(4-hydroxyphenyl)-2-naphthol,,DrugBank|NCBI,
Drug:DB07150,4-(4-HYDROXYPHENYL)-1-NAPHTHALDEHYDE OXIME,Drug,4-(4-hydroxyphenyl)-1-naphthaldehyde oxime,,DrugBank|NCBI,
Drug:DB07198,5-HYDROXY-2-(4-HYDROXYPHENYL)-1-BENZOFURAN-7-CARBONITRILE,Drug,5-hydroxy-2-(4-hydroxyphenyl)-1-benzofuran-7-carbonitrile,,DrugBank|NCBI,
Drug:DB07230,3-BROMO-6-HYDROXY-2-(4-HYDROXYPHENYL)-1H-INDEN-1-ONE,Drug,3-bromo-6-hydroxy-2-(4-hydroxyphenyl)-1h-inden-1-one,,DrugBank|NCBI,
Drug:DB07236,3-(6-HYDROXY-NAPHTHALEN-2-YL)-BENZO[D]ISOOXAZOL-6-OL,Drug,3-(6-hydroxy-naphthalen-2-yl)-benzo[d]isooxazol-6-ol,,DrugBank|NCBI,
Drug:DB07702,17alpha-Estriol,Drug,17alpha-estriol,,DrugBank|NCBI,
Drug:DB07757,"(9aS)-4-bromo-9a-butyl-7-hydroxy-1,2,9,9a-tetrahydro-3H-fluoren-3-one",Drug,"(9as)-4-bromo-9a-butyl-7-hydroxy-1,2,9,9a-tetrahydro-3h-fluoren-3-one",,DrugBank|NCBI,
Gene:2908,NR3C1,Gene,NR3C1,,DrugBank|MONDO|MONDO_grouped|NCBI|REACTOME,
Drug:DB00223,Diflorasone,Drug,diflorasone,,DrugBank|NCBI,
Drug:DB00547,Desoximetasone,Drug,desoximetasone,,DrugBank|NCBI,
Drug:DB00596,Ulobetasol,Drug,ulobetasol,,DrugBank|NCBI,
Drug:DB00838,Clocortolone,Drug,clocortolone,,DrugBank|NCBI,
Drug:DB02210,"Hexane-1,6-Diol",Drug,"hexane-1,6-diol",,DrugBank|NCBI,
Drug:DB05423,ORG-34517,Drug,org-34517,,DrugBank|NCBI,
Drug:DB09091,Tixocortol,Drug,tixocortol,,DrugBank|NCBI,
Drug:DB12637,Onapristone,Drug,onapristone,,DrugBank|NCBI,
Gene:2554,GABRA1,Gene,GABRA1,,DrugBank|MONDO_grouped|NCBI|REACTOME,
Drug:DB01107,Methyprylon,Drug,methyprylon,,DrugBank|NCBI,
Drug:DB01341,Dihydroquinidine barbiturate,Drug,dihydroquinidine barbiturate,,DrugBank|NCBI,
Drug:DB01346,Quinidine barbiturate,Drug,quinidine barbiturate,,DrugBank|NCBI,
Drug:DB01437,Glutethimide,Drug,glutethimide,,DrugBank|NCBI,
Drug:DB12458,Muscimol,Drug,muscimol,,DrugBank|NCBI,
Gene:3351,HTR1B,Gene,HTR1B,,DrugBank|MONDO_grouped|NCBI|REACTOME,
Drug:DB01834,"(9R,10R)-9-(S-glutathionyl)-10-hydroxy-9,10-dihydrophenanthrene",Drug,"(9r,10r)-9-(s-glutathionyl)-10-hydroxy-9,10-dihydrophenanthrene",,DrugBank|NCBI,
Drug:DB02165,Zinc trihydroxide,Drug,zinc trihydroxide,,DrugBank|NCBI,
Drug:DB02458,"S-(2,4-dinitrophenyl)glutathione",Drug,"s-(2,4-dinitrophenyl)glutathione",,DrugBank|NCBI,
Drug:DB03314,5-fluorotryptophan,Drug,5-fluorotryptophan,,DrugBank|NCBI,
Drug:DB04187,"(9S,10S)-9-(S-glutathionyl)-10-hydroxy-9,10-dihydrophenanthrene",Drug,"(9s,10s)-9-(s-glutathionyl)-10-hydroxy-9,10-dihydrophenanthrene",,DrugBank|NCBI,
Gene:373156,GSTK1,Gene,GSTK1,,DrugBank|MONDO|NCBI|REACTOME,
Drug:DB04700,GLUTATHIONE SULFINATE,Drug,glutathione sulfinate,,DrugBank|NCBI,
Drug:DB01915,S-Hydroxycysteine,Drug,s-hydroxycysteine,,DrugBank|NCBI,
Drug:DB02633,Cibacron Blue,Drug,cibacron blue,,DrugBank|NCBI,
Drug:DB03003,Glutathione sulfonic acid,Drug,glutathione sulfonic acid,,DrugBank|NCBI,
Drug:DB03619,Deoxycholic acid,Drug,deoxycholic acid,,DrugBank|NCBI,
Drug:DB03686,S-(4-nitrobenzyl)glutathione,Drug,s-(4-nitrobenzyl)glutathione,,DrugBank|NCBI,
Drug:DB04339,Carbocisteine,Drug,carbocisteine,,DrugBank|NCBI,
Drug:DB04972,Canfosfamide,Drug,canfosfamide,,DrugBank|NCBI,
Drug:DB05460,Ezatiostat,Drug,ezatiostat,,DrugBank|NCBI,
Drug:DB06246,Exisulind,Drug,exisulind,,DrugBank|NCBI,
Drug:DB07849,S-NONYL-CYSTEINE,Drug,s-nonyl-cysteine,,DrugBank|NCBI,
Drug:DB08370,S-(4-BROMOBENZYL)CYSTEINE,Drug,s-(4-bromobenzyl)cysteine,,DrugBank|NCBI,
Drug:DB11831,Dinitrochlorobenzene,Drug,dinitrochlorobenzene,,DrugBank|NCBI,
Gene:2877,GPX2,Gene,GPX2,,DrugBank|MONDO|MONDO_grouped|NCBI|REACTOME,
Gene:2878,GPX3,Gene,GPX3,,DrugBank|MONDO|MONDO_grouped|NCBI|REACTOME,
Gene:5832,ALDH18A1,Gene,ALDH18A1,,DrugBank|MONDO|NCBI|REACTOME,
Gene:2911,GRM1,Gene,GRM1,,DrugBank|MONDO|MONDO_grouped|NCBI|REACTOME,
Drug:DB04256,(S)-alpha-methyl-4-carboxyphenylglycine,Drug,(s)-alpha-methyl-4-carboxyphenylglycine,,DrugBank|NCBI,
Gene:2898,GRIK2,Gene,GRIK2,,DrugBank|MONDO|MONDO_grouped|NCBI|REACTOME,
Drug:DB02852,Domoic Acid,Drug,domoic acid,,DrugBank|NCBI,
Drug:DB02999,Quisqualic acid,Drug,quisqualic acid,,DrugBank|NCBI,
Drug:DB03425,"2s,4r-4-Methylglutamate",Drug,"2s,4r-4-methylglutamate",,DrugBank|NCBI,
Gene:2900,GRIK4,Gene,GRIK4,,DrugBank|MONDO_grouped|NCBI|REACTOME,
Gene:2901,GRIK5,Gene,GRIK5,,DrugBank|MONDO_grouped|NCBI|REACTOME,
Gene:2891,GRIA2,Gene,GRIA2,,DrugBank|MONDO_grouped|NCBI|REACTOME,
Drug:DB01664,(S)-DES-ME-AMPA,Drug,(s)-des-me-ampa,,DrugBank|NCBI,
Drug:DB02057,(S)-AMPA,Drug,(s)-ampa,,DrugBank|NCBI,
Drug:DB02347,2-Amino-3-(5-Tert-Butyl-3-(Phosphonomethoxy)-4-Isoxazolyl)Propionic Acid,Drug,2-amino-3-(5-tert-butyl-3-(phosphonomethoxy)-4-isoxazolyl)propionic acid,,DrugBank|NCBI,
Drug:DB02818,Iodo-Willardiine,Drug,iodo-willardiine,,DrugBank|NCBI,
Drug:DB02966,Fluoro-Willardiine,Drug,fluoro-willardiine,,DrugBank|NCBI,
Drug:DB03240,"(S)-2-Amino-3-(1,3,5,7-Pentahydro-2,4-Dioxo-Cyclopenta[E]Pyrimidin-1-Yl) Proionic Acid",Drug,"(s)-2-amino-3-(1,3,5,7-pentahydro-2,4-dioxo-cyclopenta[e]pyrimidin-1-yl) proionic acid",,DrugBank|NCBI,
Drug:DB03319,"(2S)-2-Ammonio-3-[5-(2-methyl-2-propanyl)-3-oxido-1,2-oxazol-4-yl]propanoate",Drug,"(2s)-2-ammonio-3-[5-(2-methyl-2-propanyl)-3-oxido-1,2-oxazol-4-yl]propanoate",,DrugBank|NCBI,
Drug:DB03759,FG-9041,Drug,fg-9041,,DrugBank|NCBI,
Drug:DB04000,Bromo-Willardiine,Drug,bromo-willardiine,,DrugBank|NCBI,
Drug:DB04129,Willardiine,Drug,willardiine,,DrugBank|NCBI,
Drug:DB04152,"2-Amino-3-(3-Hydroxy-7,8-Dihydro-6h-Cyclohepta[D]-4-Isoxazolyl)Propionic Acid",Drug,"2-amino-3-(3-hydroxy-7,8-dihydro-6h-cyclohepta[d]-4-isoxazolyl)propionic acid",,DrugBank|NCBI,
Drug:DB04798,THIO-ATPA,Drug,thio-atpa,,DrugBank|NCBI,
Drug:DB07455,"N,N'-[biphenyl-4,4'-diyldi(2R)propane-2,1-diyl]dimethanesulfonamide",Drug,"n,n'-[biphenyl-4,4'-diyldi(2r)propane-2,1-diyl]dimethanesulfonamide",,DrugBank|NCBI,
Drug:DB07598,"2,3,6A,7,8,9-HEXAHYDRO-11H-[1,4]DIOXINO[2,3-G]PYRROLO[2,1-B][1,3]BENZOXAZIN-11-ONE",Drug,"2,3,6a,7,8,9-hexahydro-11h-[1,4]dioxino[2,3-g]pyrrolo[2,1-b][1,3]benzoxazin-11-one",,DrugBank|NCBI,
Drug:DB08303,"(3S)-3-cyclopentyl-6-methyl-7-[(4-methylpiperazin-1-yl)sulfonyl]-3,4-dihydro-2H-1,2,4-benzothiadiazine 1,1-dioxide",Drug,"(3s)-3-cyclopentyl-6-methyl-7-[(4-methylpiperazin-1-yl)sulfonyl]-3,4-dihydro-2h-1,2,4-benzothiadiazine 1,1-dioxide",,DrugBank|NCBI,
Drug:DB08304,"(3R)-3-cyclopentyl-7-[(4-methylpiperazin-1-yl)sulfonyl]-3,4-dihydro-2H-1,2-benzothiazine 1,1-dioxide",Drug,"(3r)-3-cyclopentyl-7-[(4-methylpiperazin-1-yl)sulfonyl]-3,4-dihydro-2h-1,2-benzothiazine 1,1-dioxide",,DrugBank|NCBI,
Drug:DB08305,"(3R)-3-cyclopentyl-6-methyl-7-[(4-methylpiperazin-1-yl)sulfonyl]-3,4-dihydro-2H-1,2-benzothiazine 1,1-dioxide",Drug,"(3r)-3-cyclopentyl-6-methyl-7-[(4-methylpiperazin-1-yl)sulfonyl]-3,4-dihydro-2h-1,2-benzothiazine 1,1-dioxide",,DrugBank|NCBI,
Gene:2893,GRIA4,Gene,GRIA4,,DrugBank|MONDO_grouped|NCBI|REACTOME,
Gene:2892,GRIA3,Gene,GRIA3,,DrugBank|MONDO_grouped|NCBI|REACTOME,
Drug:DB01356,Lithium cation,Drug,lithium cation,,DrugBank|NCBI,
Drug:DB14507,Lithium citrate,Drug,lithium citrate,,DrugBank|NCBI,
Drug:DB14508,Lithium succinate,Drug,lithium succinate,,DrugBank|NCBI,
Drug:DB14509,Lithium carbonate,Drug,lithium carbonate,,DrugBank|NCBI,
Gene:2899,GRIK3,Gene,GRIK3,,DrugBank|MONDO|MONDO_grouped|NCBI|REACTOME,
Gene:2914,GRM4,Gene,GRM4,,DrugBank|MONDO_grouped|NCBI|REACTOME,
Gene:2917,GRM7,Gene,GRM7,,DrugBank|MONDO_grouped|NCBI|REACTOME,
Gene:2918,GRM8,Gene,GRM8,,DrugBank|MONDO_grouped|NCBI|REACTOME,
Gene:8843,HCAR3,Gene,HCAR3,,DrugBank|MONDO_grouped|NCBI|REACTOME,
Gene:6714,SRC,Gene,SRC,,DrugBank|MONDO|NCBI|REACTOME,
Drug:DB01678,RU84687,Drug,ru84687,,DrugBank|NCBI,
Drug:DB01866,RU79256,Drug,ru79256,,DrugBank|NCBI,
Drug:DB01893,N6-Benzyl Adenosine-5'-Diphosphate,Drug,n6-benzyl adenosine-5'-diphosphate,,DrugBank|NCBI,
Drug:DB01908,RU85493,Drug,ru85493,,DrugBank|NCBI,
Drug:DB01947,RU78262,Drug,ru78262,,DrugBank|NCBI,
Drug:DB02175,Malonic acid,Drug,malonic acid,,DrugBank|NCBI,
Drug:DB02336,RU83876,Drug,ru83876,,DrugBank|NCBI,
Drug:DB02432,RU90395,Drug,ru90395,,DrugBank|NCBI,
Drug:DB02762,RU79072,Drug,ru79072,,DrugBank|NCBI,
Drug:DB02908,RU78783,Drug,ru78783,,DrugBank|NCBI,
Drug:DB03023,"1-Tert-Butyl-3-(4-Chloro-Phenyl)-1h-Pyrazolo[3,4-D]Pyrimidin-4-Ylamine",Drug,"1-tert-butyl-3-(4-chloro-phenyl)-1h-pyrazolo[3,4-d]pyrimidin-4-ylamine",,DrugBank|NCBI,
Drug:DB03078,PASBN,Drug,pasbn,,DrugBank|NCBI,
Drug:DB03104,2-[4-[(Z)-2-Acetamido-3-oxo-3-[[(3S)-2-oxo-1-[(4-phenylphenyl)methyl]azepan-3-yl]amino]prop-1-enyl]-2-formylphenyl]acetic acid,Drug,2-[4-[(z)-2-acetamido-3-oxo-3-[[(3s)-2-oxo-1-[(4-phenylphenyl)methyl]azepan-3-yl]amino]prop-1-enyl]-2-formylphenyl]acetic acid,,DrugBank|NCBI,
Drug:DB03114,PAS219,Drug,pas219,,DrugBank|NCBI,
Drug:DB03217,DPI59,Drug,dpi59,,DrugBank|NCBI,
Drug:DB03268,RU82197,Drug,ru82197,,DrugBank|NCBI,
Drug:DB03298,Phenylphosphate,Drug,phenylphosphate,,DrugBank|NCBI,
Drug:DB03306,RU78300,Drug,ru78300,,DrugBank|NCBI,
Drug:DB03525,RU79073,Drug,ru79073,,DrugBank|NCBI,
Drug:DB03591,RU82209,Drug,ru82209,,DrugBank|NCBI,
Drug:DB03628,ISO24,Drug,iso24,,DrugBank|NCBI,
Drug:DB03712,RU85053,Drug,ru85053,,DrugBank|NCBI,
Drug:DB03828,RU78299,Drug,ru78299,,DrugBank|NCBI,
Drug:DB03902,Oxalic Acid,Drug,oxalic acid,,DrugBank|NCBI,
Drug:DB04080,RU78191,Drug,ru78191,,DrugBank|NCBI,
Drug:DB04495,Paratoulene phosphate,Drug,paratoulene phosphate,,DrugBank|NCBI,
Drug:DB04739,4-[(4-METHYL-1-PIPERAZINYL)METHYL]-N-[3-[[4-(3-PYRIDINYL)-2-PYRIMIDINYL]AMINO]PHENYL]-BENZAMIDE,Drug,4-[(4-methyl-1-piperazinyl)methyl]-n-[3-[[4-(3-pyridinyl)-2-pyrimidinyl]amino]phenyl]-benzamide,,DrugBank|NCBI,
Drug:DB04751,Purvalanol A,Drug,purvalanol a,,DrugBank|NCBI,
Drug:DB06882,1-[1-(3-aminophenyl)-3-tert-butyl-1H-pyrazol-5-yl]-3-naphthalen-1-ylurea,Drug,1-[1-(3-aminophenyl)-3-tert-butyl-1h-pyrazol-5-yl]-3-naphthalen-1-ylurea,,DrugBank|NCBI,
Drug:DB06883,1-[1-(3-aminophenyl)-3-tert-butyl-1H-pyrazol-5-yl]-3-phenylurea,Drug,1-[1-(3-aminophenyl)-3-tert-butyl-1h-pyrazol-5-yl]-3-phenylurea,,DrugBank|NCBI,
Drug:DB07335,"3-[4-AMINO-1-(1-METHYLETHYL)-1H-PYRAZOLO[3,4-D]PYRIMIDIN-3-YL]PHENOL",Drug,"3-[4-amino-1-(1-methylethyl)-1h-pyrazolo[3,4-d]pyrimidin-3-yl]phenol",,DrugBank|NCBI,
Drug:DB07966,[4-({4-[(5-cyclopropyl-1H-pyrazol-3-yl)amino]quinazolin-2-yl}amino)phenyl]acetonitrile,Drug,[4-({4-[(5-cyclopropyl-1h-pyrazol-3-yl)amino]quinazolin-2-yl}amino)phenyl]acetonitrile,,DrugBank|NCBI,
Drug:DB08052,PP-121,Drug,pp-121,,DrugBank|NCBI,
Drug:DB08053,"1-cyclobutyl-3-(3,4-dimethoxyphenyl)-1H-pyrazolo[3,4-d]pyrimidin-4-amine",Drug,"1-cyclobutyl-3-(3,4-dimethoxyphenyl)-1h-pyrazolo[3,4-d]pyrimidin-4-amine",,DrugBank|NCBI,
Drug:DB08054,"1-(1-methylethyl)-3-quinolin-6-yl-1H-pyrazolo[3,4-d]pyrimidin-4-amine",Drug,"1-(1-methylethyl)-3-quinolin-6-yl-1h-pyrazolo[3,4-d]pyrimidin-4-amine",,DrugBank|NCBI,
Drug:DB08192,2-(4-CARCOXY-5-ISOPROPYLTHIAZOLYL)BENZOPIPERIDINE,Drug,2-(4-carcoxy-5-isopropylthiazolyl)benzopiperidine,,DrugBank|NCBI,
Drug:DB08462,N-(4-PHENYLAMINO-QUINAZOLIN-6-YL)-ACRYLAMIDE,Drug,n-(4-phenylamino-quinazolin-6-yl)-acrylamide,,DrugBank|NCBI,
Drug:DB08564,(2E)-N-{4-[(3-bromophenyl)amino]quinazolin-6-yl}-4-(dimethylamino)but-2-enamide,Drug,(2e)-n-{4-[(3-bromophenyl)amino]quinazolin-6-yl}-4-(dimethylamino)but-2-enamide,,DrugBank|NCBI,
Gene:2534,FYN,Gene,FYN,,DrugBank|MONDO_grouped|NCBI|REACTOME,
Drug:DB02078,Triglyme,Drug,triglyme,,DrugBank|NCBI,
Gene:5021,OXTR,Gene,OXTR,,DrugBank|MONDO|MONDO_grouped|NCBI|REACTOME,
Drug:DB01282,Carbetocin,Drug,carbetocin,,DrugBank|NCBI,
Drug:DB01284,Tetracosactide,Drug,tetracosactide,,DrugBank|NCBI,
Gene:4158,MC2R,Gene,MC2R,,DrugBank|MONDO|NCBI|REACTOME,
Drug:DB09334,Seractide acetate,Drug,seractide acetate,,DrugBank|NCBI,
Drug:DB11653,Bremelanotide,Drug,bremelanotide,,DrugBank|NCBI,
Gene:1137,CHRNA4,Gene,CHRNA4,,DrugBank|MONDO_grouped|NCBI|REACTOME,
Drug:DB01273,Varenicline,Drug,varenicline,,DrugBank|MONDO_grouped|NCBI,
Drug:DB05458,Pozanicline,Drug,pozanicline,,DrugBank|NCBI,
Drug:DB09028,Cytisine,Drug,cytisine,,DrugBank|NCBI,
Gene:1141,CHRNB2,Gene,CHRNB2,,DrugBank|MONDO_grouped|NCBI|REACTOME,
Drug:DB05855,Rivanicline,Drug,rivanicline,,DrugBank|NCBI,
Gene:1436,CSF1R,Gene,CSF1R,,DrugBank|MONDO|NCBI|REACTOME,
Drug:DB07167,5-CYANO-FURAN-2-CARBOXYLIC ACID [5-HYDROXYMETHYL-2-(4-METHYL-PIPERIDIN-1-YL)-PHENYL]-AMIDE,Drug,5-cyano-furan-2-carboxylic acid [5-hydroxymethyl-2-(4-methyl-piperidin-1-yl)-phenyl]-amide,,DrugBank|NCBI,
Drug:DB07202,6-CHLORO-3-(3-METHYLISOXAZOL-5-YL)-4-PHENYLQUINOLIN-2(1H)-ONE,Drug,6-chloro-3-(3-methylisoxazol-5-yl)-4-phenylquinolin-2(1h)-one,,DrugBank|NCBI,
Gene:3480,IGF1R,Gene,IGF1R,,DrugBank|MONDO|MONDO_grouped|NCBI|REACTOME,
Drug:DB04395,Phosphoaminophosphonic Acid-Adenylate Ester,Drug,phosphoaminophosphonic acid-adenylate ester,,DrugBank|NCBI,
Drug:DB05023,ATL1101,Drug,atl1101,,DrugBank|NCBI,
Drug:DB05897,rhIGFBP-3,Drug,rhigfbp-3,,DrugBank|NCBI,
Drug:DB06075,Linsitinib,Drug,linsitinib,,DrugBank|NCBI,
Drug:DB06343,Teprotumumab,Drug,teprotumumab,,DrugBank|NCBI,
Drug:DB07156,"(4Z)-6-bromo-4-({[4-(pyrrolidin-1-ylmethyl)phenyl]amino}methylidene)isoquinoline-1,3(2H,4H)-dione",Drug,"(4z)-6-bromo-4-({[4-(pyrrolidin-1-ylmethyl)phenyl]amino}methylidene)isoquinoline-1,3(2h,4h)-dione",,DrugBank|NCBI,
Drug:DB07474,3-[5-(1H-IMIDAZOL-1-YL)-7-METHYL-1H-BENZIMIDAZOL-2-YL]-4-[(PYRIDIN-2-YLMETHYL)AMINO]PYRIDIN-2(1H)-ONE,Drug,3-[5-(1h-imidazol-1-yl)-7-methyl-1h-benzimidazol-2-yl]-4-[(pyridin-2-ylmethyl)amino]pyridin-2(1h)-one,,DrugBank|NCBI,
Drug:DB12250,Cixutumumab,Drug,cixutumumab,,DrugBank|NCBI,
Drug:DB14751,Mecasermin rinfabate,Drug,mecasermin rinfabate,,DrugBank|NCBI,
Drug:DB01278,Pramlintide,Drug,pramlintide,,DrugBank|NCBI,
Gene:10266,RAMP2,Gene,RAMP2,,DrugBank|MONDO|NCBI|REACTOME,
Drug:DB02831,Dihydrogenphosphate,Drug,dihydrogenphosphate,,DrugBank|NCBI,
Gene:51181,DCXR,Gene,DCXR,,DrugBank|MONDO|NCBI|REACTOME,
Drug:DB02152,K-252a,Drug,k-252a,,DrugBank|NCBI,
Gene:5604,MAP2K1,Gene,MAP2K1,,DrugBank|MONDO|NCBI|REACTOME,
Drug:DB03115,"5-Bromo-N-[(2S)-2,3-dihydroxypropoxy]-3,4-difluoro-2-[(2-fluoro-4-iodophenyl)amino]benzamide",Drug,"5-bromo-n-[(2s)-2,3-dihydroxypropoxy]-3,4-difluoro-2-[(2-fluoro-4-iodophenyl)amino]benzamide",,DrugBank|NCBI,
Drug:DB06892,"(5S)-4,5-difluoro-6-[(2-fluoro-4-iodophenyl)imino]-N-(2-hydroxyethoxy)cyclohexa-1,3-diene-1-carboxamide",Drug,"(5s)-4,5-difluoro-6-[(2-fluoro-4-iodophenyl)imino]-n-(2-hydroxyethoxy)cyclohexa-1,3-diene-1-carboxamide",,DrugBank|NCBI,
Drug:DB07046,"2-[(2-chloro-4-iodophenyl)amino]-N-{[(2R)-2,3-dihydroxypropyl]oxy}-3,4-difluorobenzamide",Drug,"2-[(2-chloro-4-iodophenyl)amino]-n-{[(2r)-2,3-dihydroxypropyl]oxy}-3,4-difluorobenzamide",,DrugBank|NCBI,
Drug:DB07101,PD-0325901,Drug,pd-0325901,,DrugBank|NCBI,
Drug:DB08130,"N-(5-{3,4-difluoro-2-[(2-fluoro-4-iodophenyl)amino]phenyl}-1,3,4-oxadiazol-2-yl)ethane-1,2-diamine",Drug,"n-(5-{3,4-difluoro-2-[(2-fluoro-4-iodophenyl)amino]phenyl}-1,3,4-oxadiazol-2-yl)ethane-1,2-diamine",,DrugBank|NCBI,
Drug:DB08208,"2-[(4-ETHYNYL-2-FLUOROPHENYL)AMINO]-3,4-DIFLUORO-N-(2-HYDROXYETHOXY)BENZAMIDE",Drug,"2-[(4-ethynyl-2-fluorophenyl)amino]-3,4-difluoro-n-(2-hydroxyethoxy)benzamide",,DrugBank|NCBI,
Gene:5579,PRKCB,Gene,PRKCB,,DrugBank|MONDO|NCBI|REACTOME,
Drug:DB01738,Phosphorylcolamine,Drug,phosphorylcolamine,,DrugBank|NCBI,
Drug:DB03945,"N,N,N-Trimethyl-2-(phosphonooxy)ethanaminium",Drug,"n,n,n-trimethyl-2-(phosphonooxy)ethanaminium",,DrugBank|NCBI,
Gene:1401,CRP,Gene,CRP,,DrugBank|MONDO|MONDO_grouped|NCBI|REACTOME,
Gene:9734,HDAC9,Gene,HDAC9,,DrugBank|MONDO_grouped|NCBI|REACTOME,
Gene:2618,GART,Gene,GART,,DrugBank|MONDO|NCBI|REACTOME,
Drug:DB02236,Glycinamide Ribonucleotide,Drug,glycinamide ribonucleotide,,DrugBank|NCBI,
Drug:DB03546,"N-({4-[(1R)-4-[(2R,4S,5S)-2,4-diamino-6-oxohexahydropyrimidin-5-yl]-1-(2,2,2-trifluoro-1,1-dihydroxyethyl)butyl]phenyl}carbonyl)-L-glutamic acid",Drug,"n-({4-[(1r)-4-[(2r,4s,5s)-2,4-diamino-6-oxohexahydropyrimidin-5-yl]-1-(2,2,2-trifluoro-1,1-dihydroxyethyl)butyl]phenyl}carbonyl)-l-glutamic acid",,DrugBank|NCBI,
Gene:6506,SLC1A2,Gene,SLC1A2,,DrugBank|MONDO_grouped|NCBI|REACTOME,
Drug:DB01812,"Adenosine 3',5'-diphosphate",Drug,"adenosine 3',5'-diphosphate",,DrugBank|NCBI,
Drug:DB02854,Aetiocholanolone,Drug,aetiocholanolone,,DrugBank|NCBI,
Drug:DB04445,Mercuric iodide,Drug,mercuric iodide,,DrugBank|NCBI,
Drug:DB06186,Ipilimumab,Drug,ipilimumab,,DrugBank|NCBI,
Gene:1493,CTLA4,Gene,CTLA4,,DrugBank|MONDO_grouped|NCBI|REACTOME,
Drug:DB11771,Tremelimumab,Drug,tremelimumab,,DrugBank|NCBI,
Gene:2678,GGT1,Gene,GGT1,,DrugBank|MONDO|NCBI|REACTOME,
Drug:DB02052,Indirubin-3'-monoxime,Drug,indirubin-3'-monoxime,,DrugBank|NCBI,
Gene:1020,CDK5,Gene,CDK5,,DrugBank|MONDO_grouped|NCBI|REACTOME,
Drug:DB02116,Olomoucine,Drug,olomoucine,,DrugBank|NCBI,
Drug:DB02950,Hymenialdisine,Drug,hymenialdisine,,DrugBank|NCBI,
Drug:DB03428,SU9516,Drug,su9516,,DrugBank|NCBI,
Drug:DB04014,Alsterpaullone,Drug,alsterpaullone,,DrugBank|NCBI,
Drug:DB07364,"6-PHENYL[5H]PYRROLO[2,3-B]PYRAZINE",Drug,"6-phenyl[5h]pyrrolo[2,3-b]pyrazine",,DrugBank|NCBI,
Gene:1786,DNMT1,Gene,DNMT1,,DrugBank|MONDO|MONDO_grouped|NCBI|REACTOME,
Drug:DB01099,Flucytosine,Drug,flucytosine,,DrugBank|NCBI,
Drug:DB05668,Palifosfamide,Drug,palifosfamide,,DrugBank|NCBI,
Drug:DB12116,Epigallocatechin gallate,Drug,epigallocatechin gallate,,DrugBank|NCBI,
Gene:5328,PLAU,Gene,PLAU,,DrugBank|MONDO|NCBI|REACTOME,
Drug:DB01905,2-(2-Hydroxy-5-Methoxy-Phenyl)-1h-Benzoimidazole-5-Carboxamidine,Drug,2-(2-hydroxy-5-methoxy-phenyl)-1h-benzoimidazole-5-carboxamidine,,DrugBank|NCBI,
Drug:DB01977,6-(N-Phenylcarbamyl)-2-Naphthalenecarboxamidine,Drug,6-(n-phenylcarbamyl)-2-naphthalenecarboxamidine,,DrugBank|NCBI,
Drug:DB02398,6-[N-(4-(Aminomethyl)Phenyl)Carbamyl]-2-Naphthalenecarboxamidine,Drug,6-[n-(4-(aminomethyl)phenyl)carbamyl]-2-naphthalenecarboxamidine,,DrugBank|NCBI,
Drug:DB02473,"6-[N-(1-Isopropyl-3,4-Dihydro-7-Isoquinolinyl)Carbamyl]-2-Naphthalenecarboxamidine",Drug,"6-[n-(1-isopropyl-3,4-dihydro-7-isoquinolinyl)carbamyl]-2-naphthalenecarboxamidine",,DrugBank|NCBI,
Drug:DB02526,CRA_10655,Drug,cra_10655,,DrugBank|NCBI,
Drug:DB02551,"6-[N-(4-Ethyl-1,2,3,4-Tetrahydro-6-Isoquinolinyl)Carbamyl]-2-Naphthalenecarboxamidine",Drug,"6-[n-(4-ethyl-1,2,3,4-tetrahydro-6-isoquinolinyl)carbamyl]-2-naphthalenecarboxamidine",,DrugBank|NCBI,
Drug:DB02705,"6-[N-(1-Isopropyl-1,2,3,4-Tetrahydro-7-Isoquinolinyl)Carbamyl]-2-Naphthalenecarboxamidine",Drug,"6-[n-(1-isopropyl-1,2,3,4-tetrahydro-7-isoquinolinyl)carbamyl]-2-naphthalenecarboxamidine",,DrugBank|NCBI,
Drug:DB03046,7-Methoxy-8-[1-(Methylsulfonyl)-1h-Pyrazol-4-Yl]Naphthalene-2-Carboximidamide,Drug,7-methoxy-8-[1-(methylsulfonyl)-1h-pyrazol-4-yl]naphthalene-2-carboximidamide,,DrugBank|NCBI,
Drug:DB03082,6-[(Z)-Amino(Imino)Methyl]-N-[4-(Aminomethyl)Phenyl]-4-(Pyrimidin-2-Ylamino)-2-Naphthamide,Drug,6-[(z)-amino(imino)methyl]-n-[4-(aminomethyl)phenyl]-4-(pyrimidin-2-ylamino)-2-naphthamide,,DrugBank|NCBI,
Drug:DB03127,Benzamidine,Drug,benzamidine,,DrugBank|NCBI,
Drug:DB03476,Trans-6-(2-Phenylcyclopropyl)-Naphthalene-2-Carboxamidine,Drug,trans-6-(2-phenylcyclopropyl)-naphthalene-2-carboxamidine,,DrugBank|NCBI,
Drug:DB03729,2-Amino-1H-benzimidazol-5-ol,Drug,2-amino-1h-benzimidazol-5-ol,,DrugBank|NCBI,
Drug:DB03782,N-(1-adamantyl)-N'-(4-guanidinobenzyl)urea,Drug,n-(1-adamantyl)-n'-(4-guanidinobenzyl)urea,,DrugBank|NCBI,
Drug:DB03876,"Thieno[2,3-B]Pyridine-2-Carboxamidine",Drug,"thieno[2,3-b]pyridine-2-carboxamidine",,DrugBank|NCBI,
Drug:DB04059,8-(Pyrimidin-2-Ylamino)Naphthalene-2-Carboximidamide,Drug,8-(pyrimidin-2-ylamino)naphthalene-2-carboximidamide,,DrugBank|NCBI,
Drug:DB04172,"[2,4,6-Triisopropyl-Phenylsulfonyl-L-[3-Amidino-Phenylalanine]]-Piperazine-N'-Beta-Alanine",Drug,"[2,4,6-triisopropyl-phenylsulfonyl-l-[3-amidino-phenylalanine]]-piperazine-n'-beta-alanine",,DrugBank|NCBI,
Drug:DB06855,6-fluoro-2-(2-hydroxy-3-isobutoxy-phenyl)-1H-benzoimidazole-5-carboxamidine,Drug,6-fluoro-2-(2-hydroxy-3-isobutoxy-phenyl)-1h-benzoimidazole-5-carboxamidine,,DrugBank|NCBI,
Drug:DB06856,6-FLUORO-2-[2-HYDROXY-3-(2-METHYL-CYCLOHEXYLOXY)-PHENYL]-1H-INDOLE-5-CARBOXAMIDINE,Drug,6-fluoro-2-[2-hydroxy-3-(2-methyl-cyclohexyloxy)-phenyl]-1h-indole-5-carboxamidine,,DrugBank|NCBI,
Drug:DB06857,N-(4-CARBAMIMIDOYL-3-CHORO-PHENYL)-2-HYDROXY-3-IODO-5-METHYL-BENZAMIDE,Drug,n-(4-carbamimidoyl-3-choro-phenyl)-2-hydroxy-3-iodo-5-methyl-benzamide,,DrugBank|NCBI,
Drug:DB07076,6-[(Z)-AMINO(IMINO)METHYL]-N-[3-(CYCLOPENTYLOXY)PHENYL]-2-NAPHTHAMIDE,Drug,6-[(z)-amino(imino)methyl]-n-[3-(cyclopentyloxy)phenyl]-2-naphthamide,,DrugBank|NCBI,
Drug:DB07122,1-[4-(2-oxo-2-phenylethyl)phenyl]guanidine,Drug,1-[4-(2-oxo-2-phenylethyl)phenyl]guanidine,,DrugBank|NCBI,
Drug:DB07129,"(2R)-1-(2,6-dimethylphenoxy)propan-2-amine",Drug,"(2r)-1-(2,6-dimethylphenoxy)propan-2-amine",,DrugBank|NCBI,
Drug:DB07625,"4-(2-aminoethoxy)-N-(2,5-diethoxyphenyl)-3,5-dimethylbenzamide",Drug,"4-(2-aminoethoxy)-n-(2,5-diethoxyphenyl)-3,5-dimethylbenzamide",,DrugBank|NCBI,
Drug:DB07626,"4-(2-aminoethoxy)-N-(3-chloro-2-ethoxy-5-piperidin-1-ylphenyl)-3,5-dimethylbenzamide",Drug,"4-(2-aminoethoxy)-n-(3-chloro-2-ethoxy-5-piperidin-1-ylphenyl)-3,5-dimethylbenzamide",,DrugBank|NCBI,
Drug:DB08072,"4-(2-AMINOETHOXY)-3,5-DICHLORO-N-[3-(1-METHYLETHOXY)PHENYL]BENZAMIDE",Drug,"4-(2-aminoethoxy)-3,5-dichloro-n-[3-(1-methylethoxy)phenyl]benzamide",,DrugBank|NCBI,
Drug:DB08697,"4-(2-aminoethoxy)-N-(3-chloro-5-piperidin-1-ylphenyl)-3,5-dimethylbenzamide",Drug,"4-(2-aminoethoxy)-n-(3-chloro-5-piperidin-1-ylphenyl)-3,5-dimethylbenzamide",,DrugBank|NCBI,
Gene:3785,KCNQ2,Gene,KCNQ2,,DrugBank|MONDO_grouped|NCBI|REACTOME,
Drug:DB06089,ICA-105665,Drug,ica-105665,,DrugBank|NCBI,
Gene:9227,LRAT,Gene,LRAT,,DrugBank|MONDO|MONDO_grouped|NCBI|REACTOME,
Drug:DB01819,Phosphoenolpyruvate,Drug,phosphoenolpyruvate,,DrugBank|NCBI,
Drug:DB02008,1-(2-Fluorobenzyl)-3-Butyl-8-(N-Acetyl-4-Aminobenzyl)-Xanthine,Drug,1-(2-fluorobenzyl)-3-butyl-8-(n-acetyl-4-aminobenzyl)-xanthine,,DrugBank|NCBI,
Drug:DB03267,1-Allyl-3-Butyl-8-(N-Acetyl-4-Aminobenzyl)-Xanthine,Drug,1-allyl-3-butyl-8-(n-acetyl-4-aminobenzyl)-xanthine,,DrugBank|NCBI,
Drug:DB03725,5'-Guanylylmethylenebisphosphonate,Drug,5'-guanylylmethylenebisphosphonate,,DrugBank|NCBI,
Drug:DB03608,Diminazene,Drug,diminazene,,DrugBank|NCBI,
Drug:DB00626,Bacitracin,Drug,bacitracin,,DrugBank|NCBI,
Drug:DB08888,Ocriplasmin,Drug,ocriplasmin,,DrugBank|NCBI,
Gene:1234,CCR5,Gene,CCR5,,DrugBank|MONDO_grouped|NCBI|REACTOME,
Drug:DB05501,AMD-070,Drug,amd-070,,DrugBank|NCBI,
Drug:DB05906,CCR5 mAb,Drug,ccr5 mab,,DrugBank|NCBI,
Drug:DB05941,Leronlimab,Drug,leronlimab,,DrugBank|NCBI,
Drug:DB06497,Aplaviroc,Drug,aplaviroc,,DrugBank|NCBI,
Drug:DB12698,Ibalizumab,Drug,ibalizumab,,DrugBank|NCBI,
Drug:DB12960,INCB-9471,Drug,incb-9471,,DrugBank|NCBI,
Gene:4233,MET,Gene,MET,,DrugBank|MONDO|MONDO_grouped|NCBI|REACTOME,
Drug:DB06314,SGX-523,Drug,sgx-523,,DrugBank|NCBI,
Drug:DB06896,"1-(4-fluorophenyl)-N-[3-fluoro-4-(1H-pyrrolo[2,3-b]pyridin-4-yloxy)phenyl]-2-oxo-1,2-dihydropyridine-3-carboxamide",Drug,"1-(4-fluorophenyl)-n-[3-fluoro-4-(1h-pyrrolo[2,3-b]pyridin-4-yloxy)phenyl]-2-oxo-1,2-dihydropyridine-3-carboxamide",,DrugBank|NCBI,
Drug:DB06995,N-({4-[(2-aminopyridin-4-yl)oxy]-3-fluorophenyl}carbamoyl)-2-(4-fluorophenyl)acetamide,Drug,n-({4-[(2-aminopyridin-4-yl)oxy]-3-fluorophenyl}carbamoyl)-2-(4-fluorophenyl)acetamide,,DrugBank|NCBI,
Drug:DB06997,"2-(4-fluorophenyl)-N-{[3-fluoro-4-(1H-pyrrolo[2,3-b]pyridin-4-yloxy)phenyl]carbamoyl}acetamide",Drug,"2-(4-fluorophenyl)-n-{[3-fluoro-4-(1h-pyrrolo[2,3-b]pyridin-4-yloxy)phenyl]carbamoyl}acetamide",,DrugBank|NCBI,
Drug:DB07369,"N-(3-chlorophenyl)-N-methyl-2-oxo-3-[(3,4,5-trimethyl-1H-pyrrol-2-yl)methyl]-2H-indole-5-sulfonamide",Drug,"n-(3-chlorophenyl)-n-methyl-2-oxo-3-[(3,4,5-trimethyl-1h-pyrrol-2-yl)methyl]-2h-indole-5-sulfonamide",,DrugBank|NCBI,
Drug:DB07969,3-[3-(4-methylpiperazin-1-yl)-7-(trifluoromethyl)quinoxalin-5-yl]phenol,Drug,3-[3-(4-methylpiperazin-1-yl)-7-(trifluoromethyl)quinoxalin-5-yl]phenol,,DrugBank|NCBI,
Drug:DB08079,AMG-208,Drug,amg-208,,DrugBank|NCBI,
Drug:DB08791,"1-[(2-NITROPHENYL)SULFONYL]-1H-PYRROLO[3,2-B]PYRIDINE-6-CARBOXAMIDE",Drug,"1-[(2-nitrophenyl)sulfonyl]-1h-pyrrolo[3,2-b]pyridine-6-carboxamide",,DrugBank|NCBI,
Drug:DB12200,Tivantinib,Drug,tivantinib,,DrugBank|NCBI,
Drug:DB00061,Pegademase,Drug,pegademase,,DrugBank|NCBI,
Gene:2885,GRB2,Gene,GRB2,,DrugBank|MONDO_grouped|NCBI|REACTOME,
Drug:DB03276,"4-[(10s,14s,18s)-18-(2-Amino-2-Oxoethyl)-14-(1-Naphthylmethyl)-8,17,20-Trioxo-7,16,19-Triazaspiro[5.14]Icos-11-En-10-Yl]Benzylphosphonic Acid",Drug,"4-[(10s,14s,18s)-18-(2-amino-2-oxoethyl)-14-(1-naphthylmethyl)-8,17,20-trioxo-7,16,19-triazaspiro[5.14]icos-11-en-10-yl]benzylphosphonic acid",,DrugBank|NCBI,
Gene:3569,IL6,Gene,IL6,,DrugBank|MONDO|MONDO_grouped|NCBI|REACTOME,
Drug:DB06083,Tapinarof,Drug,tapinarof,,DrugBank|NCBI,
Drug:DB00452,Framycetin,Drug,framycetin,,DrugBank|NCBI,
Gene:7852,CXCR4,Gene,CXCR4,,DrugBank|MONDO|NCBI|REACTOME,
Drug:DB06809,Plerixafor,Drug,plerixafor,,DrugBank|NCBI,
Gene:4312,MMP1,Gene,MMP1,,DrugBank|MONDO|NCBI|REACTOME,
Drug:DB07556,CGS-27023,Drug,cgs-27023,,DrugBank|NCBI,
Drug:DB07926,N-[3-(N'-HYDROXYCARBOXAMIDO)-2-(2-METHYLPROPYL)-PROPANOYL]-O-TYROSINE-N-METHYLAMIDE,Drug,n-[3-(n'-hydroxycarboxamido)-2-(2-methylpropyl)-propanoyl]-o-tyrosine-n-methylamide,,DrugBank|NCBI,
Drug:DB08403,METHYLAMINO-PHENYLALANYL-LEUCYL-HYDROXAMIC ACID,Drug,methylamino-phenylalanyl-leucyl-hydroxamic acid,,DrugBank|NCBI,
Drug:DB08482,[[1-[N-HYDROXY-ACETAMIDYL]-3-METHYL-BUTYL]-CARBONYL-LEUCINYL]-ALANINE ETHYL ESTER,Drug,[[1-[n-hydroxy-acetamidyl]-3-methyl-butyl]-carbonyl-leucinyl]-alanine ethyl ester,,DrugBank|NCBI,
Drug:DB08491,N-HYDROXY-2-[4-(4-PHENOXY-BENZENESULFONYL)-TETRAHYDRO-PYRAN-4-YL]-ACETAMIDE,Drug,n-hydroxy-2-[4-(4-phenoxy-benzenesulfonyl)-tetrahydro-pyran-4-yl]-acetamide,,DrugBank|NCBI,
Gene:5594,MAPK1,Gene,MAPK1,,DrugBank|MONDO|MONDO_grouped|NCBI|REACTOME,
Drug:DB02482,Phosphonothreonine,Drug,phosphonothreonine,,DrugBank|NCBI,
Drug:DB02733,Purvalanol,Drug,purvalanol,,DrugBank|NCBI,
Drug:DB04338,SB220025,Drug,sb220025,,DrugBank|NCBI,
Drug:DB06877,"N,N-DIMETHYL-4-(4-PHENYL-1H-PYRAZOL-3-YL)-1H-PYRROLE-2-CARBOXAMIDE",Drug,"n,n-dimethyl-4-(4-phenyl-1h-pyrazol-3-yl)-1h-pyrrole-2-carboxamide",,DrugBank|NCBI,
Drug:DB07010,N-BENZYL-4-[4-(3-CHLOROPHENYL)-1H-PYRAZOL-3-YL]-1H-PYRROLE-2-CARBOXAMIDE,Drug,n-benzyl-4-[4-(3-chlorophenyl)-1h-pyrazol-3-yl]-1h-pyrrole-2-carboxamide,,DrugBank|NCBI,
Drug:DB07264,(S)-N-(1-(3-CHLORO-4-FLUOROPHENYL)-2-HYDROXYETHYL)-4-(4-(3-CHLOROPHENYL)-1H-PYRAZOL-3-YL)-1H-PYRROLE-2-CARBOXAMIDE,Drug,(s)-n-(1-(3-chloro-4-fluorophenyl)-2-hydroxyethyl)-4-(4-(3-chlorophenyl)-1h-pyrazol-3-yl)-1h-pyrrole-2-carboxamide,,DrugBank|NCBI,
Drug:DB07788,"(3R,5Z,8S,9S,11E)-8,9,16-TRIHYDROXY-14-METHOXY-3-METHYL-3,4,9,10-TETRAHYDRO-1H-2-BENZOXACYCLOTETRADECINE-1,7(8H)-DIONE",Drug,"(3r,5z,8s,9s,11e)-8,9,16-trihydroxy-14-methoxy-3-methyl-3,4,9,10-tetrahydro-1h-2-benzoxacyclotetradecine-1,7(8h)-dione",,DrugBank|NCBI,
Drug:DB07794,"5-(2-PHENYLPYRAZOLO[1,5-A]PYRIDIN-3-YL)-1H-PYRAZOLO[3,4-C]PYRIDAZIN-3-AMINE",Drug,"5-(2-phenylpyrazolo[1,5-a]pyridin-3-yl)-1h-pyrazolo[3,4-c]pyridazin-3-amine",,DrugBank|NCBI,
Drug:DB07905,"(1aR,8S,13S,14S,15aR)-5,13,14-trihydroxy-3-methoxy-8-methyl-8,9,13,14,15,15a-hexahydro-6H-oxireno[k][2]benzoxacyclotetradecine-6,12(1aH)-dione",Drug,"(1ar,8s,13s,14s,15ar)-5,13,14-trihydroxy-3-methoxy-8-methyl-8,9,13,14,15,15a-hexahydro-6h-oxireno[k][2]benzoxacyclotetradecine-6,12(1ah)-dione",,DrugBank|NCBI,
Drug:DB08513,[4-({5-(AMINOCARBONYL)-4-[(3-METHYLPHENYL)AMINO]PYRIMIDIN-2-YL}AMINO)PHENYL]ACETIC ACID,Drug,[4-({5-(aminocarbonyl)-4-[(3-methylphenyl)amino]pyrimidin-2-yl}amino)phenyl]acetic acid,,DrugBank|NCBI,
Drug:DB08521,4-[4-(4-Fluorophenyl)-2-[4-[(R)-methylsulfinyl]phenyl]-1H-imidazol-5-yl]pyridine,Drug,4-[4-(4-fluorophenyl)-2-[4-[(r)-methylsulfinyl]phenyl]-1h-imidazol-5-yl]pyridine,,DrugBank|NCBI,
Drug:DB11120,Turpentine,Drug,turpentine,,DrugBank|NCBI,
Drug:DB13930,Ulixertinib,Drug,ulixertinib,,DrugBank|NCBI,
Gene:135,ADORA2A,Gene,ADORA2A,,DrugBank|MONDO_grouped|NCBI|REACTOME,
Drug:DB04853,Binodenoson,Drug,binodenoson,,DrugBank|NCBI,
Drug:DB05009,Apadenoson,Drug,apadenoson,,DrugBank|NCBI,
Drug:DB05191,Atl146e,Drug,atl146e,,DrugBank|NCBI,
Drug:DB06213,Regadenoson,Drug,regadenoson,,DrugBank|NCBI,
Drug:DB08770,"4-{2-[(7-amino-2-furan-2-yl[1,2,4]triazolo[1,5-a][1,3,5]triazin-5-yl)amino]ethyl}phenol",Drug,"4-{2-[(7-amino-2-furan-2-yl[1,2,4]triazolo[1,5-a][1,3,5]triazin-5-yl)amino]ethyl}phenol",,DrugBank|NCBI,
Gene:3456,IFNB1,Gene,IFNB1,,DrugBank|MONDO|NCBI|REACTOME,
Drug:DB04417,P-Nitrophenol,Drug,p-nitrophenol,,DrugBank|NCBI,
Gene:10840,ALDH1L1,Gene,ALDH1L1,,DrugBank|MONDO|NCBI|REACTOME,
Drug:DB04487,N-Methylleucine,Drug,n-methylleucine,,DrugBank|NCBI,
Gene:3627,CXCL10,Gene,CXCL10,,DrugBank|MONDO|NCBI|REACTOME,
Drug:DB06116,Eldelumab,Drug,eldelumab,,DrugBank|NCBI,
Gene:8029,CUBN,Gene,CUBN,,DrugBank|MONDO|NCBI|REACTOME,
Gene:4519,MT-CYB,Gene,MT-CYB,CYTB,DrugBank|MONDO|NCBI|REACTOME,
Drug:DB04799,"6-Hydroxy-5-undecyl-4,7-benzothiazoledione",Drug,"6-hydroxy-5-undecyl-4,7-benzothiazoledione",,DrugBank|NCBI,
Drug:DB07401,Azoxystrobin,Drug,azoxystrobin,,DrugBank|NCBI,
Drug:DB07636,"5-Heptyl-6-hydroxy-1,3-benzothiazole-4,7-dione",Drug,"5-heptyl-6-hydroxy-1,3-benzothiazole-4,7-dione",,DrugBank|NCBI,
Drug:DB07763,"(5S)-3-ANILINO-5-(2,4-DIFLUOROPHENYL)-5-METHYL-1,3-OXAZOLIDINE-2,4-DIONE",Drug,"(5s)-3-anilino-5-(2,4-difluorophenyl)-5-methyl-1,3-oxazolidine-2,4-dione",,DrugBank|NCBI,
Drug:DB07778,(S)-famoxadone,Drug,(s)-famoxadone,,DrugBank|NCBI,
Drug:DB08330,METHYL (2Z)-3-METHOXY-2-{2-[(E)-2-PHENYLVINYL]PHENYL}ACRYLATE,Drug,methyl (2z)-3-methoxy-2-{2-[(e)-2-phenylvinyl]phenyl}acrylate,,DrugBank|NCBI,
Drug:DB08453,2-Nonyl-4-quinolinol 1-oxide,Drug,2-nonyl-4-quinolinol 1-oxide,,DrugBank|NCBI,
Drug:DB08690,Ubiquinone Q2,Drug,ubiquinone q2,,DrugBank|NCBI,
Drug:DB02108,2-Aminoethanimidic Acid,Drug,2-aminoethanimidic acid,,DrugBank|NCBI,
Drug:DB02148,3-Amino-4-Oxybenzyl-2-Butanone,Drug,3-amino-4-oxybenzyl-2-butanone,,DrugBank|NCBI,
Drug:DB02685,3-Methylphenylalanine,Drug,3-methylphenylalanine,,DrugBank|NCBI,
Drug:DB02855,N-(3-Propylcarbamoyloxirane-2-Carbonyl)-Isoleucyl-Proline,Drug,n-(3-propylcarbamoyloxirane-2-carbonyl)-isoleucyl-proline,,DrugBank|NCBI,
Drug:DB03329,2-Pyridinethiol,Drug,2-pyridinethiol,,DrugBank|NCBI,
Drug:DB03588,Diphenylacetic acid,Drug,diphenylacetic acid,,DrugBank|NCBI,
Drug:DB04126,N-[1-Hydroxycarboxyethyl-Carbonyl]Leucylamino-2-Methyl-Butane,Drug,n-[1-hydroxycarboxyethyl-carbonyl]leucylamino-2-methyl-butane,,DrugBank|NCBI,
Drug:DB04579,"N-{[(2S,3S)-3-(Ethoxycarbonyl)-2-oxiranyl]carbonyl}-L-threonyl-L-isoleucine",Drug,"n-{[(2s,3s)-3-(ethoxycarbonyl)-2-oxiranyl]carbonyl}-l-threonyl-l-isoleucine",,DrugBank|NCBI,
Drug:DB07160,"N-{[(2S,3S)-3-(ETHOXYCARBONYL)OXIRAN-2-YL]CARBONYL}-L-ISOLEUCINE",Drug,"n-{[(2s,3s)-3-(ethoxycarbonyl)oxiran-2-yl]carbonyl}-l-isoleucine",,DrugBank|NCBI,
Drug:DB07219,"BENZYL N-({(2S,3S)-3-[(PROPYLAMINO)CARBONYL]OXIRAN-2-YL}CARBONYL)-L-ISOLEUCYL-L-PROLINATE",Drug,"benzyl n-({(2s,3s)-3-[(propylamino)carbonyl]oxiran-2-yl}carbonyl)-l-isoleucyl-l-prolinate",,DrugBank|NCBI,
Drug:DB07223,"METHYL N-({(2S,3S)-3-[(PROPYLAMINO)CARBONYL]OXIRAN-2-YL}CARBONYL)-L-ISOLEUCYL-L-PROLINATE",Drug,"methyl n-({(2s,3s)-3-[(propylamino)carbonyl]oxiran-2-yl}carbonyl)-l-isoleucyl-l-prolinate",,DrugBank|NCBI,
Drug:DB07224,"N-{[(2S,3S)-3-(ETHOXYCARBONYL)OXIRAN-2-YL]CARBONYL}-L-ISOLEUCYL-L-ALANINE",Drug,"n-{[(2s,3s)-3-(ethoxycarbonyl)oxiran-2-yl]carbonyl}-l-isoleucyl-l-alanine",,DrugBank|NCBI,
Drug:DB07225,"N-{[(2S,3S)-3-(ETHOXYCARBONYL)OXIRAN-2-YL]CARBONYL}-L-ISOLEUCYL-L-ISOLEUCINE",Drug,"n-{[(2s,3s)-3-(ethoxycarbonyl)oxiran-2-yl]carbonyl}-l-isoleucyl-l-isoleucine",,DrugBank|NCBI,
Drug:DB07231,"N-({(2S,3S)-3-[(BENZYLAMINO)CARBONYL]OXIRAN-2-YL}CARBONYL)-L-ISOLEUCYL-L-PROLINE",Drug,"n-({(2s,3s)-3-[(benzylamino)carbonyl]oxiran-2-yl}carbonyl)-l-isoleucyl-l-proline",,DrugBank|NCBI,
Gene:1509,CTSD,Gene,CTSD,,DrugBank|MONDO|MONDO_grouped|NCBI|REACTOME,
Drug:DB02216,S-Methylcysteine,Drug,s-methylcysteine,,DrugBank|NCBI,
Drug:DB03028,1h-Benoximidazole-2-Carboxylic Acid,Drug,1h-benoximidazole-2-carboxylic acid,,DrugBank|NCBI,
Drug:DB03096,2-Morpholinoethylamine,Drug,2-morpholinoethylamine,,DrugBank|NCBI,
Drug:DB07542,5-AMINO-6-CYCLOHEXYL-4-HYDROXY-2-ISOBUTYL-HEXANOIC ACID,Drug,5-amino-6-cyclohexyl-4-hydroxy-2-isobutyl-hexanoic acid,,DrugBank|NCBI,
Drug:DB08740,"CYCLOHEXYLMETHYL-2,3-DIHYDROXY-5-METHYL-HEXYLAMIDE",Drug,"cyclohexylmethyl-2,3-dihydroxy-5-methyl-hexylamide",,DrugBank|NCBI,
Gene:4036,LRP2,Gene,LRP2,,DrugBank|MONDO|MONDO_grouped|NCBI|REACTOME,
Gene:5627,PROS1,Gene,PROS1,,DrugBank|MONDO|NCBI|REACTOME,
Drug:DB00464,Sodium tetradecyl sulfate,Drug,sodium tetradecyl sulfate,,DrugBank|NCBI,
Drug:DB01250,Olsalazine,Drug,olsalazine,,DrugBank|NCBI,
Gene:3458,IFNG,Gene,IFNG,,DrugBank|MONDO|MONDO_grouped|NCBI|REACTOME,
Drug:DB05110,VIR201,Drug,vir201,,DrugBank|NCBI,
Drug:DB05111,Fontolizumab,Drug,fontolizumab,,DrugBank|NCBI,
Drug:DB14724,Emapalumab,Drug,emapalumab,,DrugBank|NCBI,
Gene:3362,HTR6,Gene,HTR6,,DrugBank|MONDO_grouped|NCBI|REACTOME,
Drug:DB05042,SGS518,Drug,sgs518,,DrugBank|NCBI,
Drug:DB05993,PRX-07034,Drug,prx-07034,,DrugBank|NCBI,
Drug:DB06140,SUVN-502,Drug,suvn-502,,DrugBank|NCBI,
Drug:DB03635,Ethanesulfonic acid,Drug,ethanesulfonic acid,,DrugBank|NCBI,
Gene:5473,PPBP,Gene,PPBP,,DrugBank|MONDO|NCBI|REACTOME,
Gene:387129,NPSR1,Gene,NPSR1,,DrugBank|MONDO_grouped|NCBI|REACTOME,
Drug:DB11626,Tasonermin,Drug,tasonermin,,DrugBank|NCBI,
Gene:7133,TNFRSF1B,Gene,TNFRSF1B,,DrugBank|MONDO_grouped|NCBI|REACTOME,
Drug:DB02029,N-Cyclohexyl-N'-(4-Iodophenyl)Urea,Drug,n-cyclohexyl-n'-(4-iodophenyl)urea,,DrugBank|NCBI,
Gene:2053,EPHX2,Gene,EPHX2,,DrugBank|MONDO_grouped|NCBI|REACTOME,
Drug:DB03677,N-Cyclohexyl-N'-Decylurea,Drug,n-cyclohexyl-n'-decylurea,,DrugBank|NCBI,
Drug:DB04213,N-Cyclohexyl-N'-(Propyl)Phenyl Urea,Drug,n-cyclohexyl-n'-(propyl)phenyl urea,,DrugBank|NCBI,
Drug:DB06345,AR-9281,Drug,ar-9281,,DrugBank|NCBI,
Drug:DB08256,N-[(CYCLOHEXYLAMINO)CARBONYL]GLYCINE,Drug,n-[(cyclohexylamino)carbonyl]glycine,,DrugBank|NCBI,
Drug:DB08257,4-{[(CYCLOHEXYLAMINO)CARBONYL]AMINO}BUTANOIC ACID,Drug,4-{[(cyclohexylamino)carbonyl]amino}butanoic acid,,DrugBank|NCBI,
Drug:DB08258,6-{[(CYCLOHEXYLAMINO)CARBONYL]AMINO}HEXANOIC ACID,Drug,6-{[(cyclohexylamino)carbonyl]amino}hexanoic acid,,DrugBank|NCBI,
Drug:DB08259,7-{[(CYCLOHEXYLAMINO)CARBONYL]AMINO}HEPTANOIC ACID,Drug,7-{[(cyclohexylamino)carbonyl]amino}heptanoic acid,,DrugBank|NCBI,
Drug:DB12610,Ebselen,Drug,ebselen,,DrugBank|NCBI,
Drug:DB02902,3'-phospho-5'-adenylyl sulfate,Drug,3'-phospho-5'-adenylyl sulfate,,DrugBank|NCBI,
Drug:DB01998,"2-[3,4-Dihydroxy-2-Hydroxymethyl-5-(2-Hydroxy-Nonyl)-Tetrahydro-Furan-2-Yloxy]-6-Hydroxymethyl-Tetra Hydro-Pyran-3,4,5-Triol",Drug,"2-[3,4-dihydroxy-2-hydroxymethyl-5-(2-hydroxy-nonyl)-tetrahydro-furan-2-yloxy]-6-hydroxymethyl-tetra hydro-pyran-3,4,5-triol",,DrugBank|NCBI,
Drug:DB05481,Recombinant alpha 1-antitrypsin,Drug,recombinant alpha 1-antitrypsin,,DrugBank|NCBI,
Drug:DB05961,PPL-100,Drug,ppl-100,,DrugBank|NCBI,
Drug:DB00364,Sucralfate,Drug,sucralfate,,DrugBank|NCBI,
Gene:1950,EGF,Gene,EGF,,DrugBank|MONDO|MONDO_grouped|NCBI|REACTOME,
Drug:DB04454,Alpha-Aminobutyric Acid,Drug,alpha-aminobutyric acid,,DrugBank|NCBI,
Gene:5295,PIK3R1,Gene,PIK3R1,,DrugBank|MONDO|NCBI|REACTOME,
Drug:DB05210,SF1126,Drug,sf1126,,DrugBank|NCBI,
Drug:DB08059,Wortmannin,Drug,wortmannin,,DrugBank|NCBI,
Gene:1385,CREB1,Gene,CREB1,,DrugBank|MONDO_grouped|NCBI|REACTOME,
Drug:DB01034,Cerulenin,Drug,cerulenin,,DrugBank|NCBI,
Gene:2194,FASN,Gene,FASN,,DrugBank|MONDO|MONDO_grouped|NCBI|REACTOME,
Drug:DB02303,"(5S)-5-Iododihydro-2,4(1H,3H)-pyrimidinedione",Drug,"(5s)-5-iododihydro-2,4(1h,3h)-pyrimidinedione",,DrugBank|NCBI,
Drug:DB02338,NADPH,Drug,nadph,,DrugBank|NCBI,
Drug:DB03048,6-Carboxymethyluracil,Drug,6-carboxymethyluracil,,DrugBank|NCBI,
Drug:DB03419,Uracil,Drug,uracil,,DrugBank|NCBI,
Drug:DB03516,Eniluracil,Drug,eniluracil,,DrugBank|NCBI,
Drug:DB03554,5-Iodouracil,Drug,5-iodouracil,,DrugBank|NCBI,
Drug:DB09257,Gimeracil,Drug,gimeracil,,DrugBank|NCBI,
Gene:3576,CXCL8,Gene,CXCL8,,DrugBank|MONDO|MONDO_grouped|NCBI|REACTOME,
Drug:DB05484,MDX-018,Drug,mdx-018,,DrugBank|NCBI,
Gene:2739,GLO1,Gene,GLO1,,DrugBank|MONDO_grouped|NCBI|REACTOME,
Drug:DB03130,S-P-Nitrobenzyloxycarbonylglutathione,Drug,s-p-nitrobenzyloxycarbonylglutathione,,DrugBank|NCBI,
Drug:DB03330,S-(N-hydroxy-N-iodophenylcarbamoyl)glutathione,Drug,s-(n-hydroxy-n-iodophenylcarbamoyl)glutathione,,DrugBank|NCBI,
Drug:DB08179,"methyl 4-(2,3-dihydroxy-5-methylphenoxy)-2-hydroxy-6-methylbenzoate",Drug,"methyl 4-(2,3-dihydroxy-5-methylphenoxy)-2-hydroxy-6-methylbenzoate",,DrugBank|NCBI,
Gene:4322,MMP13,Gene,MMP13,,DrugBank|MONDO|NCBI|REACTOME,
Drug:DB01996,3-Methylpyridine,Drug,3-methylpyridine,,DrugBank|NCBI,
Drug:DB02049,2-{4-[4-(4-Chloro-Phenoxy)-Benzenesulfonyl]-Tetrahydro-Pyran-4-Yl}-N-Hydroxy-Acetamide,Drug,2-{4-[4-(4-chloro-phenoxy)-benzenesulfonyl]-tetrahydro-pyran-4-yl}-n-hydroxy-acetamide,,DrugBank|NCBI,
Drug:DB02071,WAY-151693,Drug,way-151693,,DrugBank|NCBI,
Drug:DB02697,Hydroxyaminovaline,Drug,hydroxyaminovaline,,DrugBank|NCBI,
Drug:DB03033,4-methoxybenzenesulfinate,Drug,4-methoxybenzenesulfinate,,DrugBank|NCBI,
Drug:DB04759,"PYRIMIDINE-4,6-DICARBOXYLIC ACID BIS-(3-METHYL-BENZYLAMIDE)",Drug,"pyrimidine-4,6-dicarboxylic acid bis-(3-methyl-benzylamide)",,DrugBank|NCBI,
Drug:DB04760,"PYRIMIDINE-4,6-DICARBOXYLIC ACID BIS-(4-FLUORO-3-METHYL-BENZYLAMIDE)",Drug,"pyrimidine-4,6-dicarboxylic acid bis-(4-fluoro-3-methyl-benzylamide)",,DrugBank|NCBI,
Drug:DB04761,"PYRIMIDINE-4,6-DICARBOXYLIC ACID BIS-[(PYRIDIN-3-YLMETHYL)-AMIDE]",Drug,"pyrimidine-4,6-dicarboxylic acid bis-[(pyridin-3-ylmethyl)-amide]",,DrugBank|NCBI,
Drug:DB07013,TERT-BUTYL 4-({[4-(BUT-2-YN-1-YLAMINO)PHENYL]SULFONYL}METHYL)-4-[(HYDROXYAMINO)CARBONYL]PIPERIDINE-1-CARBOXYLATE,Drug,tert-butyl 4-({[4-(but-2-yn-1-ylamino)phenyl]sulfonyl}methyl)-4-[(hydroxyamino)carbonyl]piperidine-1-carboxylate,,DrugBank|NCBI,
Drug:DB07827,"4-{[1-METHYL-2,4-DIOXO-6-(3-PHENYLPROP-1-YN-1-YL)-1,4-DIHYDROQUINAZOLIN-3(2H)-YL]METHYL}BENZOIC ACID",Drug,"4-{[1-methyl-2,4-dioxo-6-(3-phenylprop-1-yn-1-yl)-1,4-dihydroquinazolin-3(2h)-yl]methyl}benzoic acid",,DrugBank|NCBI,
Drug:DB08388,"5-(2-ETHOXYETHYL)-5-[4-(4-FLUOROPHENOXY)PHENOXY]PYRIMIDINE-2,4,6(1H,3H,5H)-TRIONE",Drug,"5-(2-ethoxyethyl)-5-[4-(4-fluorophenoxy)phenoxy]pyrimidine-2,4,6(1h,3h,5h)-trione",,DrugBank|NCBI,
Drug:DB08490,CTS-1027,Drug,cts-1027,,DrugBank|NCBI,
Drug:DB08561,"BENZYL 6-BENZYL-5,7-DIOXO-6,7-DIHYDRO-5H-[1,3]THIAZOLO[3,2-C]PYRIMIDINE-2-CARBOXYLATE",Drug,"benzyl 6-benzyl-5,7-dioxo-6,7-dihydro-5h-[1,3]thiazolo[3,2-c]pyrimidine-2-carboxylate",,DrugBank|NCBI,
Gene:5055,SERPINB2,Gene,SERPINB2,,DrugBank|MONDO|NCBI|REACTOME,
Drug:DB04882,Edotecarin,Drug,edotecarin,,DrugBank|NCBI,
Drug:DB05630,Sodium stibogluconate,Drug,sodium stibogluconate,,DrugBank|NCBI,
Drug:DB05806,Cositecan,Drug,cositecan,,DrugBank|NCBI,
Drug:DB06069,XMT-1001,Drug,xmt-1001,,DrugBank|NCBI,
Drug:DB06159,Rubitecan,Drug,rubitecan,,DrugBank|NCBI,
Drug:DB07354,"2,3-DIMETHOXY-12H-[1,3]DIOXOLO[5,6]INDENO[1,2-C]ISOQUINOLIN-6-IUM",Drug,"2,3-dimethoxy-12h-[1,3]dioxolo[5,6]indeno[1,2-c]isoquinolin-6-ium",,DrugBank|NCBI,
Drug:DB08159,"4-(5,11-DIOXO-5H-INDENO[1,2-C]ISOQUINOLIN-6(11H)-YL)BUTANOATE",Drug,"4-(5,11-dioxo-5h-indeno[1,2-c]isoquinolin-6(11h)-yl)butanoate",,DrugBank|NCBI,
Drug:DB12893,Sacituzumab govitecan,Drug,sacituzumab govitecan,,DrugBank|NCBI,
Drug:DB05096,LY2140023,Drug,ly2140023,,DrugBank|NCBI,
Gene:2912,GRM2,Gene,GRM2,,DrugBank|MONDO_grouped|NCBI|REACTOME,
Gene:3667,IRS1,Gene,IRS1,,DrugBank|MONDO|MONDO_grouped|NCBI|REACTOME,
Drug:DB02763,5-Mercapto-2-Nitro-Benzoic Acid,Drug,5-mercapto-2-nitro-benzoic acid,,DrugBank|NCBI,
Gene:3593,IL12B,Gene,IL12B,,DrugBank|MONDO|MONDO_grouped|NCBI|REACTOME,
Drug:DB05459,Briakinumab,Drug,briakinumab,,DrugBank|NCBI,
Drug:DB05679,Ustekinumab,Drug,ustekinumab,,DrugBank|NCBI,
Drug:DB05848,humanized SMART Anti-IL-12 Antibody,Drug,humanized smart anti-il-12 antibody,,DrugBank|NCBI,
Gene:3613,IMPA2,Gene,IMPA2,,DrugBank|MONDO_grouped|NCBI|REACTOME,
Gene:7040,TGFB1,Gene,TGFB1,,DrugBank|MONDO|MONDO_grouped|NCBI|REACTOME,
Drug:DB06205,Hyaluronidase (human recombinant),Drug,hyaluronidase (human recombinant),,DrugBank|NCBI,
Drug:DB14740,Hyaluronidase,Drug,hyaluronidase,,DrugBank|NCBI,
Gene:1499,CTNNB1,Gene,CTNNB1,,DrugBank|MONDO|MONDO_grouped|NCBI|REACTOME,
Drug:DB02378,MMI-175,Drug,mmi-175,,DrugBank|NCBI,
Gene:23621,BACE1,Gene,BACE1,,DrugBank|MONDO_grouped|NCBI|REACTOME,
Drug:DB06073,CTS-21166,Drug,cts-21166,,DrugBank|NCBI,
Drug:DB06930,"N-[amino(imino)methyl]-2-(2,5-diphenyl-1H-pyrrol-1-yl)acetamide",Drug,"n-[amino(imino)methyl]-2-(2,5-diphenyl-1h-pyrrol-1-yl)acetamide",,DrugBank|NCBI,
Drug:DB07019,"N-[(5R,14R)-5-AMINO-5,14-DIMETHYL-4-OXO-3-OXA-18-AZATRICYCLO[15.3.1.1~7,11~]DOCOSA-1(21),7(22),8,10,17,19-HEXAEN-19-YL]-N-METHYLMETHANESULFONAMIDE",Drug,"n-[(5r,14r)-5-amino-5,14-dimethyl-4-oxo-3-oxa-18-azatricyclo[15.3.1.1~7,11~]docosa-1(21),7(22),8,10,17,19-hexaen-19-yl]-n-methylmethanesulfonamide",,DrugBank|NCBI,
Drug:DB07089,N-[amino(imino)methyl]-2-[2-(2-chlorophenyl)-4-(4-propoxyphenyl)-3-thienyl]acetamide,Drug,n-[amino(imino)methyl]-2-[2-(2-chlorophenyl)-4-(4-propoxyphenyl)-3-thienyl]acetamide,,DrugBank|NCBI,
Drug:DB07110,4-(4-FLUOROBENZYL)PIPERIDINE,Drug,4-(4-fluorobenzyl)piperidine,,DrugBank|NCBI,
Drug:DB07175,N-{2-methyl-5-[(6-phenylpyrimidin-4-yl)amino]phenyl}methanesulfonamide,Drug,n-{2-methyl-5-[(6-phenylpyrimidin-4-yl)amino]phenyl}methanesulfonamide,,DrugBank|NCBI,
Drug:DB07206,6-[2-(1H-INDOL-6-YL)ETHYL]PYRIDIN-2-AMINE,Drug,6-[2-(1h-indol-6-yl)ethyl]pyridin-2-amine,,DrugBank|NCBI,
Drug:DB07245,6-[2-(3'-METHOXYBIPHENYL-3-YL)ETHYL]PYRIDIN-2-AMINE,Drug,6-[2-(3'-methoxybiphenyl-3-yl)ethyl]pyridin-2-amine,,DrugBank|NCBI,
Drug:DB07281,"N~3~-BENZYLPYRIDINE-2,3-DIAMINE",Drug,"n~3~-benzylpyridine-2,3-diamine",,DrugBank|NCBI,
Drug:DB07284,"N~3~-(3-PYRIDIN-3-YLBENZYL)PYRIDINE-2,3-DIAMINE",Drug,"n~3~-(3-pyridin-3-ylbenzyl)pyridine-2,3-diamine",,DrugBank|NCBI,
Drug:DB07303,"N~3~-[3-(5-METHOXYPYRIDIN-3-YL)BENZYL]PYRIDINE-2,3-DIAMINE",Drug,"n~3~-[3-(5-methoxypyridin-3-yl)benzyl]pyridine-2,3-diamine",,DrugBank|NCBI,
Drug:DB07345,4-(2-aminoethyl)-2-cyclohexylphenol,Drug,4-(2-aminoethyl)-2-cyclohexylphenol,,DrugBank|NCBI,
Drug:DB07346,4-(2-aminoethyl)-2-ethylphenol,Drug,4-(2-aminoethyl)-2-ethylphenol,,DrugBank|NCBI,
Drug:DB07415,4-[(1S)-1-(3-fluoro-4-methoxyphenyl)-2-(2-methoxy-5-nitrophenyl)ethyl]-1H-imidazol-2-amine,Drug,4-[(1s)-1-(3-fluoro-4-methoxyphenyl)-2-(2-methoxy-5-nitrophenyl)ethyl]-1h-imidazol-2-amine,,DrugBank|NCBI,
Drug:DB07519,"(6R)-2-amino-6-[2-(3'-methoxybiphenyl-3-yl)ethyl]-3,6-dimethyl-5,6-dihydropyrimidin-4(3H)-one",Drug,"(6r)-2-amino-6-[2-(3'-methoxybiphenyl-3-yl)ethyl]-3,6-dimethyl-5,6-dihydropyrimidin-4(3h)-one",,DrugBank|NCBI,
Drug:DB07535,2-amino-6-[2-(1H-indol-6-yl)ethyl]pyrimidin-4(3H)-one,Drug,2-amino-6-[2-(1h-indol-6-yl)ethyl]pyrimidin-4(3h)-one,,DrugBank|NCBI,
Drug:DB07573,"(2S)-1-(2,5-dimethylphenoxy)-3-morpholin-4-ylpropan-2-ol",Drug,"(2s)-1-(2,5-dimethylphenoxy)-3-morpholin-4-ylpropan-2-ol",,DrugBank|NCBI,
Drug:DB07734,N-(1-benzylpiperidin-4-yl)-4-sulfanylbutanamide,Drug,n-(1-benzylpiperidin-4-yl)-4-sulfanylbutanamide,,DrugBank|NCBI,
Drug:DB07735,"N-[1-(2,6-dimethoxybenzyl)piperidin-4-yl]-4-sulfanylbutanamide",Drug,"n-[1-(2,6-dimethoxybenzyl)piperidin-4-yl]-4-sulfanylbutanamide",,DrugBank|NCBI,
Drug:DB07736,(2S)-4-(4-fluorobenzyl)-N-(2-sulfanylethyl)piperazine-2-carboxamide,Drug,(2s)-4-(4-fluorobenzyl)-n-(2-sulfanylethyl)piperazine-2-carboxamide,,DrugBank|NCBI,
Drug:DB07737,(2S)-4-(4-fluorobenzyl)-N-(3-sulfanylpropyl)piperazine-2-carboxamide,Drug,(2s)-4-(4-fluorobenzyl)-n-(3-sulfanylpropyl)piperazine-2-carboxamide,,DrugBank|NCBI,
Drug:DB07738,"N-[1-(5-bromo-2,3-dimethoxybenzyl)piperidin-4-yl]-4-sulfanylbutanamide",Drug,"n-[1-(5-bromo-2,3-dimethoxybenzyl)piperidin-4-yl]-4-sulfanylbutanamide",,DrugBank|NCBI,
Drug:DB07874,"(6S)-2-amino-6-(3'-methoxybiphenyl-3-yl)-3,6-dimethyl-5,6-dihydropyrimidin-4(3H)-one",Drug,"(6s)-2-amino-6-(3'-methoxybiphenyl-3-yl)-3,6-dimethyl-5,6-dihydropyrimidin-4(3h)-one",,DrugBank|NCBI,
Drug:DB07993,"N~3~-[3-(1H-INDOL-6-YL)BENZYL]PYRIDINE-2,3-DIAMINE",Drug,"n~3~-[3-(1h-indol-6-yl)benzyl]pyridine-2,3-diamine",,DrugBank|NCBI,
Drug:DB07994,"N~3~-[5-(1H-INDOL-6-YL)-2-(PYRIDIN-2-YLMETHOXY)BENZYL]PYRIDINE-2,3-DIAMINE",Drug,"n~3~-[5-(1h-indol-6-yl)-2-(pyridin-2-ylmethoxy)benzyl]pyridine-2,3-diamine",,DrugBank|NCBI,
Drug:DB08749,3-(2-AMINO-6-BENZOYLQUINAZOLIN-3(4H)-YL)-N-CYCLOHEXYL-N-METHYLPROPANAMIDE,Drug,3-(2-amino-6-benzoylquinazolin-3(4h)-yl)-n-cyclohexyl-n-methylpropanamide,,DrugBank|NCBI,
Drug:DB12285,Verubecestat,Drug,verubecestat,,DrugBank|NCBI,
Gene:6790,AURKA,Gene,AURKA,,DrugBank|MONDO|MONDO_grouped|NCBI|REACTOME,
Drug:DB05169,AT9283,Drug,at9283,,DrugBank|NCBI,
Drug:DB05220,Alisertib,Drug,alisertib,,DrugBank|NCBI,
Drug:DB06134,SNS-314,Drug,sns-314,,DrugBank|NCBI,
Drug:DB06347,Cenisertib,Drug,cenisertib,,DrugBank|NCBI,
Drug:DB07186,"4-(4-METHYLPIPERAZIN-1-YL)-N-[5-(2-THIENYLACETYL)-1,5-DIHYDROPYRROLO[3,4-C]PYRAZOL-3-YL]BENZAMIDE",Drug,"4-(4-methylpiperazin-1-yl)-n-[5-(2-thienylacetyl)-1,5-dihydropyrrolo[3,4-c]pyrazol-3-yl]benzamide",,DrugBank|NCBI,
Drug:DB07266,AKI-001,Drug,aki-001,,DrugBank|NCBI,
Drug:DB07360,"1-{5-[2-(thieno[3,2-d]pyrimidin-4-ylamino)ethyl]-1,3-thiazol-2-yl}-3-[3-(trifluoromethyl)phenyl]urea",Drug,"1-{5-[2-(thieno[3,2-d]pyrimidin-4-ylamino)ethyl]-1,3-thiazol-2-yl}-3-[3-(trifluoromethyl)phenyl]urea",,DrugBank|NCBI,
Drug:DB07362,"1-(5-{2-[(1-methyl-1H-pyrazolo[4,3-d]pyrimidin-7-yl)amino]ethyl}-1,3-thiazol-2-yl)-3-[3-(trifluoromethyl)phenyl]urea",Drug,"1-(5-{2-[(1-methyl-1h-pyrazolo[4,3-d]pyrimidin-7-yl)amino]ethyl}-1,3-thiazol-2-yl)-3-[3-(trifluoromethyl)phenyl]urea",,DrugBank|NCBI,
Drug:DB07545,N-{3-[(4-{[3-(TRIFLUOROMETHYL)PHENYL]AMINO}PYRIMIDIN-2-YL)AMINO]PHENYL}CYCLOPROPANECARBOXAMIDE,Drug,n-{3-[(4-{[3-(trifluoromethyl)phenyl]amino}pyrimidin-2-yl)amino]phenyl}cyclopropanecarboxamide,,DrugBank|NCBI,
Drug:DB07801,N-butyl-3-{[6-(9H-purin-6-ylamino)hexanoyl]amino}benzamide,Drug,n-butyl-3-{[6-(9h-purin-6-ylamino)hexanoyl]amino}benzamide,,DrugBank|NCBI,
Drug:DB08065,2-(1H-pyrazol-3-yl)-1H-benzimidazole,Drug,2-(1h-pyrazol-3-yl)-1h-benzimidazole,,DrugBank|NCBI,
Drug:DB08066,N-[3-(1H-BENZIMIDAZOL-2-YL)-1H-PYRAZOL-4-YL]BENZAMIDE,Drug,n-[3-(1h-benzimidazol-2-yl)-1h-pyrazol-4-yl]benzamide,,DrugBank|NCBI,
Drug:DB13061,MLN8054,Drug,mln8054,,DrugBank|NCBI,
Gene:11315,PARK7,Gene,PARK7,,DrugBank|MONDO|MONDO_grouped|NCBI|REACTOME,
Drug:DB01202,Levetiracetam,Drug,levetiracetam,,DrugBank|NCBI,
Gene:9900,SV2A,Gene,SV2A,,DrugBank|MONDO_grouped|NCBI|REACTOME,
Drug:DB01811,"3h-Indole-5,6-Diol",Drug,"3h-indole-5,6-diol",,DrugBank|NCBI,
Drug:DB03040,Nitrilotriacetic acid,Drug,nitrilotriacetic acid,,DrugBank|NCBI,
Drug:DB03485,alpha-D-Fucopyranose,Drug,alpha-d-fucopyranose,,DrugBank|NCBI,
Drug:DB06987,(R)-Atenolol,Drug,(r)-atenolol,,DrugBank|NCBI,
Gene:2182,ACSL4,Gene,ACSL4,,DrugBank|MONDO|MONDO_grouped|NCBI|REACTOME,
Gene:4193,MDM2,Gene,MDM2,,DrugBank|MONDO|NCBI|REACTOME,
Drug:DB02872,"Cis-[4,5-Bis-(4-Bromophenyl)-2-(2-Ethoxy-4-Methoxyphenyl)-4,5-Dihydroimidazol-1-Yl]-[4-(2-Hydroxyethyl)Piperazin-1-Yl]Methanone",Drug,"cis-[4,5-bis-(4-bromophenyl)-2-(2-ethoxy-4-methoxyphenyl)-4,5-dihydroimidazol-1-yl]-[4-(2-hydroxyethyl)piperazin-1-yl]methanone",,DrugBank|NCBI,
Drug:DB04144,"Cis-[4,5-Bis-(4-Chlorophenyl)-2-(2-Isopropoxy-4-Methoxyphenyl)-4,5-Dihyd Roimidazol-1-Yl]-Piperazin-1-Yl-Methanone",Drug,"cis-[4,5-bis-(4-chlorophenyl)-2-(2-isopropoxy-4-methoxyphenyl)-4,5-dihyd roimidazol-1-yl]-piperazin-1-yl-methanone",,DrugBank|NCBI,
Gene:5478,PPIA,Gene,PPIA,,DrugBank|MONDO|MONDO_grouped|NCBI|REACTOME,
Drug:DB01742,(3r)-1-Acetyl-3-Methylpiperidine,Drug,(3r)-1-acetyl-3-methylpiperidine,,DrugBank|NCBI,
Drug:DB02419,Ethyl Oxo(Piperidin-1-Yl)Acetate,Drug,ethyl oxo(piperidin-1-yl)acetate,,DrugBank|NCBI,
Drug:DB03393,Sanglifehrin A,Drug,sanglifehrin a,,DrugBank|NCBI,
Gene:2247,FGF2,Gene,FGF2,,DrugBank|MONDO|MONDO_grouped|NCBI|REACTOME,
Drug:DB03935,"1,4-Dideoxy-O2-Sulfo-Glucuronic Acid",Drug,"1,4-dideoxy-o2-sulfo-glucuronic acid",,DrugBank|NCBI,
Drug:DB03981,"1,4-Dideoxy-5-Dehydro-O2-Sulfo-Glucuronic Acid",Drug,"1,4-dideoxy-5-dehydro-o2-sulfo-glucuronic acid",,DrugBank|NCBI,
Gene:1432,MAPK14,Gene,MAPK14,,DrugBank|MONDO|MONDO_grouped|NCBI|REACTOME,
Drug:DB01761,4-[5-[2-(1-phenyl-ethylamino)-pyrimidin-4-yl]-1-methyl-4-(3-trifluoromethylphenyl)-1H-imidazol-2-yl]-piperidine,Drug,4-[5-[2-(1-phenyl-ethylamino)-pyrimidin-4-yl]-1-methyl-4-(3-trifluoromethylphenyl)-1h-imidazol-2-yl]-piperidine,,DrugBank|NCBI,
Drug:DB01807,"N-[(3Z)-5-Tert-butyl-2-phenyl-1,2-dihydro-3H-pyrazol-3-ylidene]-N'-(4-chlorophenyl)urea",Drug,"n-[(3z)-5-tert-butyl-2-phenyl-1,2-dihydro-3h-pyrazol-3-ylidene]-n'-(4-chlorophenyl)urea",,DrugBank|NCBI,
Drug:DB01948,"1-(2,6-Dichlorophenyl)-5-(2,4-Difluorophenyl)-7-Piperidin-4-Yl-3,4-Dihydroquinolin-2(1h)-One",Drug,"1-(2,6-dichlorophenyl)-5-(2,4-difluorophenyl)-7-piperidin-4-yl-3,4-dihydroquinolin-2(1h)-one",,DrugBank|NCBI,
Drug:DB01953,Inhibitor of P38 Kinase,Drug,inhibitor of p38 kinase,,DrugBank|NCBI,
Drug:DB01988,6((S)-3-Benzylpiperazin-1-Yl)-3-(Naphthalen-2-Yl)-4-(Pyridin-4-Yl)Pyrazine,Drug,6((s)-3-benzylpiperazin-1-yl)-3-(naphthalen-2-yl)-4-(pyridin-4-yl)pyrazine,,DrugBank|NCBI,
Drug:DB02195,"3-(4-Fluorophenyl)-1-Hydroxy-2-(Pyridin-4-Yl)-1h-Pyrrolo[3,2-B]Pyridine",Drug,"3-(4-fluorophenyl)-1-hydroxy-2-(pyridin-4-yl)-1h-pyrrolo[3,2-b]pyridine",,DrugBank|NCBI,
Drug:DB02277,1-(5-Tert-Butyl-2-Methyl-2h-Pyrazol-3-Yl)-3-(4-Chloro-Phenyl)-Urea,Drug,1-(5-tert-butyl-2-methyl-2h-pyrazol-3-yl)-3-(4-chloro-phenyl)-urea,,DrugBank|NCBI,
Drug:DB02352,3-(Benzyloxy)Pyridin-2-Amine,Drug,3-(benzyloxy)pyridin-2-amine,,DrugBank|NCBI,
Drug:DB02873,"1-(2,6-Dichlorophenyl)-5-(2,4-Difluorophenyl)-7-Piperazin-1-Yl-3,4-Dihydroquinazolin-2(1h)-One",Drug,"1-(2,6-dichlorophenyl)-5-(2,4-difluorophenyl)-7-piperazin-1-yl-3,4-dihydroquinazolin-2(1h)-one",,DrugBank|NCBI,
Drug:DB02984,"4-[3-Methylsulfanylanilino]-6,7-Dimethoxyquinazoline",Drug,"4-[3-methylsulfanylanilino]-6,7-dimethoxyquinazoline",,DrugBank|NCBI,
Drug:DB03044,Doramapimod,Drug,doramapimod,,DrugBank|NCBI,
Drug:DB03110,2-Chlorophenol,Drug,2-chlorophenol,,DrugBank|NCBI,
Drug:DB03980,4-(Fluorophenyl)-1-Cyclopropylmethyl-5-(2-Amino-4-Pyrimidinyl)Imidazole,Drug,4-(fluorophenyl)-1-cyclopropylmethyl-5-(2-amino-4-pyrimidinyl)imidazole,,DrugBank|NCBI,
Drug:DB04632,4-(2-HYDROXYBENZYLAMINO)-N-(3-(4-FLUOROPHENOXY)PHENYL)PIPERIDINE-1-SULFONAMIDE,Drug,4-(2-hydroxybenzylamino)-n-(3-(4-fluorophenoxy)phenyl)piperidine-1-sulfonamide,,DrugBank|NCBI,
Drug:DB04797,Triazolopyridine,Drug,triazolopyridine,,DrugBank|NCBI,
Drug:DB05157,KC706,Drug,kc706,,DrugBank|NCBI,
Drug:DB06518,R-1487,Drug,r-1487,,DrugBank|NCBI,
Drug:DB06940,"N-ethyl-4-{[5-(methoxycarbamoyl)-2-methylphenyl]amino}-5-methylpyrrolo[2,1-f][1,2,4]triazine-6-carboxamide",Drug,"n-ethyl-4-{[5-(methoxycarbamoyl)-2-methylphenyl]amino}-5-methylpyrrolo[2,1-f][1,2,4]triazine-6-carboxamide",,DrugBank|NCBI,
Drug:DB06991,"N-[2-methyl-5-(methylcarbamoyl)phenyl]-2-{[(1R)-1-methylpropyl]amino}-1,3-thiazole-5-carboxamide",Drug,"n-[2-methyl-5-(methylcarbamoyl)phenyl]-2-{[(1r)-1-methylpropyl]amino}-1,3-thiazole-5-carboxamide",,DrugBank|NCBI,
Drug:DB07138,Neflamapimod,Drug,neflamapimod,,DrugBank|NCBI,
Drug:DB07307,N-cyclopropyl-4-methyl-3-[1-(2-methylphenyl)phthalazin-6-yl]benzamide,Drug,n-cyclopropyl-4-methyl-3-[1-(2-methylphenyl)phthalazin-6-yl]benzamide,,DrugBank|NCBI,
Drug:DB07459,4-PHENOXY-N-(PYRIDIN-2-YLMETHYL)BENZAMIDE,Drug,4-phenoxy-n-(pyridin-2-ylmethyl)benzamide,,DrugBank|NCBI,
Drug:DB07607,4-[5-(3-IODO-PHENYL)-2-(4-METHANESULFINYL-PHENYL)-1H-IMIDAZOL-4-YL]-PYRIDINE,Drug,4-[5-(3-iodo-phenyl)-2-(4-methanesulfinyl-phenyl)-1h-imidazol-4-yl]-pyridine,,DrugBank|NCBI,
Drug:DB07811,"N-cyclopropyl-2',6-dimethyl-4'-(5-methyl-1,3,4-oxadiazol-2-yl)biphenyl-3-carboxamide",Drug,"n-cyclopropyl-2',6-dimethyl-4'-(5-methyl-1,3,4-oxadiazol-2-yl)biphenyl-3-carboxamide",,DrugBank|NCBI,
Drug:DB07829,4-[3-(4-FLUOROPHENYL)-1H-PYRAZOL-4-YL]PYRIDINE,Drug,4-[3-(4-fluorophenyl)-1h-pyrazol-4-yl]pyridine,,DrugBank|NCBI,
Drug:DB07832,"4-{4-[(5-hydroxy-2-methylphenyl)amino]quinolin-7-yl}-1,3-thiazole-2-carbaldehyde",Drug,"4-{4-[(5-hydroxy-2-methylphenyl)amino]quinolin-7-yl}-1,3-thiazole-2-carbaldehyde",,DrugBank|NCBI,
Drug:DB07833,"N-(3-cyanophenyl)-2'-methyl-5'-(5-methyl-1,3,4-oxadiazol-2-yl)-4-biphenylcarboxamide",Drug,"n-(3-cyanophenyl)-2'-methyl-5'-(5-methyl-1,3,4-oxadiazol-2-yl)-4-biphenylcarboxamide",,DrugBank|NCBI,
Drug:DB07834,"N-(cyclopropylmethyl)-2'-methyl-5'-(5-methyl-1,3,4-oxadiazol-2-yl)biphenyl-4-carboxamide",Drug,"n-(cyclopropylmethyl)-2'-methyl-5'-(5-methyl-1,3,4-oxadiazol-2-yl)biphenyl-4-carboxamide",,DrugBank|NCBI,
Drug:DB07835,"N~3~-cyclopropyl-N~4~'-(cyclopropylmethyl)-6-methylbiphenyl-3,4'-dicarboxamide",Drug,"n~3~-cyclopropyl-n~4~'-(cyclopropylmethyl)-6-methylbiphenyl-3,4'-dicarboxamide",,DrugBank|NCBI,
Drug:DB07941,PH-797804,Drug,ph-797804,,DrugBank|NCBI,
Drug:DB07942,2-fluoro-4-[4-(4-fluorophenyl)-1H-pyrazol-3-yl]pyridine,Drug,2-fluoro-4-[4-(4-fluorophenyl)-1h-pyrazol-3-yl]pyridine,,DrugBank|NCBI,
Drug:DB07943,SD-0006,Drug,sd-0006,,DrugBank|NCBI,
Drug:DB08064,N-(3-TERT-BUTYL-1H-PYRAZOL-5-YL)-N'-{4-CHLORO-3-[(PYRIDIN-3-YLOXY)METHYL]PHENYL}UREA,Drug,n-(3-tert-butyl-1h-pyrazol-5-yl)-n'-{4-chloro-3-[(pyridin-3-yloxy)methyl]phenyl}urea,,DrugBank|NCBI,
Drug:DB08068,N-[4-CHLORO-3-(PYRIDIN-3-YLOXYMETHYL)-PHENYL]-3-FLUORO-,Drug,n-[4-chloro-3-(pyridin-3-yloxymethyl)-phenyl]-3-fluoro-,,DrugBank|NCBI,
Drug:DB08091,3-FLUORO-5-MORPHOLIN-4-YL-N-[3-(2-PYRIDIN-4-YLETHYL)-1H-INDOL-5-YL]BENZAMIDE,Drug,3-fluoro-5-morpholin-4-yl-n-[3-(2-pyridin-4-ylethyl)-1h-indol-5-yl]benzamide,,DrugBank|NCBI,
Drug:DB08092,3-fluoro-N-1H-indol-5-yl-5-morpholin-4-ylbenzamide,Drug,3-fluoro-n-1h-indol-5-yl-5-morpholin-4-ylbenzamide,,DrugBank|NCBI,
Drug:DB08093,3-(1-NAPHTHYLMETHOXY)PYRIDIN-2-AMINE,Drug,3-(1-naphthylmethoxy)pyridin-2-amine,,DrugBank|NCBI,
Drug:DB08095,"3-(2-CHLOROPHENYL)-1-(2-{[(1S)-2-HYDROXY-1,2-DIMETHYLPROPYL]AMINO}PYRIMIDIN-4-YL)-1-(4-METHOXYPHENYL)UREA",Drug,"3-(2-chlorophenyl)-1-(2-{[(1s)-2-hydroxy-1,2-dimethylpropyl]amino}pyrimidin-4-yl)-1-(4-methoxyphenyl)urea",,DrugBank|NCBI,
Drug:DB08096,"8-(2-CHLOROPHENYLAMINO)-2-(2,6-DIFLUOROPHENYLAMINO)-9-ETHYL-9H-PURINE-1,7-DIIUM",Drug,"8-(2-chlorophenylamino)-2-(2,6-difluorophenylamino)-9-ethyl-9h-purine-1,7-diium",,DrugBank|NCBI,
Drug:DB08097,"2-(2,6-DIFLUOROPHENOXY)-N-(2-FLUOROPHENYL)-9-ISOPROPYL-9H-PURIN-8-AMINE",Drug,"2-(2,6-difluorophenoxy)-n-(2-fluorophenyl)-9-isopropyl-9h-purin-8-amine",,DrugBank|NCBI,
Drug:DB08242,"N,4-dimethyl-3-[(1-phenyl-1H-pyrazolo[3,4-d]pyrimidin-4-yl)amino]benzamide",Drug,"n,4-dimethyl-3-[(1-phenyl-1h-pyrazolo[3,4-d]pyrimidin-4-yl)amino]benzamide",,DrugBank|NCBI,
Drug:DB08349,"N-cyclopropyl-3-{[1-(2,4-difluorophenyl)-7-methyl-6-oxo-6,7-dihydro-1H-pyrazolo[3,4-b]pyridin-4-yl]amino}-4-methylbenzamide",Drug,"n-cyclopropyl-3-{[1-(2,4-difluorophenyl)-7-methyl-6-oxo-6,7-dihydro-1h-pyrazolo[3,4-b]pyridin-4-yl]amino}-4-methylbenzamide",,DrugBank|NCBI,
Drug:DB08351,N-cyclopropyl-4-methyl-3-{2-[(2-morpholin-4-ylethyl)amino]quinazolin-6-yl}benzamide,Drug,n-cyclopropyl-4-methyl-3-{2-[(2-morpholin-4-ylethyl)amino]quinazolin-6-yl}benzamide,,DrugBank|NCBI,
Drug:DB08352,"6-[4-(2-fluorophenyl)-1,3-oxazol-5-yl]-N-(1-methylethyl)-1,3-benzothiazol-2-amine",Drug,"6-[4-(2-fluorophenyl)-1,3-oxazol-5-yl]-n-(1-methylethyl)-1,3-benzothiazol-2-amine",,DrugBank|NCBI,
Drug:DB08395,2-(ETHOXYMETHYL)-4-(4-FLUOROPHENYL)-3-[2-(2-HYDROXYPHENOXY)PYRIMIDIN-4-YL]ISOXAZOL-5(2H)-ONE,Drug,2-(ethoxymethyl)-4-(4-fluorophenyl)-3-[2-(2-hydroxyphenoxy)pyrimidin-4-yl]isoxazol-5(2h)-one,,DrugBank|NCBI,
Drug:DB08423,[5-AMINO-1-(4-FLUOROPHENYL)-1H-PYRAZOL-4-YL][3-(PIPERIDIN-4-YLOXY)PHENYL]METHANONE,Drug,[5-amino-1-(4-fluorophenyl)-1h-pyrazol-4-yl][3-(piperidin-4-yloxy)phenyl]methanone,,DrugBank|NCBI,
Drug:DB08424,"[5-AMINO-1-(4-FLUOROPHENYL)-1H-PYRAZOL-4-YL](3-{[(2R)-2,3-DIHYDROXYPROPYL]OXY}PHENYL)METHANONE",Drug,"[5-amino-1-(4-fluorophenyl)-1h-pyrazol-4-yl](3-{[(2r)-2,3-dihydroxypropyl]oxy}phenyl)methanone",,DrugBank|NCBI,
Drug:DB08522,4-(4-FLUOROPHENYL)-1-CYCLOROPROPYLMETHYL-5-(4-PYRIDYL)-IMIDAZOLE,Drug,4-(4-fluorophenyl)-1-cycloropropylmethyl-5-(4-pyridyl)-imidazole,,DrugBank|NCBI,
Drug:DB08730,3-FLUORO-5-MORPHOLIN-4-YL-N-[1-(2-PYRIDIN-4-YLETHYL)-1H-INDOL-6-YL]BENZAMIDE,Drug,3-fluoro-5-morpholin-4-yl-n-[1-(2-pyridin-4-ylethyl)-1h-indol-6-yl]benzamide,,DrugBank|NCBI,
Gene:1392,CRH,Gene,CRH,,DrugBank|MONDO_grouped|NCBI|REACTOME,
Drug:DB02556,D-Phenylalanine,Drug,d-phenylalanine,,DrugBank|NCBI,
Drug:DB02952,2-aminoisobutyric acid,Drug,2-aminoisobutyric acid,,DrugBank|NCBI,
Gene:595,CCND1,Gene,CCND1,,DrugBank|MONDO|MONDO_grouped|NCBI|REACTOME,
Gene:3760,KCNJ3,Gene,KCNJ3,,DrugBank|MONDO_grouped|NCBI|REACTOME,
Drug:DB02451,B-nonylglucoside,Drug,b-nonylglucoside,,DrugBank|NCBI,
Gene:3558,IL2,Gene,IL2,,DrugBank|MONDO|MONDO_grouped|NCBI|REACTOME,
Drug:DB02555,SP4160,Drug,sp4160,,DrugBank|NCBI,
Drug:DB02581,"N(2)-carbamimidoyl-N-{2-[4-(3-{4-[(5-carboxyfuran-2-yl)methoxy]-2,3-dichlorophenyl}-1-methyl-1H-pyrazol-5-yl)piperidin-1-yl]-2-oxoethyl}-D-leucinamide",Drug,"n(2)-carbamimidoyl-n-{2-[4-(3-{4-[(5-carboxyfuran-2-yl)methoxy]-2,3-dichlorophenyl}-1-methyl-1h-pyrazol-5-yl)piperidin-1-yl]-2-oxoethyl}-d-leucinamide",,DrugBank|NCBI,
Drug:DB03372,"3-Mercapto-1-(1,3,4,9-Tetrahydro-B-Carbolin-2-Yl)-Propan-1-One",Drug,"3-mercapto-1-(1,3,4,9-tetrahydro-b-carbolin-2-yl)-propan-1-one",,DrugBank|NCBI,
Drug:DB03453,Methyl (2S)-2-[[2-[(3R)-1-carbamimidoylpiperidin-3-yl]acetyl]amino]-3-[4-(2-phenylethynyl)phenyl]propanoate,Drug,methyl (2s)-2-[[2-[(3r)-1-carbamimidoylpiperidin-3-yl]acetyl]amino]-3-[4-(2-phenylethynyl)phenyl]propanoate,,DrugBank|NCBI,
Drug:DB03455,(1H-indol-3-yl)-(2-mercapto-ethoxyimino)-acetic acid,Drug,(1h-indol-3-yl)-(2-mercapto-ethoxyimino)-acetic acid,,DrugBank|NCBI,
Drug:DB03957,SP2456,Drug,sp2456,,DrugBank|NCBI,
Drug:DB04278,2-[2-(2-Cyclohexyl-2-guanidino-acetylamino)-acetylamino]-N-(3-mercapto-propyl)-propionamide,Drug,2-[2-(2-cyclohexyl-2-guanidino-acetylamino)-acetylamino]-n-(3-mercapto-propyl)-propionamide,,DrugBank|NCBI,
Drug:DB05299,keyhole limpet hemocyanin,Drug,keyhole limpet hemocyanin,,DrugBank|NCBI,
Drug:DB05304,Girentuximab,Drug,girentuximab,,DrugBank|NCBI,
Drug:DB06584,TG4010,Drug,tg4010,,DrugBank|NCBI,
Drug:DB04877,Voacamine,Drug,voacamine,,DrugBank|NCBI,
Drug:DB04881,Elacridar,Drug,elacridar,,DrugBank|NCBI,
Drug:DB05449,FM-VP4,Drug,fm-vp4,,DrugBank|NCBI,
Drug:DB06191,Zosuquidar,Drug,zosuquidar,,DrugBank|NCBI,
Drug:DB06240,Tariquidar,Drug,tariquidar,,DrugBank|NCBI,
Drug:DB09031,Miltefosine,Drug,miltefosine,,DrugBank|NCBI,
Drug:DB14061,Hycanthone,Drug,hycanthone,,DrugBank|NCBI,
Drug:DB14062,Concanamycin A,Drug,concanamycin a,,DrugBank|NCBI,
Drug:DB14067,Dofequidar,Drug,dofequidar,,DrugBank|NCBI,
Drug:DB14069,ONT-093,Drug,ont-093,,DrugBank|NCBI,
Drug:DB14070,HM-30181,Drug,hm-30181,,DrugBank|NCBI,
Drug:DB14071,Desmethylsertraline,Drug,desmethylsertraline,,DrugBank|NCBI,
Drug:DB14072,Reversin 121,Drug,reversin 121,,DrugBank|NCBI,
Drug:DB04315,Guanosine-5'-Diphosphate,Drug,guanosine-5'-diphosphate,,DrugBank|NCBI,
Gene:3563,IL3RA,Gene,IL3RA,,DrugBank|MONDO_grouped|NCBI|REACTOME,
Drug:DB14731,Tagraxofusp,Drug,tagraxofusp,,DrugBank|NCBI,
Gene:4914,NTRK1,Gene,NTRK1,,DrugBank|MONDO_grouped|NCBI|REACTOME,
Drug:DB13926,Cenegermin,Drug,cenegermin,,DrugBank|NCBI,
Gene:3725,JUN,Gene,JUN,,DrugBank|MONDO|MONDO_grouped|NCBI|REACTOME,
Gene:11309,SLCO2B1,Gene,SLCO2B1,,DrugBank|MONDO|NCBI|REACTOME,
Drug:DB05202,Egaptivon pegol,Drug,egaptivon pegol,,DrugBank|NCBI,
Drug:DB06081,Caplacizumab,Drug,caplacizumab,,DrugBank|NCBI,
Drug:DB09108,Simoctocog alfa,Drug,simoctocog alfa,,DrugBank|NCBI,
Drug:DB11606,Susoctocog alfa,Drug,susoctocog alfa,,DrugBank|NCBI,
Drug:DB11607,Efmoroctocog alfa,Drug,efmoroctocog alfa,,DrugBank|NCBI,
Gene:134864,TAAR1,Gene,TAAR1,,DrugBank|MONDO_grouped|NCBI|REACTOME,
Gene:6514,SLC2A2,Gene,SLC2A2,,DrugBank|MONDO|MONDO_grouped|NCBI|REACTOME,
Gene:6347,CCL2,Gene,CCL2,,DrugBank|MONDO_grouped|NCBI|REACTOME,
Gene:3553,IL1B,Gene,IL1B,,DrugBank|MONDO|MONDO_grouped|NCBI|REACTOME,
Drug:DB05133,VP025,Drug,vp025,,DrugBank|NCBI,
Drug:DB05442,Etiprednol dicloacetate,Drug,etiprednol dicloacetate,,DrugBank|NCBI,
Drug:DB05507,VX-765,Drug,vx-765,,DrugBank|NCBI,
Drug:DB06168,Canakinumab,Drug,canakinumab,,DrugBank|NCBI,
Drug:DB06372,Rilonacept,Drug,rilonacept,,DrugBank|NCBI,
Drug:DB12119,Gevokizumab,Drug,gevokizumab,,DrugBank|NCBI,
Gene:6505,SLC1A1,Gene,SLC1A1,,DrugBank|MONDO_grouped|NCBI|REACTOME,
Drug:DB02377,Guanine,Drug,guanine,,DrugBank|NCBI,
Gene:2643,GCH1,Gene,GCH1,,DrugBank|MONDO_grouped|NCBI|REACTOME,
Drug:DB11059,Carboxymethylcellulose,Drug,carboxymethylcellulose,,DrugBank|NCBI,
Gene:5595,MAPK3,Gene,MAPK3,,DrugBank|MONDO|MONDO_grouped|NCBI|REACTOME,
Drug:DB04604,5-iodotubercidin,Drug,5-iodotubercidin,,DrugBank|NCBI,
Gene:2932,GSK3B,Gene,GSK3B,,DrugBank|MONDO|MONDO_grouped|NCBI|REACTOME,
Drug:DB01772,"3-[3-(2,3-Dihydroxy-Propylamino)-Phenyl]-4-(5-Fluoro-1-Methyl-1h-Indol-3-Yl)-Pyrrole-2,5-Dione",Drug,"3-[3-(2,3-dihydroxy-propylamino)-phenyl]-4-(5-fluoro-1-methyl-1h-indol-3-yl)-pyrrole-2,5-dione",,DrugBank|NCBI,
Drug:DB01793,SB-409513,Drug,sb-409513,,DrugBank|NCBI,
Drug:DB01950,AR-AO-14418,Drug,ar-ao-14418,,DrugBank|NCBI,
Drug:DB03444,6-bromoindirubin-3'-oxime,Drug,6-bromoindirubin-3'-oxime,,DrugBank|NCBI,
Drug:DB07014,"2-(1,3-benzodioxol-5-yl)-5-[(3-fluoro-4-methoxybenzyl)sulfanyl]-1,3,4-oxadiazole",Drug,"2-(1,3-benzodioxol-5-yl)-5-[(3-fluoro-4-methoxybenzyl)sulfanyl]-1,3,4-oxadiazole",,DrugBank|NCBI,
Drug:DB07058,"5-[1-(4-methoxyphenyl)-1H-benzimidazol-6-yl]-1,3,4-oxadiazole-2(3H)-thione",Drug,"5-[1-(4-methoxyphenyl)-1h-benzimidazol-6-yl]-1,3,4-oxadiazole-2(3h)-thione",,DrugBank|NCBI,
Drug:DB07149,"(7S)-2-(2-aminopyrimidin-4-yl)-7-(2-fluoroethyl)-1,5,6,7-tetrahydro-4H-pyrrolo[3,2-c]pyridin-4-one",Drug,"(7s)-2-(2-aminopyrimidin-4-yl)-7-(2-fluoroethyl)-1,5,6,7-tetrahydro-4h-pyrrolo[3,2-c]pyridin-4-one",,DrugBank|NCBI,
Drug:DB07676,"3-({[(3S)-3,4-dihydroxybutyl]oxy}amino)-1H,2'H-2,3'-biindol-2'-one",Drug,"3-({[(3s)-3,4-dihydroxybutyl]oxy}amino)-1h,2'h-2,3'-biindol-2'-one",,DrugBank|NCBI,
Drug:DB07812,"N-[(1S)-2-amino-1-phenylethyl]-5-(1H-pyrrolo[2,3-b]pyridin-4-yl)thiophene-2-carboxamide",Drug,"n-[(1s)-2-amino-1-phenylethyl]-5-(1h-pyrrolo[2,3-b]pyridin-4-yl)thiophene-2-carboxamide",,DrugBank|NCBI,
Drug:DB07859,4-(4-CHLOROPHENYL)-4-[4-(1H-PYRAZOL-4-YL)PHENYL]PIPERIDINE,Drug,4-(4-chlorophenyl)-4-[4-(1h-pyrazol-4-yl)phenyl]piperidine,,DrugBank|NCBI,
Drug:DB07947,ISOQUINOLINE-5-SULFONIC ACID (2-(2-(4-CHLOROBENZYLOXY)ETHYLAMINO)ETHYL)AMIDE,Drug,isoquinoline-5-sulfonic acid (2-(2-(4-chlorobenzyloxy)ethylamino)ethyl)amide,,DrugBank|NCBI,
Drug:DB08073,(2S)-1-(1H-INDOL-3-YL)-3-{[5-(3-METHYL-1H-INDAZOL-5-YL)PYRIDIN-3-YL]OXY}PROPAN-2-AMINE,Drug,(2s)-1-(1h-indol-3-yl)-3-{[5-(3-methyl-1h-indazol-5-yl)pyridin-3-yl]oxy}propan-2-amine,,DrugBank|NCBI,
Drug:DB12129,Tideglusib,Drug,tideglusib,,DrugBank|NCBI,
Gene:9429,ABCG2,Gene,ABCG2,,DrugBank|MONDO|NCBI|REACTOME,
Gene:1244,ABCC2,Gene,ABCC2,,DrugBank|MONDO|NCBI|REACTOME,
Drug:DB00535,Cefdinir,Drug,cefdinir,,DrugBank|NCBI,
Gene:3265,HRAS,Gene,HRAS,,DrugBank|MONDO|MONDO_grouped|NCBI|REACTOME,
Drug:DB03226,Trifluoroethanol,Drug,trifluoroethanol,,DrugBank|NCBI,
Drug:DB04137,Guanosine-5'-Triphosphate,Drug,guanosine-5'-triphosphate,,DrugBank|NCBI,
Drug:DB08751,"N,N'-DIMETHYL-N-(ACETYL)-N'-(7-NITROBENZ-2-OXA-1,3-DIAZOL-4-YL)ETHYLENEDIAMINE",Drug,"n,n'-dimethyl-n-(acetyl)-n'-(7-nitrobenz-2-oxa-1,3-diazol-4-yl)ethylenediamine",,DrugBank|NCBI,
Gene:8398,PLA2G6,Gene,PLA2G6,,DrugBank|MONDO_grouped|NCBI|REACTOME,
Gene:983,CDK1,Gene,CDK1,,DrugBank|MONDO|MONDO_grouped|NCBI|REACTOME,
Drug:DB08142,AT-7519,Drug,at-7519,,DrugBank|NCBI,
Drug:DB01631,Methyl nonanoate,Drug,methyl nonanoate,,DrugBank|NCBI,
Gene:3934,LCN2,Gene,LCN2,,DrugBank|MONDO_grouped|NCBI|REACTOME,
Drug:DB01672,"2,3-Dihydroxy-Benzoic Acid",Drug,"2,3-dihydroxy-benzoic acid",,DrugBank|NCBI,
Drug:DB01926,Carboxymycobactin S,Drug,carboxymycobactin s,,DrugBank|NCBI,
Drug:DB02710,"2,3,-Dihydroxybenzoylserine",Drug,"2,3,-dihydroxybenzoylserine",,DrugBank|NCBI,
Drug:DB04043,Carboxymycobactin T,Drug,carboxymycobactin t,,DrugBank|NCBI,
Drug:DB04476,"Trencam-3,2-Hopo",Drug,"trencam-3,2-hopo",,DrugBank|NCBI,
Drug:DB00108,Natalizumab,Drug,natalizumab,,DrugBank|NCBI,
Gene:3383,ICAM1,Gene,ICAM1,,DrugBank|MONDO|MONDO_grouped|NCBI|REACTOME,
Drug:DB08818,Hyaluronic acid,Drug,hyaluronic acid,,DrugBank|NCBI,
Gene:4790,NFKB1,Gene,NFKB1,,DrugBank|MONDO|NCBI|REACTOME,
Drug:DB05451,P54,Drug,p54,,DrugBank|NCBI,
Drug:DB05464,NOX-700,Drug,nox-700,,DrugBank|NCBI,
Drug:DB05471,SGN-30,Drug,sgn-30,,DrugBank|NCBI,
Gene:4049,LTA,Gene,LTA,,DrugBank|MONDO_grouped|NCBI|REACTOME,
Gene:5327,PLAT,Gene,PLAT,,DrugBank|MONDO_grouped|NCBI|REACTOME,
Drug:DB07684,5-(DIMETHYLAMINO)-2-NAPHTHALENESULFONIC ACID,Drug,5-(dimethylamino)-2-naphthalenesulfonic acid,,DrugBank|NCBI,
Gene:2697,GJA1,Gene,GJA1,,DrugBank|MONDO|NCBI|REACTOME,
Gene:3309,HSPA5,Gene,HSPA5,,DrugBank|MONDO|MONDO_grouped|NCBI|REACTOME,
Gene:4133,MAP2,Gene,MAP2,,DrugBank|MONDO|NCBI,
Gene:6441,SFTPD,Gene,SFTPD,,DrugBank|MONDO|NCBI|REACTOME,
Drug:DB02007,alpha-D-glucose 6-phosphate,Drug,alpha-d-glucose 6-phosphate,,DrugBank|NCBI,
Drug:DB06266,Lonidamine,Drug,lonidamine,,DrugBank|MONDO|NCBI,
Gene:5879,RAC1,Gene,RAC1,,DrugBank|MONDO|MONDO_grouped|NCBI|REACTOME,
Drug:DB07776,Flavone,Drug,flavone,,DrugBank|NCBI,
Gene:7412,VCAM1,Gene,VCAM1,,DrugBank|MONDO|MONDO_grouped|NCBI|REACTOME,
Drug:DB05399,Succinobucol,Drug,succinobucol,,DrugBank|NCBI,
Gene:6507,SLC1A3,Gene,SLC1A3,,DrugBank|MONDO_grouped|NCBI|REACTOME,
Gene:4314,MMP3,Gene,MMP3,,DrugBank|MONDO|MONDO_grouped|NCBI|REACTOME,
Drug:DB01877,"N-Hydroxy 1n(4-Methoxyphenyl)Sulfonyl-4-(Z,E-N-Methoxyimino)Pyrrolidine-2r-Carboxamide",Drug,"n-hydroxy 1n(4-methoxyphenyl)sulfonyl-4-(z,e-n-methoxyimino)pyrrolidine-2r-carboxamide",,DrugBank|NCBI,
Drug:DB02090,A Disubstituted Succinyl Caprolactam Hydroxymate Mmp3inhibitor,Drug,a disubstituted succinyl caprolactam hydroxymate mmp3inhibitor,,DrugBank|NCBI,
Drug:DB02350,"N-Hydroxy-4-[(4-Methoxylphenyl)Sulfonyl]-2,2-Dimethyl-Hexahydro-1,4-Thiazepine-3(S)-Carboxamide",Drug,"n-hydroxy-4-[(4-methoxylphenyl)sulfonyl]-2,2-dimethyl-hexahydro-1,4-thiazepine-3(s)-carboxamide",,DrugBank|NCBI,
Drug:DB02367,(1n)-4-N-Butoxyphenylsulfonyl-(2r)-N-Hydroxycarboxamido-(4s)-Methanesulfonylamino-Pyrrolidine,Drug,(1n)-4-n-butoxyphenylsulfonyl-(2r)-n-hydroxycarboxamido-(4s)-methanesulfonylamino-pyrrolidine,,DrugBank|NCBI,
Drug:DB02449,3-(1h-Indol-3-Yl)-2-[4-(4-Phenyl-Piperidin-1-Yl)-Benzenesulfonylamino]-Propionic Acid,Drug,3-(1h-indol-3-yl)-2-[4-(4-phenyl-piperidin-1-yl)-benzenesulfonylamino]-propionic acid,,DrugBank|NCBI,
Drug:DB03368,"5-Methyl-5-(4-Phenoxy-Phenyl)-Pyrimidine-2,4,6-Trione",Drug,"5-methyl-5-(4-phenoxy-phenyl)-pyrimidine-2,4,6-trione",,DrugBank|NCBI,
Drug:DB04140,1-Benzyl-3-(4-Methoxy-Benzenesulfonyl)-6-Oxo-Hexahydro-Pyrimidine-4-Carboxylic Acid Hydroxyamide,Drug,1-benzyl-3-(4-methoxy-benzenesulfonyl)-6-oxo-hexahydro-pyrimidine-4-carboxylic acid hydroxyamide,,DrugBank|NCBI,
Drug:DB04232,N-Hydroxy-1-(4-Methoxyphenyl)Sulfonyl-4-Benzyloxycarbonyl-Piperazine-2-Carboxamide,Drug,n-hydroxy-1-(4-methoxyphenyl)sulfonyl-4-benzyloxycarbonyl-piperazine-2-carboxamide,,DrugBank|NCBI,
Drug:DB04416,"R-2-{[4'-Methoxy-(1,1'-Biphenyl)-4-Yl]-Sulfonyl}-Amino-6-Methoxy-Hex-4-Ynoic Acid",Drug,"r-2-{[4'-methoxy-(1,1'-biphenyl)-4-yl]-sulfonyl}-amino-6-methoxy-hex-4-ynoic acid",,DrugBank|NCBI,
Drug:DB07390,"2-[3-(5-Mercapto-[1,3,4]thiadiazol-2-yl)-ureido]-N-methyl-3-phenyl-propionamide",Drug,"2-[3-(5-mercapto-[1,3,4]thiadiazol-2-yl)-ureido]-n-methyl-3-phenyl-propionamide",,DrugBank|NCBI,
Drug:DB07986,[4-(4-PHENYL-PIPERIDIN-1-YL)-BENZENESULFONYLAMINO]-ACETIC ACID,Drug,[4-(4-phenyl-piperidin-1-yl)-benzenesulfonylamino]-acetic acid,,DrugBank|NCBI,
Drug:DB07987,"[2-(5-Mercapto-[1,3,4]thiadiazol-2-ylcarbamoyl)-1-phenyl-ethyl]-carbamic acid benzyl ester",Drug,"[2-(5-mercapto-[1,3,4]thiadiazol-2-ylcarbamoyl)-1-phenyl-ethyl]-carbamic acid benzyl ester",,DrugBank|NCBI,
Drug:DB07988,"2-[3-(5-Mercapto-[1,3,4]thiadiazol-2yl)-ureido]-N-methyl-3-pentafluorophenyl-propionamide",Drug,"2-[3-(5-mercapto-[1,3,4]thiadiazol-2yl)-ureido]-n-methyl-3-pentafluorophenyl-propionamide",,DrugBank|NCBI,
Drug:DB08029,N~2~-(biphenyl-4-ylsulfonyl)-N-hydroxy-N~2~-(2-hydroxyethyl)glycinamide,Drug,n~2~-(biphenyl-4-ylsulfonyl)-n-hydroxy-n~2~-(2-hydroxyethyl)glycinamide,,DrugBank|NCBI,
Drug:DB08030,3-[(4'-cyanobiphenyl-4-yl)oxy]-N-hydroxypropanamide,Drug,3-[(4'-cyanobiphenyl-4-yl)oxy]-n-hydroxypropanamide,,DrugBank|NCBI,
Drug:DB08271,N-ISOBUTYL-N-[4-METHOXYPHENYLSULFONYL]GLYCYL HYDROXAMIC ACID,Drug,n-isobutyl-n-[4-methoxyphenylsulfonyl]glycyl hydroxamic acid,,DrugBank|NCBI,
Drug:DB08507,N-[[2-METHYL-4-HYDROXYCARBAMOYL]BUT-4-YL-N]-BENZYL-P-[PHENYL]-P-[METHYL]PHOSPHINAMID,Drug,n-[[2-methyl-4-hydroxycarbamoyl]but-4-yl-n]-benzyl-p-[phenyl]-p-[methyl]phosphinamid,,DrugBank|NCBI,
Drug:DB08643,2-(2-{2-[(BIPHENYL-4-YLMETHYL)-AMINO]-3-MERCAPTO-PENTANOYLAMINO}-ACETYLAMINO)-3-METHYL-BUTYRIC ACID METHYL ESTER,Drug,2-(2-{2-[(biphenyl-4-ylmethyl)-amino]-3-mercapto-pentanoylamino}-acetylamino)-3-methyl-butyric acid methyl ester,,DrugBank|NCBI,
Gene:348,APOE,Gene,APOE,,DrugBank|MONDO|MONDO_grouped|NCBI|REACTOME,
Gene:3320,HSP90AA1,Gene,HSP90AA1,,DrugBank|MONDO|NCBI|REACTOME,
Drug:DB00716,Nedocromil,Drug,nedocromil,,DrugBank|NCBI,
Drug:DB02359,"9-Butyl-8-(2,5-Dimethoxy-Benzyl)-9h-Purin-6-Ylamine",Drug,"9-butyl-8-(2,5-dimethoxy-benzyl)-9h-purin-6-ylamine",,DrugBank|NCBI,
Drug:DB02424,Geldanamycin,Drug,geldanamycin,,DrugBank|NCBI,
Drug:DB02550,"8-(2-Chloro-3,4,5-Trimethoxy-Benzyl)-2-Fluoro-9-Pent-4-Ylnyl-9h-Purin-6-Ylamine",Drug,"8-(2-chloro-3,4,5-trimethoxy-benzyl)-2-fluoro-9-pent-4-ylnyl-9h-purin-6-ylamine",,DrugBank|NCBI,
Drug:DB02754,"9-Butyl-8-(3,4,5-Trimethoxybenzyl)-9h-Purin-6-Amine",Drug,"9-butyl-8-(3,4,5-trimethoxybenzyl)-9h-purin-6-amine",,DrugBank|NCBI,
Drug:DB02840,"4-(1,3-Benzodioxol-5-Yl)-5-(5-Ethyl-2,4-Dihydroxyphenyl)-2h-Pyrazole-3-Carboxylic Acid",Drug,"4-(1,3-benzodioxol-5-yl)-5-(5-ethyl-2,4-dihydroxyphenyl)-2h-pyrazole-3-carboxylic acid",,DrugBank|NCBI,
Drug:DB03093,"8-(2,5-Dimethoxy-Benzyl)-2-Fluoro-9h-Purin-6-Ylamine",Drug,"8-(2,5-dimethoxy-benzyl)-2-fluoro-9h-purin-6-ylamine",,DrugBank|NCBI,
Drug:DB03137,"8-(2,5-Dimethoxy-Benzyl)-2-Fluoro-9-Pent-9h-Purin-6-Ylamine",Drug,"8-(2,5-dimethoxy-benzyl)-2-fluoro-9-pent-9h-purin-6-ylamine",,DrugBank|NCBI,
Drug:DB03504,"9-Butyl-8-(2-Chloro-3,4,5-Trimethoxy-Benzyl)-9h-Purin-6-Ylamine",Drug,"9-butyl-8-(2-chloro-3,4,5-trimethoxy-benzyl)-9h-purin-6-ylamine",,DrugBank|NCBI,
Drug:DB03749,"4-(1h-Imidazol-4-Yl)-3-(5-Ethyl-2,4-Dihydroxy-Phenyl)-1h-Pyrazole",Drug,"4-(1h-imidazol-4-yl)-3-(5-ethyl-2,4-dihydroxy-phenyl)-1h-pyrazole",,DrugBank|NCBI,
Drug:DB03809,9-Butyl-8-(3-Methoxybenzyl)-9h-Purin-6-Amine,Drug,9-butyl-8-(3-methoxybenzyl)-9h-purin-6-amine,,DrugBank|NCBI,
Drug:DB03899,9-Butyl-8-(4-Methoxybenzyl)-9h-Purin-6-Amine,Drug,9-butyl-8-(4-methoxybenzyl)-9h-purin-6-amine,,DrugBank|NCBI,
Drug:DB04054,"9-Butyl-8-(2,5-Dimethoxy-Benzyl)-2-Fluoro-9h-Purin-6-Ylamine",Drug,"9-butyl-8-(2,5-dimethoxy-benzyl)-2-fluoro-9h-purin-6-ylamine",,DrugBank|NCBI,
Drug:DB04254,"8-Benzo[1,3]Dioxol-,5-Ylmethyl-9-Butyl-2-Fluoro-9h-Purin-6-Ylamine",Drug,"8-benzo[1,3]dioxol-,5-ylmethyl-9-butyl-2-fluoro-9h-purin-6-ylamine",,DrugBank|NCBI,
Drug:DB04505,"8-(2-Chloro-3,4,5-Trimethoxy-Benzyl)-9-Pent-4-Ylnyl-9h-Purin-6-Ylamine",Drug,"8-(2-chloro-3,4,5-trimethoxy-benzyl)-9-pent-4-ylnyl-9h-purin-6-ylamine",,DrugBank|NCBI,
Drug:DB04588,"N-[4-(AMINOSULFONYL)BENZYL]-5-(5-CHLORO-2,4-DIHYDROXYPHENYL)-1H-PYRAZOLE-4-CARBOXAMIDE",Drug,"n-[4-(aminosulfonyl)benzyl]-5-(5-chloro-2,4-dihydroxyphenyl)-1h-pyrazole-4-carboxamide",,DrugBank|NCBI,
Drug:DB06070,SNX-5422,Drug,snx-5422,,DrugBank|NCBI,
Drug:DB06956,"N-(4-ACETYLPHENYL)-5-(5-CHLORO-2,4-DIHYDROXYPHENYL)-1H-PYRAZOLE-4-CARBOXAMIDE",Drug,"n-(4-acetylphenyl)-5-(5-chloro-2,4-dihydroxyphenyl)-1h-pyrazole-4-carboxamide",,DrugBank|NCBI,
Drug:DB06957,"4-CHLORO-6-(4-{4-[4-(METHYLSULFONYL)BENZYL]PIPERAZIN-1-YL}-1H-PYRAZOL-5-YL)BENZENE-1,3-DIOL",Drug,"4-chloro-6-(4-{4-[4-(methylsulfonyl)benzyl]piperazin-1-yl}-1h-pyrazol-5-yl)benzene-1,3-diol",,DrugBank|NCBI,
Drug:DB06958,"5-(5-CHLORO-2,4-DIHYDROXYPHENYL)-N-ETHYL-4-PIPERAZIN-1-YL-1H-PYRAZOLE-3-CARBOXAMIDE",Drug,"5-(5-chloro-2,4-dihydroxyphenyl)-n-ethyl-4-piperazin-1-yl-1h-pyrazole-3-carboxamide",,DrugBank|NCBI,
Drug:DB06961,"5-(5-chloro-2,4-dihydroxyphenyl)-N-ethyl-4-[4-(morpholin-4-ylmethyl)phenyl]isoxazole-3-carboxamide",Drug,"5-(5-chloro-2,4-dihydroxyphenyl)-n-ethyl-4-[4-(morpholin-4-ylmethyl)phenyl]isoxazole-3-carboxamide",,DrugBank|NCBI,
Drug:DB06964,"5-(5-CHLORO-2,4-DIHYDROXYPHENYL)-N-ETHYL-4-(4-METHOXYPHENYL)ISOXAZOLE-3-CARBOXAMIDE",Drug,"5-(5-chloro-2,4-dihydroxyphenyl)-n-ethyl-4-(4-methoxyphenyl)isoxazole-3-carboxamide",,DrugBank|NCBI,
Drug:DB06969,"2-amino-4-[2,4-dichloro-5-(2-pyrrolidin-1-ylethoxy)phenyl]-N-ethylthieno[2,3-d]pyrimidine-6-carboxamide",Drug,"2-amino-4-[2,4-dichloro-5-(2-pyrrolidin-1-ylethoxy)phenyl]-n-ethylthieno[2,3-d]pyrimidine-6-carboxamide",,DrugBank|NCBI,
Drug:DB07100,"4-CHLORO-6-(4-PIPERAZIN-1-YL-1H-PYRAZOL-5-YL)BENZENE-1,3-DIOL",Drug,"4-chloro-6-(4-piperazin-1-yl-1h-pyrazol-5-yl)benzene-1,3-diol",,DrugBank|NCBI,
Drug:DB07317,(3E)-3-[(phenylamino)methylidene]dihydrofuran-2(3H)-one,Drug,(3e)-3-[(phenylamino)methylidene]dihydrofuran-2(3h)-one,,DrugBank|NCBI,
Drug:DB07319,"6-(3-BROMO-2-NAPHTHYL)-1,3,5-TRIAZINE-2,4-DIAMINE",Drug,"6-(3-bromo-2-naphthyl)-1,3,5-triazine-2,4-diamine",,DrugBank|NCBI,
Drug:DB07324,"3-({2-[(2-AMINO-6-METHYLPYRIMIDIN-4-YL)ETHYNYL]BENZYL}AMINO)-1,3-OXAZOL-2(3H)-ONE",Drug,"3-({2-[(2-amino-6-methylpyrimidin-4-yl)ethynyl]benzyl}amino)-1,3-oxazol-2(3h)-one",,DrugBank|NCBI,
Drug:DB07325,N-[(2-AMINO-6-METHYLPYRIMIDIN-4-YL)METHYL]-3-{[(E)-(2-OXODIHYDROFURAN-3(2H)-YLIDENE)METHYL]AMINO}BENZENESULFONAMIDE,Drug,n-[(2-amino-6-methylpyrimidin-4-yl)methyl]-3-{[(e)-(2-oxodihydrofuran-3(2h)-ylidene)methyl]amino}benzenesulfonamide,,DrugBank|NCBI,
Drug:DB07495,"5-(5-CHLORO-2,4-DIHYDROXYPHENYL)-N-ETHYL-4-(4-METHOXYPHENYL)-1H-PYRAZOLE-3-CARBOXAMIDE",Drug,"5-(5-chloro-2,4-dihydroxyphenyl)-n-ethyl-4-(4-methoxyphenyl)-1h-pyrazole-3-carboxamide",,DrugBank|NCBI,
Drug:DB07502,"4-bromo-6-(6-hydroxy-1,2-benzisoxazol-3-yl)benzene-1,3-diol",Drug,"4-bromo-6-(6-hydroxy-1,2-benzisoxazol-3-yl)benzene-1,3-diol",,DrugBank|NCBI,
Drug:DB07594,CCT-018159,Drug,cct-018159,,DrugBank|NCBI,
Drug:DB07601,"4-chloro-6-{5-[(2-morpholin-4-ylethyl)amino]-1,2-benzisoxazol-3-yl}benzene-1,3-diol",Drug,"4-chloro-6-{5-[(2-morpholin-4-ylethyl)amino]-1,2-benzisoxazol-3-yl}benzene-1,3-diol",,DrugBank|NCBI,
Drug:DB07877,"8-(6-BROMO-BENZO[1,3]DIOXOL-5-YLSULFANYL)-9-(3-ISOPROPYLAMINO-PROPYL)-ADENINE",Drug,"8-(6-bromo-benzo[1,3]dioxol-5-ylsulfanyl)-9-(3-isopropylamino-propyl)-adenine",,DrugBank|NCBI,
Drug:DB08194,"4-methyl-7,8-dihydro-5H-thiopyrano[4,3-d]pyrimidin-2-amine",Drug,"4-methyl-7,8-dihydro-5h-thiopyrano[4,3-d]pyrimidin-2-amine",,DrugBank|NCBI,
Drug:DB08197,"(5E,7S)-2-amino-7-(4-fluoro-2-pyridin-3-ylphenyl)-4-methyl-7,8-dihydroquinazolin-5(6H)-one oxime",Drug,"(5e,7s)-2-amino-7-(4-fluoro-2-pyridin-3-ylphenyl)-4-methyl-7,8-dihydroquinazolin-5(6h)-one oxime",,DrugBank|NCBI,
Drug:DB08436,"8-BENZO[1,3]DIOXOL-,5-YLMETHYL-9-BUTYL-9H-",Drug,"8-benzo[1,3]dioxol-,5-ylmethyl-9-butyl-9h-",,DrugBank|NCBI,
Drug:DB08442,"4-{[(2R)-2-(2-methylphenyl)pyrrolidin-1-yl]carbonyl}benzene-1,3-diol",Drug,"4-{[(2r)-2-(2-methylphenyl)pyrrolidin-1-yl]carbonyl}benzene-1,3-diol",,DrugBank|NCBI,
Drug:DB08443,"2-(1H-pyrrol-1-ylcarbonyl)benzene-1,3,5-triol",Drug,"2-(1h-pyrrol-1-ylcarbonyl)benzene-1,3,5-triol",,DrugBank|NCBI,
Drug:DB08557,"2-[(2-methoxyethyl)amino]-4-(4-oxo-1,2,3,4-tetrahydro-9H-carbazol-9-yl)benzamide",Drug,"2-[(2-methoxyethyl)amino]-4-(4-oxo-1,2,3,4-tetrahydro-9h-carbazol-9-yl)benzamide",,DrugBank|NCBI,
Drug:DB08786,4-(2-methoxyethoxy)-6-methylpyrimidin-2-amine,Drug,4-(2-methoxyethoxy)-6-methylpyrimidin-2-amine,,DrugBank|NCBI,
Drug:DB08787,"4-(2,4-dichlorophenyl)-5-phenyldiazenyl-pyrimidin-2-amine",Drug,"4-(2,4-dichlorophenyl)-5-phenyldiazenyl-pyrimidin-2-amine",,DrugBank|NCBI,
Drug:DB08788,"3,6-DIAMINO-5-CYANO-4-(4-ETHOXYPHENYL)THIENO[2,3-B]PYRIDINE-2-CARBOXAMIDE",Drug,"3,6-diamino-5-cyano-4-(4-ethoxyphenyl)thieno[2,3-b]pyridine-2-carboxamide",,DrugBank|NCBI,
Drug:DB08789,"2-AMINO-4-(2,4-DICHLOROPHENYL)-N-ETHYLTHIENO[2,3-D]PYRIMIDINE-6-CARBOXAMIDE",Drug,"2-amino-4-(2,4-dichlorophenyl)-n-ethylthieno[2,3-d]pyrimidine-6-carboxamide",,DrugBank|NCBI,
Drug:DB12442,Alvespimycin,Drug,alvespimycin,,DrugBank|NCBI,
Gene:3082,HGF,Gene,HGF,,DrugBank|MONDO|MONDO_grouped|NCBI|REACTOME,
Gene:780,DDR1,Gene,DDR1,,DrugBank|MONDO|MONDO_grouped|NCBI|REACTOME,
Drug:DB08813,Nadroparin,Drug,nadroparin,,DrugBank|NCBI,
Gene:2353,FOS,Gene,FOS,,DrugBank|MONDO|MONDO_grouped|NCBI|REACTOME,
Gene:4507,MTAP,Gene,MTAP,,DrugBank|MONDO|NCBI|REACTOME,
Drug:DB02158,"(2S,3S,4R,5S)-2-(4-Amino-4,5-dihydro-1H-pyrrolo[3,2-d]pyrimidin-7-yl)-5-[(methylsulfanyl)methyl]-3,4-pyrrolidinediol",Drug,"(2s,3s,4r,5s)-2-(4-amino-4,5-dihydro-1h-pyrrolo[3,2-d]pyrimidin-7-yl)-5-[(methylsulfanyl)methyl]-3,4-pyrrolidinediol",,DrugBank|NCBI,
Drug:DB02281,Formycin,Drug,formycin,,DrugBank|NCBI,
Drug:DB02282,5'-S-methyl-5'-thioadenosine,Drug,5'-s-methyl-5'-thioadenosine,,DrugBank|NCBI,
Drug:DB02933,5'-Deoxy-5'-(Methylthio)-Tubercidin,Drug,5'-deoxy-5'-(methylthio)-tubercidin,,DrugBank|NCBI,
Drug:DB00144,Phosphatidyl serine,Drug,phosphatidyl serine,,DrugBank|NCBI,
Gene:5578,PRKCA,Gene,PRKCA,,DrugBank|MONDO_grouped|NCBI|REACTOME,
Drug:DB05013,Ingenol mebutate,Drug,ingenol mebutate,,DrugBank|NCBI,
Drug:DB06451,Aprinocarsen,Drug,aprinocarsen,,DrugBank|NCBI,
Gene:5141,PDE4A,Gene,PDE4A,,DrugBank|MONDO_grouped|NCBI|REACTOME,
Drug:DB00975,Dipyridamole,Drug,dipyridamole,,DrugBank|NCBI,
Drug:DB06842,(4R)-4-(3-butoxy-4-methoxybenzyl)imidazolidin-2-one,Drug,(4r)-4-(3-butoxy-4-methoxybenzyl)imidazolidin-2-one,,DrugBank|NCBI,
Gene:6565,SLC15A2,Gene,SLC15A2,,DrugBank|MONDO|NCBI|REACTOME,
Drug:DB00713,Oxacillin,Drug,oxacillin,,DrugBank|NCBI,
Gene:2879,GPX4,Gene,GPX4,,DrugBank|MONDO|NCBI|REACTOME,
Drug:DB03507,"6-[3-(4-Morpholinyl)Propyl]-2-(3-Nitrophenyl)-5-Thioxo-5,6,-Dihydro-7h-Thienol[2',3':4,5]Pyrrolo[1,2-C]Imidazol-7-One",Drug,"6-[3-(4-morpholinyl)propyl]-2-(3-nitrophenyl)-5-thioxo-5,6,-dihydro-7h-thienol[2',3':4,5]pyrrolo[1,2-c]imidazol-7-one",,DrugBank|NCBI,
Gene:7132,TNFRSF1A,Gene,TNFRSF1A,,DrugBank|MONDO_grouped|NCBI|REACTOME,
Drug:DB07227,L-778123,Drug,l-778123,,DrugBank|NCBI,
Gene:5229,PGGT1B,Gene,PGGT1B,,DrugBank|MONDO|NCBI,
Drug:DB07841,Geranylgeranyl diphosphate,Drug,geranylgeranyl diphosphate,,DrugBank|NCBI,
Drug:DB08180,2-[METHYL-(5-GERANYL-4-METHYL-PENT-3-ENYL)-AMINO]-ETHYL-DIPHOSPHATE,Drug,2-[methyl-(5-geranyl-4-methyl-pent-3-enyl)-amino]-ethyl-diphosphate,,DrugBank|NCBI,
Drug:DB01597,Cilastatin,Drug,cilastatin,,DrugBank|NCBI,
Drug:DB05934,CTCE-0214,Drug,ctce-0214,,DrugBank|NCBI,
Gene:6387,CXCL12,Gene,CXCL12,,DrugBank|MONDO|MONDO_grouped|NCBI|REACTOME,
Drug:DB06822,Tinzaparin,Drug,tinzaparin,,DrugBank|NCBI,
Gene:3551,IKBKB,Gene,IKBKB,,DrugBank|MONDO|NCBI|REACTOME,
Drug:DB05183,MLN0415,Drug,mln0415,,DrugBank|NCBI,
Drug:DB00054,Abciximab,Drug,abciximab,,DrugBank|NCBI,
Drug:DB00063,Eptifibatide,Drug,eptifibatide,,DrugBank|NCBI,
Drug:DB00098,Antithymocyte immunoglobulin (rabbit),Drug,antithymocyte immunoglobulin (rabbit),,DrugBank|NCBI,
Drug:DB00775,Tirofiban,Drug,tirofiban,,DrugBank|NCBI,
Drug:DB04863,Lefradafiban,Drug,lefradafiban,,DrugBank|NCBI,
Drug:DB05787,LM-609,Drug,lm-609,,DrugBank|NCBI,
Drug:DB06472,Fradafiban,Drug,fradafiban,,DrugBank|NCBI,
Drug:DB15598,Ferric maltol,Drug,ferric maltol,,DrugBank|NCBI,
Drug:DB02628,"1-[3,3-Dimethyl-2-(2-Methylamino-Propionylamino)-Butyryl]-Pyrrolidine-2-Carboxylic Acid(1,2,3,4-Tetrahydro-Naphthalen-1-Yl)-Amide",Drug,"1-[3,3-dimethyl-2-(2-methylamino-propionylamino)-butyryl]-pyrrolidine-2-carboxylic acid(1,2,3,4-tetrahydro-naphthalen-1-yl)-amide",,DrugBank|NCBI,
Gene:331,XIAP,Gene,XIAP,,DrugBank|MONDO|NCBI|REACTOME,
Drug:DB04209,Dequalinium,Drug,dequalinium,,DrugBank|NCBI,
Drug:DB04612,"N-METHYLALANYL-3-METHYLVALYL-4-PHENOXY-N-(1,2,3,4-TETRAHYDRONAPHTHALEN-1-YL)PROLINAMIDE",Drug,"n-methylalanyl-3-methylvalyl-4-phenoxy-n-(1,2,3,4-tetrahydronaphthalen-1-yl)prolinamide",,DrugBank|NCBI,
Drug:DB06184,AEG35156,Drug,aeg35156,,DrugBank|NCBI,
Drug:DB00282,Pamidronic acid,Drug,pamidronic acid,,DrugBank|NCBI,
Gene:836,CASP3,Gene,CASP3,,DrugBank|MONDO_grouped|NCBI|REACTOME,
Drug:DB03124,5-[4-(1-Carboxymethyl-2-Oxo-Propylcarbamoyl)-Benzylsulfamoyl]-2-Hydroxy-Benzoic Acid,Drug,5-[4-(1-carboxymethyl-2-oxo-propylcarbamoyl)-benzylsulfamoyl]-2-hydroxy-benzoic acid,,DrugBank|NCBI,
Drug:DB05408,Emricasan,Drug,emricasan,,DrugBank|NCBI,
Drug:DB06255,Incadronic acid,Drug,incadronic acid,,DrugBank|NCBI,
Drug:DB06862,2-HYDROXY-5-(2-MERCAPTO-ETHYLSULFAMOYL)-BENZOIC ACID,Drug,2-hydroxy-5-(2-mercapto-ethylsulfamoyl)-benzoic acid,,DrugBank|NCBI,
Drug:DB07696,methyl (3S)-3-[(tert-butoxycarbonyl)amino]-4-oxopentanoate,Drug,methyl (3s)-3-[(tert-butoxycarbonyl)amino]-4-oxopentanoate,,DrugBank|NCBI,
Drug:DB08213,"1-METHYL-5-(2-PHENOXYMETHYL-PYRROLIDINE-1-SULFONYL)-1H-INDOLE-2,3-DIONE",Drug,"1-methyl-5-(2-phenoxymethyl-pyrrolidine-1-sulfonyl)-1h-indole-2,3-dione",,DrugBank|NCBI,
Drug:DB08229,[N-(3-dibenzylcarbamoyl-oxiranecarbonyl)-hydrazino]-acetic acid,Drug,[n-(3-dibenzylcarbamoyl-oxiranecarbonyl)-hydrazino]-acetic acid,,DrugBank|NCBI,
Drug:DB08251,4-[5-(2-CARBOXY-1-FORMYL-ETHYLCARBAMOYL)-PYRIDIN-3-YL]-BENZOIC ACID,Drug,4-[5-(2-carboxy-1-formyl-ethylcarbamoyl)-pyridin-3-yl]-benzoic acid,,DrugBank|NCBI,
Drug:DB08497,"(1S)-2-oxo-1-phenyl-2-[(1,3,4-trioxo-1,2,3,4-tetrahydroisoquinolin-5-yl)amino]ethyl acetate",Drug,"(1s)-2-oxo-1-phenyl-2-[(1,3,4-trioxo-1,2,3,4-tetrahydroisoquinolin-5-yl)amino]ethyl acetate",,DrugBank|NCBI,
Drug:DB08498,"(1S)-1-(3-chlorophenyl)-2-oxo-2-[(1,3,4-trioxo-1,2,3,4-tetrahydroisoquinolin-5-yl)amino]ethyl acetate",Drug,"(1s)-1-(3-chlorophenyl)-2-oxo-2-[(1,3,4-trioxo-1,2,3,4-tetrahydroisoquinolin-5-yl)amino]ethyl acetate",,DrugBank|NCBI,
Drug:DB08499,"N-[3-(2-fluoroethoxy)phenyl]-N'-(1,3,4-trioxo-1,2,3,4-tetrahydroisoquinolin-6-yl)butanediamide",Drug,"n-[3-(2-fluoroethoxy)phenyl]-n'-(1,3,4-trioxo-1,2,3,4-tetrahydroisoquinolin-6-yl)butanediamide",,DrugBank|NCBI,
Drug:DB00045,Lyme disease vaccine (recombinant OspA),Drug,lyme disease vaccine (recombinant ospa),,DrugBank|NCBI,
Gene:7097,TLR2,Gene,TLR2,,DrugBank|MONDO|MONDO_grouped|NCBI|REACTOME,
Drug:DB05475,Golotimod,Drug,golotimod,,DrugBank|NCBI,
Drug:DB11601,Tuberculin purified protein derivative,Drug,tuberculin purified protein derivative,,DrugBank|NCBI,
Gene:7184,HSP90B1,Gene,HSP90B1,,DrugBank|MONDO|NCBI|REACTOME,
Drug:DB02103,2-Chlorodideoxyadenosine,Drug,2-chlorodideoxyadenosine,,DrugBank|NCBI,
Drug:DB02935,Diglyme,Drug,diglyme,,DrugBank|NCBI,
Drug:DB03719,N-Ethyl-5'-Carboxamido Adenosine,Drug,n-ethyl-5'-carboxamido adenosine,,DrugBank|NCBI,
Drug:DB03758,Radicicol,Drug,radicicol,,DrugBank|NCBI,
Drug:DB08464,"METHYL 3-CHLORO-2-{3-[(2,5-DIHYDROXY-4-METHOXYPHENYL)AMINO]-3-OXOPROPYL}-4,6-DIHYDROXYBENZOATE",Drug,"methyl 3-chloro-2-{3-[(2,5-dihydroxy-4-methoxyphenyl)amino]-3-oxopropyl}-4,6-dihydroxybenzoate",,DrugBank|NCBI,
Drug:DB08465,"2-(3-AMINO-2,5,6-TRIMETHOXYPHENYL)ETHYL 5-CHLORO-2,4-DIHYDROXYBENZOATE",Drug,"2-(3-amino-2,5,6-trimethoxyphenyl)ethyl 5-chloro-2,4-dihydroxybenzoate",,DrugBank|NCBI,
Gene:27306,HPGDS,Gene,HPGDS,,DrugBank|MONDO_grouped|NCBI|REACTOME,
Drug:DB01897,2-(2f-Benzothiazolyl)-5-Styryl-3-(4f-Phthalhydrazidyl)Tetrazolium Chloride,Drug,2-(2f-benzothiazolyl)-5-styryl-3-(4f-phthalhydrazidyl)tetrazolium chloride,,DrugBank|NCBI,
Drug:DB07613,3-phenyl-5-(1H-pyrazol-3-yl)isoxazole,Drug,3-phenyl-5-(1h-pyrazol-3-yl)isoxazole,,DrugBank|NCBI,
Drug:DB07614,"PHENYL-5-(1H-PYRAZOL-3-YL)-1,3-THIAZOLE",Drug,"phenyl-5-(1h-pyrazol-3-yl)-1,3-thiazole",,DrugBank|NCBI,
Drug:DB07616,"4-{[4-(4-fluoro-3-methylphenyl)-1,3-thiazol-2-yl]amino}-2-hydroxybenzoic acid",Drug,"4-{[4-(4-fluoro-3-methylphenyl)-1,3-thiazol-2-yl]amino}-2-hydroxybenzoic acid",,DrugBank|NCBI,
Drug:DB07917,4-(BENZHYDRYLOXY)-1-[3-(1H-TETRAAZOL-5-YL)PROPYL]PIPERIDINE,Drug,4-(benzhydryloxy)-1-[3-(1h-tetraazol-5-yl)propyl]piperidine,,DrugBank|NCBI,
Drug:DB08313,Nocodazole,Drug,nocodazole,,DrugBank|NCBI,
Drug:DB08695,3-(4-nitrophenyl)-1H-pyrazole,Drug,3-(4-nitrophenyl)-1h-pyrazole,,DrugBank|NCBI,
Drug:DB08790,1-PHENYL-1H-PYRAZOLE-4-CARBOXYLIC ACID,Drug,1-phenyl-1h-pyrazole-4-carboxylic acid,,DrugBank|NCBI,
Gene:9619,ABCG1,Gene,ABCG1,,DrugBank|MONDO|NCBI|REACTOME,
Gene:302,ANXA2,Gene,ANXA2,,DrugBank|MONDO|MONDO_grouped|NCBI|REACTOME,
Gene:54106,TLR9,Gene,TLR9,,DrugBank|MONDO|NCBI|REACTOME,
Drug:DB05463,ISS-1018,Drug,iss-1018,,DrugBank|NCBI,
Drug:DB05530,CPG 10101,Drug,cpg 10101,,DrugBank|NCBI,
Gene:208,AKT2,Gene,AKT2,,DrugBank|MONDO|NCBI|REACTOME,
Gene:6285,S100B,Gene,S100B,,DrugBank|MONDO_grouped|NCBI|REACTOME,
Drug:DB05343,Arundic acid,Drug,arundic acid,,DrugBank|NCBI,
Drug:DB06941,(Z)-2-[2-(4-methylpiperazin-1-yl)benzyl]diazenecarbothioamide,Drug,(z)-2-[2-(4-methylpiperazin-1-yl)benzyl]diazenecarbothioamide,,DrugBank|NCBI,
Drug:DB07004,2-[(5-hex-1-yn-1-ylfuran-2-yl)carbonyl]-N-methylhydrazinecarbothioamide,Drug,2-[(5-hex-1-yn-1-ylfuran-2-yl)carbonyl]-n-methylhydrazinecarbothioamide,,DrugBank|NCBI,
Drug:DB00036,Coagulation factor VIIa Recombinant Human,Drug,coagulation factor viia recombinant human,,DrugBank|NCBI,
Gene:2152,F3,Gene,F3,,DrugBank|MONDO|NCBI|REACTOME,
Drug:DB06552,rNAPc2,Drug,rnapc2,,DrugBank|NCBI,
Drug:DB07207,2-(4-HYDROXY-5-PHENYL-1H-PYRAZOL-3-YL)-1H-BENZOIMIDAZOLE-5-CARBOXAMIDINE,Drug,2-(4-hydroxy-5-phenyl-1h-pyrazol-3-yl)-1h-benzoimidazole-5-carboxamidine,,DrugBank|NCBI,
Drug:DB07247,"[2'-HYDROXY-3'-(1H-PYRROLO[3,2-C]PYRIDIN-2-YL)-BIPHENYL-3-YLMETHYL]-UREA",Drug,"[2'-hydroxy-3'-(1h-pyrrolo[3,2-c]pyridin-2-yl)-biphenyl-3-ylmethyl]-urea",,DrugBank|NCBI,
Drug:DB08232,"[5-(5-Amino-1H-pyrrolo[3,2-b]pyridin-2-yl)-6-hydroxy-3'-nitro-3-biphenylyl]acetic acid",Drug,"[5-(5-amino-1h-pyrrolo[3,2-b]pyridin-2-yl)-6-hydroxy-3'-nitro-3-biphenylyl]acetic acid",,DrugBank|NCBI,
Drug:DB13150,Coagulation factor VII human,Drug,coagulation factor vii human,,DrugBank|NCBI,
Gene:2335,FN1,Gene,FN1,,DrugBank|MONDO|NCBI|REACTOME,
Drug:DB01927,Duroquinone,Drug,duroquinone,,DrugBank|NCBI,
Drug:DB02395,"3-Hydroxymethyl-5-Aziridinyl-1methyl-2-[1h-Indole-4,7-Dione]-Propanol",Drug,"3-hydroxymethyl-5-aziridinyl-1methyl-2-[1h-indole-4,7-dione]-propanol",,DrugBank|NCBI,
Drug:DB02400,ES-936,Drug,es-936,,DrugBank|NCBI,
Drug:DB03626,"5-Methoxy-1,2-Dimethyl-3-(Phenoxymethyl)Indole-4,7-Dione",Drug,"5-methoxy-1,2-dimethyl-3-(phenoxymethyl)indole-4,7-dione",,DrugBank|NCBI,
Drug:DB04090,RH-1,Drug,rh-1,,DrugBank|NCBI,
Drug:DB04392,"Bishydroxy[2h-1-Benzopyran-2-One,1,2-Benzopyrone]",Drug,"bishydroxy[2h-1-benzopyran-2-one,1,2-benzopyrone]",,DrugBank|NCBI,
Drug:DB07385,"3-(HYDROXYMETHYL)-1-METHYL-5-(2-METHYLAZIRIDIN-1-YL)-2-PHENYL-1H-INDOLE-4,7-DIONE",Drug,"3-(hydroxymethyl)-1-methyl-5-(2-methylaziridin-1-yl)-2-phenyl-1h-indole-4,7-dione",,DrugBank|NCBI,
Gene:10257,ABCC4,Gene,ABCC4,,DrugBank|MONDO|NCBI|REACTOME,
Gene:2946,GSTM2,Gene,GSTM2,,DrugBank|MONDO|MONDO_grouped|NCBI|REACTOME,
Drug:DB03310,Glutathione disulfide,Drug,glutathione disulfide,,DrugBank|NCBI,
Drug:DB04701,S-Methyl glutathione,Drug,s-methyl glutathione,,DrugBank|NCBI,
Drug:DB00659,Acamprosate,Drug,acamprosate,,DrugBank|NCBI,
Gene:2915,GRM5,Gene,GRM5,,DrugBank|MONDO_grouped|NCBI|REACTOME,
Drug:DB05070,ADX10059,Drug,adx10059,,DrugBank|NCBI,
Drug:DB12733,Dipraglurant,Drug,dipraglurant,,DrugBank|NCBI,
Gene:5170,PDPK1,Gene,PDPK1,,DrugBank|MONDO|NCBI|REACTOME,
Drug:DB01933,7-Hydroxystaurosporine,Drug,7-hydroxystaurosporine,,DrugBank|NCBI,
Drug:DB01946,Bisindolylmaleimide VIII,Drug,bisindolylmaleimide viii,,DrugBank|NCBI,
Drug:DB03777,Bisindolylmaleimide I,Drug,bisindolylmaleimide i,,DrugBank|NCBI,
Drug:DB04522,Dexfosfoserine,Drug,dexfosfoserine,,DrugBank|NCBI,
Drug:DB06932,"10,11-dimethoxy-4-methyldibenzo[c,f]-2,7-naphthyridine-3,6-diamine",Drug,"10,11-dimethoxy-4-methyldibenzo[c,f]-2,7-naphthyridine-3,6-diamine",,DrugBank|NCBI,
Drug:DB07033,5-HYDROXY-3-[(1R)-1-(1H-PYRROL-2-YL)ETHYL]-2H-INDOL-2-ONE,Drug,5-hydroxy-3-[(1r)-1-(1h-pyrrol-2-yl)ethyl]-2h-indol-2-one,,DrugBank|NCBI,
Drug:DB07132,1-{2-OXO-3-[(1R)-1-(1H-PYRROL-2-YL)ETHYL]-2H-INDOL-5-YL}UREA,Drug,1-{2-oxo-3-[(1r)-1-(1h-pyrrol-2-yl)ethyl]-2h-indol-5-yl}urea,,DrugBank|NCBI,
Drug:DB07300,"2-(1H-imidazol-1-yl)-9-methoxy-8-(2-methoxyethoxy)benzo[c][2,7]naphthyridin-4-amine",Drug,"2-(1h-imidazol-1-yl)-9-methoxy-8-(2-methoxyethoxy)benzo[c][2,7]naphthyridin-4-amine",,DrugBank|NCBI,
Drug:DB07456,"3-(1H-indol-3-yl)-4-(1-{2-[(2S)-1-methylpyrrolidinyl]ethyl}-1H-indol-3-yl)-1H-pyrrole-2,5-dione",Drug,"3-(1h-indol-3-yl)-4-(1-{2-[(2s)-1-methylpyrrolidinyl]ethyl}-1h-indol-3-yl)-1h-pyrrole-2,5-dione",,DrugBank|NCBI,
Drug:DB07457,"3-[1-(3-AMINOPROPYL)-1H-INDOL-3-YL]-4-(1H-INDOL-3-YL)-1H-PYRROLE-2,5-DIONE",Drug,"3-[1-(3-aminopropyl)-1h-indol-3-yl]-4-(1h-indol-3-yl)-1h-pyrrole-2,5-dione",,DrugBank|NCBI,
Gene:1080,CFTR,Gene,CFTR,,DrugBank|MONDO|NCBI|REACTOME,
Drug:DB02587,Colforsin,Drug,colforsin,,DrugBank|NCBI,
Drug:DB04941,Crofelemer,Drug,crofelemer,,DrugBank|NCBI,
Drug:DB06360,Lucatumumab,Drug,lucatumumab,,DrugBank|NCBI,
Gene:958,CD40,Gene,CD40,,DrugBank|MONDO|NCBI|REACTOME,
Drug:DB12589,Dacetuzumab,Drug,dacetuzumab,,DrugBank|NCBI,
Drug:DB00551,Acetohydroxamic acid,Drug,acetohydroxamic acid,,DrugBank|NCBI,
Drug:DB02118,CP-271485,Drug,cp-271485,,DrugBank|NCBI,
Drug:DB03367,PF-00356231,Drug,pf-00356231,,DrugBank|NCBI,
Drug:DB03880,Batimastat,Drug,batimastat,,DrugBank|NCBI,
Drug:DB04405,"2-[2-(1,3-Dioxo-1,3-Dihydro-2h-Isoindol-2-Yl)Ethyl]-4-(4'-Ethoxy-1,1'-Biphenyl-4-Yl)-4-Oxobutanoic Acid",Drug,"2-[2-(1,3-dioxo-1,3-dihydro-2h-isoindol-2-yl)ethyl]-4-(4'-ethoxy-1,1'-biphenyl-4-yl)-4-oxobutanoic acid",,DrugBank|NCBI,
Drug:DB07026,"(1S,5S,7R)-N~7~-(BIPHENYL-4-YLMETHYL)-N~3~-HYDROXY-6,8-DIOXA-3-AZABICYCLO[3.2.1]OCTANE-3,7-DICARBOXAMIDE",Drug,"(1s,5s,7r)-n~7~-(biphenyl-4-ylmethyl)-n~3~-hydroxy-6,8-dioxa-3-azabicyclo[3.2.1]octane-3,7-dicarboxamide",,DrugBank|NCBI,
Drug:DB07446,N-(biphenyl-4-ylsulfonyl)-D-leucine,Drug,n-(biphenyl-4-ylsulfonyl)-d-leucine,,DrugBank|NCBI,
Drug:DB07683,"N-(dibenzo[b,d]thiophen-3-ylsulfonyl)-L-valine",Drug,"n-(dibenzo[b,d]thiophen-3-ylsulfonyl)-l-valine",,DrugBank|NCBI,
Drug:DB07920,N-oxo-2-[(4-phenylphenyl)sulfonylamino]ethanamide,Drug,n-oxo-2-[(4-phenylphenyl)sulfonylamino]ethanamide,,DrugBank|NCBI,
Drug:DB07921,2-[(4-fluorophenyl)sulfonylamino]-N-oxo-ethanamide,Drug,2-[(4-fluorophenyl)sulfonylamino]-n-oxo-ethanamide,,DrugBank|NCBI,
Drug:DB07922,N-oxo-2-(phenylsulfonylamino)ethanamide,Drug,n-oxo-2-(phenylsulfonylamino)ethanamide,,DrugBank|NCBI,
Drug:DB08599,N-[(4-methoxyphenyl)sulfonyl]-D-alanine,Drug,n-[(4-methoxyphenyl)sulfonyl]-d-alanine,,DrugBank|NCBI,
Gene:2821,GPI,Gene,GPI,,DrugBank|MONDO|NCBI|REACTOME,
Drug:DB02076,6-phospho-D-gluconic acid,Drug,6-phospho-d-gluconic acid,,DrugBank|NCBI,
Drug:DB02093,5-phospho-D-arabinohydroxamic acid,Drug,5-phospho-d-arabinohydroxamic acid,,DrugBank|NCBI,
Drug:DB02548,D-glucitol 6-phosphate,Drug,d-glucitol 6-phosphate,,DrugBank|NCBI,
Drug:DB03042,5-Phosphoarabinonic Acid,Drug,5-phosphoarabinonic acid,,DrugBank|NCBI,
Drug:DB03581,Glucose-6-Phosphate,Drug,glucose-6-phosphate,,DrugBank|NCBI,
Drug:DB03937,D-erythrose 4-phosphate,Drug,d-erythrose 4-phosphate,,DrugBank|NCBI,
Drug:DB04493,Fructose-6-phosphate,Drug,fructose-6-phosphate,,DrugBank|NCBI,
Gene:2264,FGFR4,Gene,FGFR4,,DrugBank|MONDO|NCBI|REACTOME,
Gene:325,APCS,Gene,APCS,,DrugBank|MONDO|MONDO_grouped|NCBI|REACTOME,
Drug:DB01651,"Methyl 4,6-O-[(1R)-1-carboxyethylidene]-beta-D-galactopyranoside",Drug,"methyl 4,6-o-[(1r)-1-carboxyethylidene]-beta-d-galactopyranoside",,DrugBank|NCBI,
Drug:DB07579,"Bis-1,2-{[(Z)-2-carboxy-2-methyl-1,3-dioxane]-5-yloxycarbamoyl}-ethane",Drug,"bis-1,2-{[(z)-2-carboxy-2-methyl-1,3-dioxane]-5-yloxycarbamoyl}-ethane",,DrugBank|NCBI,
Drug:DB07580,"BIS-1,2-{[(Z)-2CARBOXY-2-METHYL-1,3-DIOXANE]-5-YLOXYCARBONYL}-PIPERAZINE",Drug,"bis-1,2-{[(z)-2carboxy-2-methyl-1,3-dioxane]-5-yloxycarbonyl}-piperazine",,DrugBank|NCBI,
Drug:DB01694,D-tartaric acid,Drug,d-tartaric acid,,DrugBank|NCBI,
Drug:DB01727,Isocitric Acid,Drug,isocitric acid,,DrugBank|NCBI,
Drug:DB01692,Dithioerythritol,Drug,dithioerythritol,,DrugBank|NCBI,
Drug:DB02452,Thymidine 5'-triphosphate,Drug,thymidine 5'-triphosphate,,DrugBank|NCBI,
Drug:DB03309,N-cyclohexyltaurine,Drug,n-cyclohexyltaurine,,DrugBank|NCBI,
Drug:DB01864,5'-Guanosine-Diphosphate-Monothiophosphate,Drug,5'-guanosine-diphosphate-monothiophosphate,,DrugBank|NCBI,
Drug:DB01972,Guanosine-5'-Monophosphate,Drug,guanosine-5'-monophosphate,,DrugBank|NCBI,
Drug:DB03152,B-2-Octylglucoside,Drug,b-2-octylglucoside,,DrugBank|NCBI,
Drug:DB01754,"3,4-Dihydroxy-1-Methylquinolin-2(1h)-One",Drug,"3,4-dihydroxy-1-methylquinolin-2(1h)-one",,DrugBank|NCBI,
Gene:5292,PIM1,Gene,PIM1,,DrugBank|MONDO|NCBI|REACTOME,
Drug:DB02656,LY-294002,Drug,ly-294002,,DrugBank|NCBI,
Drug:DB03650,(3e)-3-[(4-Hydroxyphenyl)Imino]-1h-Indol-2(3h)-One,Drug,(3e)-3-[(4-hydroxyphenyl)imino]-1h-indol-2(3h)-one,,DrugBank|NCBI,
Drug:DB04715,IMIDAZOPYRIDAZIN 1,Drug,imidazopyridazin 1,,DrugBank|NCBI,
Drug:DB07151,4-(4-hydroxy-3-methylphenyl)-6-phenylpyrimidin-2(5H)-one,Drug,4-(4-hydroxy-3-methylphenyl)-6-phenylpyrimidin-2(5h)-one,,DrugBank|NCBI,
Drug:DB07242,"(4R)-7,8-dichloro-1',9-dimethyl-1-oxo-1,2,4,9-tetrahydrospiro[beta-carboline-3,4'-piperidine]-4-carbonitrile",Drug,"(4r)-7,8-dichloro-1',9-dimethyl-1-oxo-1,2,4,9-tetrahydrospiro[beta-carboline-3,4'-piperidine]-4-carbonitrile",,DrugBank|NCBI,
Drug:DB07524,"N-phenyl-1H-pyrrolo[2,3-b]pyridin-3-amine",Drug,"n-phenyl-1h-pyrrolo[2,3-b]pyridin-3-amine",,DrugBank|NCBI,
Drug:DB08022,"(2S)-1,3-benzothiazol-2-yl{2-[(2-pyridin-3-ylethyl)amino]pyrimidin-4-yl}ethanenitrile",Drug,"(2s)-1,3-benzothiazol-2-yl{2-[(2-pyridin-3-ylethyl)amino]pyrimidin-4-yl}ethanenitrile",,DrugBank|NCBI,
Drug:DB08166,"(4R)-7-chloro-9-methyl-1-oxo-1,2,4,9-tetrahydrospiro[beta-carboline-3,4'-piperidine]-4-carbonitrile",Drug,"(4r)-7-chloro-9-methyl-1-oxo-1,2,4,9-tetrahydrospiro[beta-carboline-3,4'-piperidine]-4-carbonitrile",,DrugBank|NCBI,
Drug:DB08230,Tricetin,Drug,tricetin,,DrugBank|NCBI,
Drug:DB08705,"6-(5-BROMO-2-HYDROXYPHENYL)-2-OXO-4-PHENYL-1,2-DIHYDROPYRIDINE-3-CARBONITRILE",Drug,"6-(5-bromo-2-hydroxyphenyl)-2-oxo-4-phenyl-1,2-dihydropyridine-3-carbonitrile",,DrugBank|NCBI,
Drug:DB08707,"4-[3-(4-chlorophenyl)-2,1-benzisoxazol-5-yl]pyrimidin-2-amine",Drug,"4-[3-(4-chlorophenyl)-2,1-benzisoxazol-5-yl]pyrimidin-2-amine",,DrugBank|NCBI,
Drug:DB08708,"N-cyclohexyl-3-[3-(trifluoromethyl)phenyl][1,2,4]triazolo[4,3-b]pyridazin-6-amine",Drug,"n-cyclohexyl-3-[3-(trifluoromethyl)phenyl][1,2,4]triazolo[4,3-b]pyridazin-6-amine",,DrugBank|NCBI,
Drug:DB08709,"2,3-diphenyl-1H-indole-7-carboxylic acid",Drug,"2,3-diphenyl-1h-indole-7-carboxylic acid",,DrugBank|NCBI,
Gene:4018,LPA,Gene,LPA,,DrugBank|MONDO|MONDO_grouped|NCBI,
Gene:695,BTK,Gene,BTK,,DrugBank|MONDO|NCBI|REACTOME,
Drug:DB05204,XL418,Drug,xl418,,DrugBank|NCBI,
Gene:5144,PDE4D,Gene,PDE4D,,DrugBank|MONDO|MONDO_grouped|NCBI|REACTOME,
Drug:DB02676,"2-[3-(2-Hydroxy-1,1-Dihydroxymethyl-Ethylamino)-Propylamino]-2-Hydroxymethyl-Propane-1,3-Diol",Drug,"2-[3-(2-hydroxy-1,1-dihydroxymethyl-ethylamino)-propylamino]-2-hydroxymethyl-propane-1,3-diol",,DrugBank|NCBI,
Drug:DB02918,Zardaverine,Drug,zardaverine,,DrugBank|NCBI,
Drug:DB03183,"1-(4-Aminophenyl)-3,5-Dimethyl-1h-Pyrazole-4-Carboxylic Acid Ethyl Ester",Drug,"1-(4-aminophenyl)-3,5-dimethyl-1h-pyrazole-4-carboxylic acid ethyl ester",,DrugBank|NCBI,
Drug:DB04271,"3,5-Dimethyl-1h-Pyrazole-4-Carboxylic Acid Ethyl Ester",Drug,"3,5-dimethyl-1h-pyrazole-4-carboxylic acid ethyl ester",,DrugBank|NCBI,
Drug:DB04469,"1-(4-Methoxyphenyl)-3,5-Dimethyl-1h-Pyrazole-4-Carboxylic Acid Ethyl Ester",Drug,"1-(4-methoxyphenyl)-3,5-dimethyl-1h-pyrazole-4-carboxylic acid ethyl ester",,DrugBank|NCBI,
Drug:DB05298,Tetomilast,Drug,tetomilast,,DrugBank|NCBI,
Drug:DB07051,"3,5-DIMETHYL-1-PHENYL-1H-PYRAZOLE-4-CARBOXYLIC ACID ETHYL ESTER",Drug,"3,5-dimethyl-1-phenyl-1h-pyrazole-4-carboxylic acid ethyl ester",,DrugBank|NCBI,
Drug:DB07954,3-isobutyl-1-methyl-7H-xanthine,Drug,3-isobutyl-1-methyl-7h-xanthine,,DrugBank|NCBI,
Gene:54210,TREM1,Gene,TREM1,,DrugBank|MONDO|MONDO_grouped|NCBI|REACTOME,
Gene:10381,TUBB3,Gene,TUBB3,,DrugBank|MONDO|NCBI|REACTOME,
Drug:DB05147,CYT997,Drug,cyt997,,DrugBank|NCBI,
Drug:DB02169,"9,10-Deepithio-9,10-Didehydroacanthifolicin",Drug,"9,10-deepithio-9,10-didehydroacanthifolicin",,DrugBank|NCBI,
Gene:5501,PPP1CC,Gene,PPP1CC,,DrugBank|MONDO|NCBI|REACTOME,
Drug:DB02860,Calyculin A,Drug,calyculin a,,DrugBank|NCBI,
Drug:DB04738,Motuporin,Drug,motuporin,,DrugBank|NCBI,
Drug:DB02162,5'-O-(N-Ethyl-Sulfamoyl)Adenosine,Drug,5'-o-(n-ethyl-sulfamoyl)adenosine,,DrugBank|NCBI,
Drug:DB02183,Adenosine-5'-ditungstate,Drug,adenosine-5'-ditungstate,,DrugBank|NCBI,
Drug:DB02097,Cytidine,Drug,cytidine,,DrugBank|NCBI,
Gene:7371,UCK2,Gene,UCK2,,DrugBank|MONDO|NCBI|REACTOME,
Drug:DB02431,Cytidine-5'-Triphosphate,Drug,cytidine-5'-triphosphate,,DrugBank|NCBI,
Drug:DB03403,Cytidine-5'-Monophosphate,Drug,cytidine-5'-monophosphate,,DrugBank|NCBI,
Drug:DB04005,Uridine 5'-triphosphate,Drug,uridine 5'-triphosphate,,DrugBank|NCBI,
Gene:7518,XRCC4,Gene,XRCC4,,DrugBank|MONDO_grouped|NCBI|REACTOME,
Drug:DB03791,GW-3965,Drug,gw-3965,,DrugBank|NCBI,
Gene:7376,NR1H2,Gene,NR1H2,,DrugBank|MONDO|MONDO_grouped|NCBI|REACTOME,
Drug:DB03848,Benzenesulfinic acid,Drug,benzenesulfinic acid,,DrugBank|NCBI,
Drug:DB07082,"1,1,1,3,3,3-HEXAFLUORO-2-{4-[(2,2,2-TRIFLUOROETHYL)AMINO]PHENYL}PROPAN-2-OL",Drug,"1,1,1,3,3,3-hexafluoro-2-{4-[(2,2,2-trifluoroethyl)amino]phenyl}propan-2-ol",,DrugBank|NCBI,
Gene:27036,SIGLEC7,Gene,SIGLEC7,,DrugBank|MONDO|NCBI|REACTOME,
Gene:771,CA12,Gene,CA12,,DrugBank|MONDO|NCBI|REACTOME,
Gene:6768,ST14,Gene,ST14,,DrugBank|MONDO|NCBI|REACTOME,
Drug:DB13729,Camostat,Drug,camostat,,DrugBank|NCBI,
Gene:226,ALDOA,Gene,ALDOA,,DrugBank|MONDO|NCBI|REACTOME,
Drug:DB02512,"1,6-Fructose Diphosphate (Linear Form)",Drug,"1,6-fructose diphosphate (linear form)",,DrugBank|NCBI,
Drug:DB04326,Dihydroxyacetone phosphate,Drug,dihydroxyacetone phosphate,,DrugBank|NCBI,
Drug:DB04733,"1,6-DI-O-PHOSPHONO-D-MANNITOL",Drug,"1,6-di-o-phosphono-d-mannitol",,DrugBank|NCBI,
Drug:DB08240,N-(4-CHLOROPHENYL)-3-(PHOSPHONOOXY)NAPHTHALENE-2-CARBOXAMIDE,Drug,n-(4-chlorophenyl)-3-(phosphonooxy)naphthalene-2-carboxamide,,DrugBank|NCBI,
Drug:DB03216,"(1'R,2'S)-9-(2-Hydroxy-3'-Keto-Cyclopenten-1-yl)Adenine",Drug,"(1'r,2's)-9-(2-hydroxy-3'-keto-cyclopenten-1-yl)adenine",,DrugBank|NCBI,
Gene:191,AHCY,Gene,AHCY,,DrugBank|MONDO|NCBI|REACTOME,
Drug:DB03273,3'-Oxo-Adenosine,Drug,3'-oxo-adenosine,,DrugBank|NCBI,
Drug:DB03769,D-Eritadenine,Drug,d-eritadenine,,DrugBank|NCBI,
Drug:DB02373,Adenosine monotungstate,Drug,adenosine monotungstate,,DrugBank|NCBI,
Gene:2272,FHIT,Gene,FHIT,,DrugBank|MONDO|MONDO_grouped|NCBI,
Drug:DB04389,Ado-P-Ch2-P-Ps-Ado,Drug,ado-p-ch2-p-ps-ado,,DrugBank|NCBI,
Gene:142,PARP1,Gene,PARP1,,DrugBank|MONDO|NCBI|REACTOME,
Drug:DB02498,Carba-nicotinamide-adenine-dinucleotide,Drug,carba-nicotinamide-adenine-dinucleotide,,DrugBank|NCBI,
Drug:DB02690,NU1025,Drug,nu1025,,DrugBank|NCBI,
Drug:DB03072,"2-{3-[4-(4-Fluorophenyl)-3,6-Dihydro-1(2h)-Pyridinyl]Propyl}-8-Methyl-4(3h)-Quinazolinone",Drug,"2-{3-[4-(4-fluorophenyl)-3,6-dihydro-1(2h)-pyridinyl]propyl}-8-methyl-4(3h)-quinazolinone",,DrugBank|NCBI,
Drug:DB03073,3-Methoxybenzamide,Drug,3-methoxybenzamide,,DrugBank|NCBI,
Drug:DB03509,2-(4-Chlorophenyl)-5-Quinoxalinecarboxamide,Drug,2-(4-chlorophenyl)-5-quinoxalinecarboxamide,,DrugBank|NCBI,
Drug:DB03722,"3,4-Dihydro-5-Methyl-Isoquinolinone",Drug,"3,4-dihydro-5-methyl-isoquinolinone",,DrugBank|NCBI,
Drug:DB04010,2-(3'-Methoxyphenyl) Benzimidazole-4-Carboxamide,Drug,2-(3'-methoxyphenyl) benzimidazole-4-carboxamide,,DrugBank|NCBI,
Drug:DB07096,"6-AMINO-BENZO[DE]ISOQUINOLINE-1,3-DIONE",Drug,"6-amino-benzo[de]isoquinoline-1,3-dione",,DrugBank|NCBI,
Drug:DB07232,Veliparib,Drug,veliparib,,DrugBank|NCBI,
Drug:DB07330,A-620223,Drug,a-620223,,DrugBank|NCBI,
Drug:DB07787,"5-FLUORO-1-[4-(4-PHENYL-3,6-DIHYDROPYRIDIN-1(2H)-YL)BUTYL]QUINAZOLINE-2,4(1H,3H)-DIONE",Drug,"5-fluoro-1-[4-(4-phenyl-3,6-dihydropyridin-1(2h)-yl)butyl]quinazoline-2,4(1h,3h)-dione",,DrugBank|NCBI,
Drug:DB11760,Talazoparib,Drug,talazoparib,,DrugBank|NCBI,
Drug:DB11793,Niraparib,Drug,niraparib,,DrugBank|NCBI,
Drug:DB13877,Iniparib,Drug,iniparib,,DrugBank|NCBI,
Drug:DB01665,2H-Benzimidazol-2-amine,Drug,2h-benzimidazol-2-amine,,DrugBank|NCBI,
Drug:DB01705,Bis(5-Amidino-Benzimidazolyl)Methane,Drug,bis(5-amidino-benzimidazolyl)methane,,DrugBank|NCBI,
Drug:DB01737,"Nalpha-(2-Naphthylsulfonylglycyl)-3-Amidino-D,L-Phenylalanine-Isopropylester",Drug,"nalpha-(2-naphthylsulfonylglycyl)-3-amidino-d,l-phenylalanine-isopropylester",,DrugBank|NCBI,
Drug:DB01741,CRA_17693,Drug,cra_17693,,DrugBank|NCBI,
Drug:DB01745,N-Alpha-(2-Naphthylsulfonyl)-N(3-Amidino-L-Phenylalaninyl)Isopipecolinic Acid Methyl Ester,Drug,n-alpha-(2-naphthylsulfonyl)-n(3-amidino-l-phenylalaninyl)isopipecolinic acid methyl ester,,DrugBank|NCBI,
Drug:DB01771,CRA_10991,Drug,cra_10991,,DrugBank|NCBI,
Drug:DB01836,"[4-(6-Chloro-Naphthalene-2-Sulfonyl)-Piperazin-1-Yl]-(3,4,5,6-Tetrahydro-2h-[1,4']Bipyridinyl-4-Yl)-Methanone",Drug,"[4-(6-chloro-naphthalene-2-sulfonyl)-piperazin-1-yl]-(3,4,5,6-tetrahydro-2h-[1,4']bipyridinyl-4-yl)-methanone",,DrugBank|NCBI,
Drug:DB01876,Bis(5-Amidino-2-Benzimidazolyl)Methanone,Drug,bis(5-amidino-2-benzimidazolyl)methanone,,DrugBank|NCBI,
Drug:DB01939,5-Amidino-Benzimidazole,Drug,5-amidino-benzimidazole,,DrugBank|NCBI,
Drug:DB02045,Amylamine,Drug,amylamine,,DrugBank|NCBI,
Drug:DB02063,CRA_16847,Drug,cra_16847,,DrugBank|NCBI,
Drug:DB02081,Bis-Benzamidine,Drug,bis-benzamidine,,DrugBank|NCBI,
Drug:DB02084,CRA_17312,Drug,cra_17312,,DrugBank|NCBI,
Drug:DB02112,Zk-806450,Drug,zk-806450,,DrugBank|NCBI,
Drug:DB02269,[4-({[5-Benzyloxy-1-(3-Carbamimidoyl-Benzyl)-1h-Indole-2-Carbonyl]-Amino}-Methyl)-Phenyl]-Trimethyl-Ammonium,Drug,[4-({[5-benzyloxy-1-(3-carbamimidoyl-benzyl)-1h-indole-2-carbonyl]-amino}-methyl)-phenyl]-trimethyl-ammonium,,DrugBank|NCBI,
Drug:DB02288,CRA-9334,Drug,cra-9334,,DrugBank|NCBI,
Drug:DB02354,4-{[1-Methyl-5-(2-Methyl-Benzoimidazol-1-Ylmethyl)-1h-Benzoimidazol-2-Ylmethyl]-Amino}-Benzamidine,Drug,4-{[1-methyl-5-(2-methyl-benzoimidazol-1-ylmethyl)-1h-benzoimidazol-2-ylmethyl]-amino}-benzamidine,,DrugBank|NCBI,
Drug:DB02366,CRA_10762,Drug,cra_10762,,DrugBank|NCBI,
Drug:DB02435,Aminomethylcyclohexane,Drug,aminomethylcyclohexane,,DrugBank|NCBI,
Drug:DB02463,2-(2-Hydroxy-Phenyl)-1h-Indole-5-Carboxamidine,Drug,2-(2-hydroxy-phenyl)-1h-indole-5-carboxamidine,,DrugBank|NCBI,
Drug:DB02464,Benzylamine,Drug,benzylamine,,DrugBank|NCBI,
Drug:DB02665,"(1R,2S)-2-Phenylcyclopropanaminium",Drug,"(1r,2s)-2-phenylcyclopropanaminium",,DrugBank|NCBI,
Drug:DB02744,RPR131247,Drug,rpr131247,,DrugBank|NCBI,
Drug:DB02812,RWJ-56423,Drug,rwj-56423,,DrugBank|NCBI,
Drug:DB02875,CRA_1802,Drug,cra_1802,,DrugBank|NCBI,
Drug:DB02989,CRA_10972,Drug,cra_10972,,DrugBank|NCBI,
Drug:DB03016,CRA_1801,Drug,cra_1801,,DrugBank|NCBI,
Drug:DB03081,"[N-[N-(4-Methoxy-2,3,6-trimethylphenylsulfonyl)-L-aspartyl]-D-(4-amidino-phenylalanyl)]-piperidine",Drug,"[n-[n-(4-methoxy-2,3,6-trimethylphenylsulfonyl)-l-aspartyl]-d-(4-amidino-phenylalanyl)]-piperidine",,DrugBank|NCBI,
Drug:DB03173,CRA_10433,Drug,cra_10433,,DrugBank|NCBI,
Drug:DB03213,Bis(5-Amidino-2-Benzimidazolyl)Methane Ketone,Drug,bis(5-amidino-2-benzimidazolyl)methane ketone,,DrugBank|NCBI,
Drug:DB03243,4-Fluorobenzylamine,Drug,4-fluorobenzylamine,,DrugBank|NCBI,
Drug:DB03251,RWJ-51084,Drug,rwj-51084,,DrugBank|NCBI,
Drug:DB03337,1-(2-Amidinophenyl)-3-(Phenoxyphenyl)Urea,Drug,1-(2-amidinophenyl)-3-(phenoxyphenyl)urea,,DrugBank|NCBI,
Drug:DB03373,ZK-806711,Drug,zk-806711,,DrugBank|NCBI,
Drug:DB03374,"3,5-Diiodotyrosine",Drug,"3,5-diiodotyrosine",,DrugBank|NCBI,
Drug:DB03417,"(2S,3R)-2-[[4-(Tert-butylcarbamoyl)piperazine-1-carbonyl]amino]-6-(diaminomethylideneamino)-3-formylhexanoic acid",Drug,"(2s,3r)-2-[[4-(tert-butylcarbamoyl)piperazine-1-carbonyl]amino]-6-(diaminomethylideneamino)-3-formylhexanoic acid",,DrugBank|NCBI,
Drug:DB03443,bis(5-amidino-benzimidazolyl)methanone zinc,Drug,bis(5-amidino-benzimidazolyl)methanone zinc,,DrugBank|NCBI,
Drug:DB03555,CRA_11092,Drug,cra_11092,,DrugBank|NCBI,
Drug:DB03595,CRA_9785,Drug,cra_9785,,DrugBank|NCBI,
Drug:DB03643,CRA_1144,Drug,cra_1144,,DrugBank|NCBI,
Drug:DB04008,Zinc;[amino-[2-[[5-[amino(azaniumylidene)methyl]benzimidazol-1-id-2-yl]methyl]benzimidazol-1-id-5-yl]methylidene]azanium,Drug,zinc;[amino-[2-[[5-[amino(azaniumylidene)methyl]benzimidazol-1-id-2-yl]methyl]benzimidazol-1-id-5-yl]methylidene]azanium,,DrugBank|NCBI,
Drug:DB04107,[(1-{2[(4-Carbamimidoyl-Phenylamino)-Methyl]-1-Methyl-1h-Benzoimidazol-5-Yl}-Cyclopropyl)-Pyridin-2-Yl-Methyleneaminooxy]-Acetic Acid Ethyl Ester,Drug,[(1-{2[(4-carbamimidoyl-phenylamino)-methyl]-1-methyl-1h-benzoimidazol-5-yl}-cyclopropyl)-pyridin-2-yl-methyleneaminooxy]-acetic acid ethyl ester,,DrugBank|NCBI,
Drug:DB04125,N-Alpha-(2-Naphthylsulfonyl)-N(3-Amidino-L-Phenylalaninyl)-4-Acetyl-Piperazine,Drug,n-alpha-(2-naphthylsulfonyl)-n(3-amidino-l-phenylalaninyl)-4-acetyl-piperazine,,DrugBank|NCBI,
Drug:DB04215,CRA_9076,Drug,cra_9076,,DrugBank|NCBI,
Drug:DB04238,N-Alpha-(2-Naphthylsulfonyl)-N-(3-Amidino-L-Phenylalaninyl)-D-Pipecolinic Acid,Drug,n-alpha-(2-naphthylsulfonyl)-n-(3-amidino-l-phenylalaninyl)-d-pipecolinic acid,,DrugBank|NCBI,
Drug:DB04246,CRA_23653,Drug,cra_23653,,DrugBank|NCBI,
Drug:DB04269,Cyclotheonamide A,Drug,cyclotheonamide a,,DrugBank|NCBI,
Drug:DB04301,Bis(5-Amidino-2-Benzimidazolyl)Methane Ketone Hydrate,Drug,bis(5-amidino-2-benzimidazolyl)methane ketone hydrate,,DrugBank|NCBI,
Drug:DB04311,4-Phenylbutylamine,Drug,4-phenylbutylamine,,DrugBank|NCBI,
Drug:DB04325,Phenethylamine,Drug,phenethylamine,,DrugBank|NCBI,
Drug:DB04336,1-(4-Amidinophenyl)-3-(4-Chlorophenyl)Urea,Drug,1-(4-amidinophenyl)-3-(4-chlorophenyl)urea,,DrugBank|NCBI,
Drug:DB04391,Aeruginosin 98-B,Drug,aeruginosin 98-b,,DrugBank|NCBI,
Drug:DB04410,3-Phenylpropylamine,Drug,3-phenylpropylamine,,DrugBank|NCBI,
Drug:DB04424,RPR128515,Drug,rpr128515,,DrugBank|NCBI,
Drug:DB04432,ZK-805623,Drug,zk-805623,,DrugBank|NCBI,
Drug:DB04442,"Imino[2-(2-oxo-1,2-dihydro-3-pyridinyl)-1H-benzimidazol-5-yl]methanaminium",Drug,"imino[2-(2-oxo-1,2-dihydro-3-pyridinyl)-1h-benzimidazol-5-yl]methanaminium",,DrugBank|NCBI,
Drug:DB04446,Benzo[B]Thiophene-2-Carboxamidine,Drug,benzo[b]thiophene-2-carboxamidine,,DrugBank|NCBI,
Drug:DB04470,CRA_10656,Drug,cra_10656,,DrugBank|NCBI,
Drug:DB04563,CRA_9678,Drug,cra_9678,,DrugBank|NCBI,
Drug:DB04654,4-PIPERIDIN-4-YLBUTANAL,Drug,4-piperidin-4-ylbutanal,,DrugBank|NCBI,
Drug:DB04790,"2,5-bis-O-{3-[amino(imino)methyl]phenyl}-1,4:3,6-dianhydro-D-glucitol",Drug,"2,5-bis-o-{3-[amino(imino)methyl]phenyl}-1,4:3,6-dianhydro-d-glucitol",,DrugBank|NCBI,
Drug:DB04791,"2-O-(4'-AMIDINOPHENYL)-5-O-(3''-AMIDINOPHENYL)-1,4:3,6-DIANHYDRO-D-SORBITOL",Drug,"2-o-(4'-amidinophenyl)-5-o-(3''-amidinophenyl)-1,4:3,6-dianhydro-d-sorbitol",,DrugBank|NCBI,
Drug:DB04792,"2,5-O,O-BIS-{4',4''-AMIDINOPHENYL}-1,4:3,6-DIANHYDRO-D-SORBITOL",Drug,"2,5-o,o-bis-{4',4''-amidinophenyl}-1,4:3,6-dianhydro-d-sorbitol",,DrugBank|NCBI,
Drug:DB04793,"1,4:3,6-Dianhydro-2-O-(3-carbamimidoylphenyl)-5-O-(4-carbamimidoylphenyl)-D-glucitol",Drug,"1,4:3,6-dianhydro-2-o-(3-carbamimidoylphenyl)-5-o-(4-carbamimidoylphenyl)-d-glucitol",,DrugBank|NCBI,
Drug:DB06840,"diethyl [(1R)-1,5-diaminopentyl]boronate",Drug,"diethyl [(1r)-1,5-diaminopentyl]boronate",,DrugBank|NCBI,
Drug:DB06918,2-(2-METHYLPHENYL)-1H-INDOLE-6-CARBOXIMIDAMIDE,Drug,2-(2-methylphenyl)-1h-indole-6-carboximidamide,,DrugBank|NCBI,
Drug:DB06923,2-(3-METHYLPHENYL)-1H-INDOLE-5-CARBOXIMIDAMIDE,Drug,2-(3-methylphenyl)-1h-indole-5-carboximidamide,,DrugBank|NCBI,
Drug:DB07229,"3-{5-[AMINO(IMINIO)METHYL]-1H-INDOL-2-YL}-5-METHOXY-1,1'-BIPHENYL-2-OLATE",Drug,"3-{5-[amino(iminio)methyl]-1h-indol-2-yl}-5-methoxy-1,1'-biphenyl-2-olate",,DrugBank|NCBI,
Drug:DB07368,4-(METHYLSULFONYL)BENZENECARBOXIMIDAMIDE,Drug,4-(methylsulfonyl)benzenecarboximidamide,,DrugBank|NCBI,
Drug:DB07491,"5-amino-2,4,6-tribromobenzene-1,3-dicarboxylic acid",Drug,"5-amino-2,4,6-tribromobenzene-1,3-dicarboxylic acid",,DrugBank|NCBI,
Drug:DB07985,+/-METHYL 4-(AMINOIMINOMETHYL)-BETA-[3- INH (AMINOIMINO)PHENYL]BENZENE PENTANOATE,Drug,+/-methyl 4-(aminoiminomethyl)-beta-[3- inh (aminoimino)phenyl]benzene pentanoate,,DrugBank|NCBI,
Drug:DB08184,2-(2-METHYLPHENYL)-1H-INDOLE-5-CARBOXIMIDAMIDE,Drug,2-(2-methylphenyl)-1h-indole-5-carboximidamide,,DrugBank|NCBI,
Drug:DB08420,1-{[1-(2-AMINO-3-PHENYL-PROPIONYL)-PYRROLIDINE-2-CARBONYL]-AMINO}-2-(3-CYANO-PHENYL)-ETHANEBORONIC ACID,Drug,1-{[1-(2-amino-3-phenyl-propionyl)-pyrrolidine-2-carbonyl]-amino}-2-(3-cyano-phenyl)-ethaneboronic acid,,DrugBank|NCBI,
Drug:DB08763,[N-(BENZYLOXYCARBONYL)AMINO](4-AMIDINOPHENYL)METHANE-PHOSPHONATE,Drug,[n-(benzyloxycarbonyl)amino](4-amidinophenyl)methane-phosphonate,,DrugBank|NCBI,
Drug:DB02910,Octanoyl-Coenzyme A,Drug,octanoyl-coenzyme a,,DrugBank|NCBI,
Gene:34,ACADM,Gene,ACADM,,DrugBank|MONDO|NCBI|REACTOME,
Drug:DB03415,3-thiaoctanoyl-CoA,Drug,3-thiaoctanoyl-coa,,DrugBank|NCBI,
Drug:DB04069,"5,6-Dihydro-Benzo[H]Cinnolin-3-Ylamine",Drug,"5,6-dihydro-benzo[h]cinnolin-3-ylamine",,DrugBank|NCBI,
Gene:1612,DAPK1,Gene,DAPK1,,DrugBank|MONDO|NCBI|REACTOME,
Drug:DB07444,"6-(3-AMINOPROPYL)-4,9-DIMETHYLPYRROLO[3,4-C]CARBAZOLE-1,3(2H,6H)-DIONE",Drug,"6-(3-aminopropyl)-4,9-dimethylpyrrolo[3,4-c]carbazole-1,3(2h,6h)-dione",,DrugBank|NCBI,
Gene:9971,NR1H4,Gene,NR1H4,,DrugBank|MONDO|MONDO_grouped|NCBI|REACTOME,
Drug:DB02545,Fexaramine,Drug,fexaramine,,DrugBank|NCBI,
Drug:DB04348,Taurocholic acid,Drug,taurocholic acid,,DrugBank|NCBI,
Drug:DB08220,"(8alpha,10alpha,13alpha,17beta)-17-[(4-hydroxyphenyl)carbonyl]androsta-3,5-diene-3-carboxylic acid",Drug,"(8alpha,10alpha,13alpha,17beta)-17-[(4-hydroxyphenyl)carbonyl]androsta-3,5-diene-3-carboxylic acid",,DrugBank|NCBI,
Gene:3029,HAGH,Gene,HAGH,,DrugBank|MONDO_grouped|NCBI|REACTOME,
Drug:DB03889,S-(N-hydroxy-N-bromophenylcarbamoyl)glutathione,Drug,s-(n-hydroxy-n-bromophenylcarbamoyl)glutathione,,DrugBank|NCBI,
Drug:DB03384,Fica,Drug,fica,,DrugBank|NCBI,
Gene:840,CASP7,Gene,CASP7,,DrugBank|MONDO|NCBI|REACTOME,
Gene:5268,SERPINB5,Gene,SERPINB5,,DrugBank|MONDO|NCBI,
Drug:DB03996,"3-[(5s)-1-Acetyl-3-(2-Chlorophenyl)-4,5-Dihydro-1h-Pyrazol-5-Yl]Phenol",Drug,"3-[(5s)-1-acetyl-3-(2-chlorophenyl)-4,5-dihydro-1h-pyrazol-5-yl]phenol",,DrugBank|NCBI,
Gene:3832,KIF11,Gene,KIF11,,DrugBank|MONDO|MONDO_grouped|NCBI|REACTOME,
Drug:DB04331,Monastrol,Drug,monastrol,,DrugBank|NCBI,
Drug:DB06040,Filanesib,Drug,filanesib,,DrugBank|NCBI,
Drug:DB07064,"(4R)-4-(3-HYDROXYPHENYL)-N,N,7,8-TETRAMETHYL-3,4-DIHYDROISOQUINOLINE-2(1H)-CARBOXAMIDE",Drug,"(4r)-4-(3-hydroxyphenyl)-n,n,7,8-tetramethyl-3,4-dihydroisoquinoline-2(1h)-carboxamide",,DrugBank|NCBI,
Drug:DB08032,"N,N-DIETHYL-2-[(2-THIENYLCARBONYL)AMINO]-4,5,6,7-TETRAHYDRO-1-BENZOTHIOPHENE-3-CARBOXAMIDE",Drug,"n,n-diethyl-2-[(2-thienylcarbonyl)amino]-4,5,6,7-tetrahydro-1-benzothiophene-3-carboxamide",,DrugBank|NCBI,
Drug:DB08033,"(5R)-N,N-DIETHYL-5-METHYL-2-[(THIOPHEN-2-YLCARBONYL)AMINO]-4,5,6,7-TETRAHYDRO-1-BENZOTHIOPHENE-3-CARBOXAMIDE",Drug,"(5r)-n,n-diethyl-5-methyl-2-[(thiophen-2-ylcarbonyl)amino]-4,5,6,7-tetrahydro-1-benzothiophene-3-carboxamide",,DrugBank|NCBI,
Drug:DB08037,MK-0731,Drug,mk-0731,,DrugBank|NCBI,
Drug:DB08198,"[(4R)-4-(3-HYDROXYPHENYL)-1,6-DIMETHYL-2-THIOXO-1,2,3,4-TETRAHYDROPYRIMIDIN-5-YL](PHENYL)METHANONE",Drug,"[(4r)-4-(3-hydroxyphenyl)-1,6-dimethyl-2-thioxo-1,2,3,4-tetrahydropyrimidin-5-yl](phenyl)methanone",,DrugBank|NCBI,
Drug:DB08239,"(2S)-4-(2,5-DIFLUOROPHENYL)-N-METHYL-2-PHENYL-N-PIPERIDIN-4-YL-2,5-DIHYDRO-1H-PYRROLE-1-CARBOXAMIDE",Drug,"(2s)-4-(2,5-difluorophenyl)-n-methyl-2-phenyl-n-piperidin-4-yl-2,5-dihydro-1h-pyrrole-1-carboxamide",,DrugBank|NCBI,
Drug:DB08244,"(1S)-1-CYCLOPROPYL-2-[(2S)-4-(2,5-DIFLUOROPHENYL)-2-PHENYL-2,5-DIHYDRO-1H-PYRROL-1-YL]-2-OXOETHANAMINE",Drug,"(1s)-1-cyclopropyl-2-[(2s)-4-(2,5-difluorophenyl)-2-phenyl-2,5-dihydro-1h-pyrrol-1-yl]-2-oxoethanamine",,DrugBank|NCBI,
Drug:DB08246,"(2S)-4-(2,5-DIFLUOROPHENYL)-N,N-DIMETHYL-2-PHENYL-2,5-DIHYDRO-1H-PYRROLE-1-CARBOXAMIDE",Drug,"(2s)-4-(2,5-difluorophenyl)-n,n-dimethyl-2-phenyl-2,5-dihydro-1h-pyrrole-1-carboxamide",,DrugBank|NCBI,
Drug:DB08250,"(5S)-5-(3-AMINOPROPYL)-3-(2,5-DIFLUOROPHENYL)-N-ETHYL-5-PHENYL-4,5-DIHYDRO-1H-PYRAZOLE-1-CARBOXAMIDE",Drug,"(5s)-5-(3-aminopropyl)-3-(2,5-difluorophenyl)-n-ethyl-5-phenyl-4,5-dihydro-1h-pyrazole-1-carboxamide",,DrugBank|NCBI,
Drug:DB01880,"3,4-Dihydroxycinnamic Acid",Drug,"3,4-dihydroxycinnamic acid",,DrugBank|NCBI,
Gene:4282,MIF,Gene,MIF,,DrugBank|MONDO|NCBI|REACTOME,
Drug:DB02728,7-Hydroxy-2-Oxo-Chromene-3-Carboxylic Acid Ethyl Ester,Drug,7-hydroxy-2-oxo-chromene-3-carboxylic acid ethyl ester,,DrugBank|NCBI,
Drug:DB07888,"3-(4-HYDROXYPHENYL)-4,5-DIHYDRO-5-ISOXAZOLE-ACETIC ACID METHYL ESTER",Drug,"3-(4-hydroxyphenyl)-4,5-dihydro-5-isoxazole-acetic acid methyl ester",,DrugBank|NCBI,
Drug:DB08333,4-HYDROXYBENZALDEHYDE O-(CYCLOHEXYLCARBONYL)OXIME,Drug,4-hydroxybenzaldehyde o-(cyclohexylcarbonyl)oxime,,DrugBank|NCBI,
Drug:DB08334,3-FLUORO-4-HYDROXYBENZALDEHYDE O-(CYCLOHEXYLCARBONYL)OXIME,Drug,3-fluoro-4-hydroxybenzaldehyde o-(cyclohexylcarbonyl)oxime,,DrugBank|NCBI,
Drug:DB08335,"4-HYDROXYBENZALDEHYDE O-(3,3-DIMETHYLBUTANOYL)OXIME",Drug,"4-hydroxybenzaldehyde o-(3,3-dimethylbutanoyl)oxime",,DrugBank|NCBI,
Gene:7048,TGFBR2,Gene,TGFBR2,,DrugBank|MONDO|NCBI|REACTOME,
Gene:6916,TBXAS1,Gene,TBXAS1,,DrugBank|MONDO|NCBI|REACTOME,
Drug:DB01207,Ridogrel,Drug,ridogrel,,DrugBank|NCBI,
Drug:DB03052,Dazoxiben,Drug,dazoxiben,,DrugBank|NCBI,
Drug:DB05505,NM-702,Drug,nm-702,,DrugBank|NCBI,
Gene:3326,HSP90AB1,Gene,HSP90AB1,,DrugBank|MONDO|NCBI|REACTOME,
Drug:DB08045,"4-{4-[4-(3-AMINOPROPOXY)PHENYL]-1H-PYRAZOL-5-YL}-6-CHLOROBENZENE-1,3-DIOL",Drug,"4-{4-[4-(3-aminopropoxy)phenyl]-1h-pyrazol-5-yl}-6-chlorobenzene-1,3-diol",,DrugBank|NCBI,
Drug:DB08153,"(5E)-14-CHLORO-15,17-DIHYDROXY-4,7,8,9,10,11-HEXAHYDRO-2-BENZOXACYCLOPENTADECINE-1,12(3H,13H)-DIONE",Drug,"(5e)-14-chloro-15,17-dihydroxy-4,7,8,9,10,11-hexahydro-2-benzoxacyclopentadecine-1,12(3h,13h)-dione",,DrugBank|NCBI,
Drug:DB08292,"(5Z)-12-CHLORO-13,15-DIHYDROXY-4,7,8,9-TETRAHYDRO-2-BENZOXACYCLOTRIDECINE-1,10(3H,11H)-DIONE",Drug,"(5z)-12-chloro-13,15-dihydroxy-4,7,8,9-tetrahydro-2-benzoxacyclotridecine-1,10(3h,11h)-dione",,DrugBank|NCBI,
Drug:DB08293,"(5E)-12-CHLORO-13,15-DIHYDROXY-4,7,8,9-TETRAHYDRO-2-BENZOXACYCLOTRIDECINE-1,10(3H,11H)-DIONE",Drug,"(5e)-12-chloro-13,15-dihydroxy-4,7,8,9-tetrahydro-2-benzoxacyclotridecine-1,10(3h,11h)-dione",,DrugBank|NCBI,
Drug:DB08346,"(5Z)-13-CHLORO-14,16-DIHYDROXY-3,4,7,8,9,10-HEXAHYDRO-1H-2-BENZOXACYCLOTETRADECINE-1,11(12H)-DIONE",Drug,"(5z)-13-chloro-14,16-dihydroxy-3,4,7,8,9,10-hexahydro-1h-2-benzoxacyclotetradecine-1,11(12h)-dione",,DrugBank|NCBI,
Drug:DB03448,2'-Deoxyuridine 3'-Monophosphate,Drug,2'-deoxyuridine 3'-monophosphate,,DrugBank|NCBI,
Gene:6038,RNASE4,Gene,RNASE4,,DrugBank|MONDO|NCBI,
Gene:7001,PRDX2,Gene,PRDX2,,DrugBank|MONDO|MONDO_grouped|NCBI|REACTOME,
Drug:DB04048,N-Carbamoyl-Alanine,Drug,n-carbamoyl-alanine,,DrugBank|NCBI,
Drug:DB04106,Fotemustine,Drug,fotemustine,,DrugBank|NCBI,
Drug:DB05428,Motexafin gadolinium,Drug,motexafin gadolinium,,DrugBank|NCBI,
Drug:DB05448,PX-12,Drug,px-12,,DrugBank|NCBI,
Drug:DB02315,Cyclic GMP,Drug,cyclic gmp,,DrugBank|NCBI,
Gene:5138,PDE2A,Gene,PDE2A,,DrugBank|MONDO|NCBI|REACTOME,
Drug:DB05142,ND7001,Drug,nd7001,,DrugBank|NCBI,
Drug:DB00323,Tolcapone,Drug,tolcapone,,DrugBank|NCBI,
Drug:DB02105,"3,5-Dinitrocatechol",Drug,"3,5-dinitrocatechol",,DrugBank|NCBI,
Drug:DB03336,BIA,Drug,bia,,DrugBank|NCBI,
Drug:DB03907,"N-[(E)-3-[(2R,3S,4R,5R)-5-(6-Aminopurin-9-yl)-3,4-dihydroxyoxolan-2-yl]prop-2-enyl]-2,3-dihydroxy-5-nitrobenzamide",Drug,"n-[(e)-3-[(2r,3s,4r,5r)-5-(6-aminopurin-9-yl)-3,4-dihydroxyoxolan-2-yl]prop-2-enyl]-2,3-dihydroxy-5-nitrobenzamide",,DrugBank|NCBI,
Drug:DB04820,Nialamide,Drug,nialamide,,DrugBank|NCBI,
Drug:DB07462,"(3,4-DIHYDROXY-2-NITROPHENYL)(PHENYL)METHANONE",Drug,"(3,4-dihydroxy-2-nitrophenyl)(phenyl)methanone",,DrugBank|NCBI,
Drug:DB08049,"7,8-dihydroxy-4-phenyl-2H-chromen-2-one",Drug,"7,8-dihydroxy-4-phenyl-2h-chromen-2-one",,DrugBank|NCBI,
Drug:DB00894,Testolactone,Drug,testolactone,,DrugBank|NCBI,
Drug:DB05749,MPI-674,Drug,mpi-674,,DrugBank|NCBI,
Gene:713,C1QB,Gene,C1QB,,DrugBank|MONDO|MONDO_grouped|NCBI|REACTOME,
Drug:DB00110,Palivizumab,Drug,palivizumab,,DrugBank|NCBI,
Gene:3561,IL2RG,Gene,IL2RG,,DrugBank|MONDO_grouped|NCBI|REACTOME,
Drug:DB05943,Resatorvid,Drug,resatorvid,,DrugBank|NCBI,
Gene:3856,KRT8,Gene,KRT8,,DrugBank|MONDO|MONDO_grouped|NCBI|REACTOME,
Gene:3915,LAMC1,Gene,LAMC1,,DrugBank|MONDO|NCBI|REACTOME,
Gene:284217,LAMA1,Gene,LAMA1,,DrugBank|MONDO|MONDO_grouped|NCBI|REACTOME,
Gene:4035,LRP1,Gene,LRP1,,DrugBank|MONDO|MONDO_grouped|NCBI|REACTOME,
Gene:4811,NID1,Gene,NID1,,DrugBank|MONDO|NCBI|REACTOME,
Gene:5553,PRG2,Gene,PRG2,,DrugBank|MONDO|NCBI|REACTOME,
Drug:DB06752,Chymopapain,Drug,chymopapain,,DrugBank|NCBI,
Gene:1439,CSF2RB,Gene,CSF2RB,,DrugBank|MONDO_grouped|NCBI|REACTOME,
Drug:DB05264,NPI 32101,Drug,npi 32101,,DrugBank|NCBI,
Gene:5925,RB1,Gene,RB1,,DrugBank|MONDO|MONDO_grouped|NCBI|REACTOME,
Gene:3490,IGFBP7,Gene,IGFBP7,,DrugBank|MONDO|NCBI|REACTOME,
Drug:DB00522,Bentiromide,Drug,bentiromide,,DrugBank|NCBI,
Gene:3249,HPN,Gene,HPN,,DrugBank|MONDO|NCBI|REACTOME,
Drug:DB03297,Benzylsulfonic acid,Drug,benzylsulfonic acid,,DrugBank|NCBI,
Drug:DB00048,Collagenase clostridium histolyticum,Drug,collagenase clostridium histolyticum,,DrugBank|NCBI,
Gene:1281,COL3A1,Gene,COL3A1,,DrugBank|MONDO|MONDO_grouped|NCBI|REACTOME,
Gene:2260,FGFR1,Gene,FGFR1,,DrugBank|MONDO|MONDO_grouped|NCBI|REACTOME,
Drug:DB07525,"3-(3-methoxybenzyl)-1H-pyrrolo[2,3-b]pyridine",Drug,"3-(3-methoxybenzyl)-1h-pyrrolo[2,3-b]pyridine",,DrugBank|NCBI,
Drug:DB07840,"(E)-[4-(3,5-Difluorophenyl)-3H-pyrrolo[2,3-b]pyridin-3-ylidene](3-methoxyphenyl)methanol",Drug,"(e)-[4-(3,5-difluorophenyl)-3h-pyrrolo[2,3-b]pyridin-3-ylidene](3-methoxyphenyl)methanol",,DrugBank|NCBI,
Drug:DB08577,3-[(3-(2-CARBOXYETHYL)-4-METHYLPYRROL-2-YL)METHYLENE]-2-INDOLINONE,Drug,3-[(3-(2-carboxyethyl)-4-methylpyrrol-2-yl)methylene]-2-indolinone,,DrugBank|NCBI,
Gene:2261,FGFR3,Gene,FGFR3,,DrugBank|MONDO|NCBI|REACTOME,
Gene:6678,SPARC,Gene,SPARC,,DrugBank|MONDO|NCBI|REACTOME,
Gene:339896,GADL1,Gene,GADL1,,DrugBank|MONDO|MONDO_grouped|NCBI|REACTOME,
Gene:5338,PLD2,Gene,PLD2,,DrugBank|MONDO|NCBI|REACTOME,
Drug:DB00941,Hexafluronium,Drug,hexafluronium,,DrugBank|NCBI,
Drug:DB02811,Diethyl phosphonate,Drug,diethyl phosphonate,,DrugBank|NCBI,
Drug:DB03672,9-N-Phenylmethylamino-Tacrine,Drug,9-n-phenylmethylamino-tacrine,,DrugBank|NCBI,
Drug:DB07681,DODECANESULFONATE ION,Drug,dodecanesulfonate ion,,DrugBank|NCBI,
Drug:DB07940,"9-(3-IODOBENZYLAMINO)-1,2,3,4-TETRAHYDROACRIDINE",Drug,"9-(3-iodobenzylamino)-1,2,3,4-tetrahydroacridine",,DrugBank|NCBI,
Drug:DB08200,(1R)-menthyl hexyl phosphonate group,Drug,(1r)-menthyl hexyl phosphonate group,,DrugBank|NCBI,
Drug:DB08201,(1S)-menthyl hexyl phosphonate group,Drug,(1s)-menthyl hexyl phosphonate group,,DrugBank|NCBI,
Drug:DB08658,ETHYL HYDROGEN DIETHYLAMIDOPHOSPHATE,Drug,ethyl hydrogen diethylamidophosphate,,DrugBank|NCBI,
Drug:DB09343,Tipiracil,Drug,tipiracil,,DrugBank|MONDO|NCBI,
Drug:DB02465,Methoxy arachidonyl fluorophosphonate,Drug,methoxy arachidonyl fluorophosphonate,,DrugBank|NCBI,
Drug:DB06894,1-Dodecanol,Drug,1-dodecanol,,DrugBank|NCBI,
Drug:DB08385,4-(quinolin-3-ylmethyl)piperidine-1-carboxylic acid,Drug,4-(quinolin-3-ylmethyl)piperidine-1-carboxylic acid,,DrugBank|NCBI,
Drug:DB08400,4-(3-{[5-(trifluoromethyl)pyridin-2-yl]oxy}benzyl)piperidine-1-carboxylic acid,Drug,4-(3-{[5-(trifluoromethyl)pyridin-2-yl]oxy}benzyl)piperidine-1-carboxylic acid,,DrugBank|NCBI,
Drug:DB01247,Isocarboxazid,Drug,isocarboxazid,,DrugBank|MONDO_grouped|NCBI,
Drug:DB01626,Pargyline,Drug,pargyline,,DrugBank|NCBI,
Drug:DB02643,"N-Dodecyl-N,N-Dimethyl-3-Ammonio-1-Propanesulfonate",Drug,"n-dodecyl-n,n-dimethyl-3-ammonio-1-propanesulfonate",,DrugBank|NCBI,
Drug:DB04677,N-METHYL-N-[(1R)-1-METHYL-2-PHENYLETHYL]PROP-2-EN-1-AMINE,Drug,n-methyl-n-[(1r)-1-methyl-2-phenylethyl]prop-2-en-1-amine,,DrugBank|NCBI,
Drug:DB07512,7-[(3-CHLOROBENZYL)OXY]-2-OXO-2H-CHROMENE-4-CARBALDEHYDE,Drug,7-[(3-chlorobenzyl)oxy]-2-oxo-2h-chromene-4-carbaldehyde,,DrugBank|NCBI,
Drug:DB07513,7-[(3-CHLOROBENZYL)OXY]-4-[(METHYLAMINO)METHYL]-2H-CHROMEN-2-ONE,Drug,7-[(3-chlorobenzyl)oxy]-4-[(methylamino)methyl]-2h-chromen-2-one,,DrugBank|NCBI,
Drug:DB08082,N-(2-AMINOETHYL)-P-CHLOROBENZAMIDE,Drug,n-(2-aminoethyl)-p-chlorobenzamide,,DrugBank|NCBI,
Drug:DB08176,(1Z)-4-(4-FLUOROPHENYL)-2-METHYLIDENEBUTAN-1-IMINE,Drug,(1z)-4-(4-fluorophenyl)-2-methylidenebutan-1-imine,,DrugBank|NCBI,
Drug:DB08480,4-HYDROXY-N-PROPARGYL-1(R)-AMINOINDAN,Drug,4-hydroxy-n-propargyl-1(r)-aminoindan,,DrugBank|NCBI,
Drug:DB08516,(S)-(+)-2-[4-(FLUOROBENZYLOXY-BENZYLAMINO)PROPIONAMIDE],Drug,(s)-(+)-2-[4-(fluorobenzyloxy-benzylamino)propionamide],,DrugBank|NCBI,
Drug:DB14914,Flortaucipir F-18,Drug,flortaucipir f-18,,DrugBank|NCBI,
Drug:DB04017,Clorgiline,Drug,clorgiline,,DrugBank|NCBI,
Drug:DB04850,Posizolid,Drug,posizolid,,DrugBank|NCBI,
Drug:DB05205,CX157,Drug,cx157,,DrugBank|NCBI,
Drug:DB07641,Decyl(dimethyl)phosphine oxide,Drug,decyl(dimethyl)phosphine oxide,,DrugBank|NCBI,
Drug:DB07919,Harmine,Drug,harmine,,DrugBank|NCBI,
Drug:DB13876,Brofaromine,Drug,brofaromine,,DrugBank|NCBI,
Drug:DB03328,Dioxo(sulfanyl)molybdenum,Drug,dioxo(sulfanyl)molybdenum,,DrugBank|NCBI,
Drug:DB03841,Niraxostat,Drug,niraxostat,,DrugBank|NCBI,
Drug:DB04854,Febuxostat,Drug,febuxostat,,DrugBank|NCBI,
Drug:DB05262,Oxypurinol,Drug,oxypurinol,,DrugBank|NCBI,
Drug:DB00552,Pentostatin,Drug,pentostatin,,DrugBank|NCBI,
Drug:DB02096,FR221647,Drug,fr221647,,DrugBank|NCBI,
Drug:DB02472,"7,8-dihydroinosine",Drug,"7,8-dihydroinosine",,DrugBank|NCBI,
Drug:DB02616,FR117016,Drug,fr117016,,DrugBank|NCBI,
Drug:DB02830,FR236913,Drug,fr236913,,DrugBank|NCBI,
Drug:DB03015,"6-hydroxy-1,6-dihydro purine nucleoside",Drug,"6-hydroxy-1,6-dihydro purine nucleoside",,DrugBank|NCBI,
Drug:DB03220,FR-234938,Drug,fr-234938,,DrugBank|NCBI,
Drug:DB03370,FR239087,Drug,fr239087,,DrugBank|NCBI,
Drug:DB03572,FR230513,Drug,fr230513,,DrugBank|NCBI,
Drug:DB04218,1-Deaza-Adenosine,Drug,1-deaza-adenosine,,DrugBank|NCBI,
Drug:DB04440,Nebularine,Drug,nebularine,,DrugBank|NCBI,
Drug:DB07711,"(2S,3R)-3-(6-amino-9H-purin-9-yl)nonan-2-ol",Drug,"(2s,3r)-3-(6-amino-9h-purin-9-yl)nonan-2-ol",,DrugBank|NCBI,
Drug:DB07783,1-((1R)-1-(HYDROXYMETHYL)-3-{6-[(3-PHENYLPROPANOYL)AMINO]-1H-INDOL-1-YL}PROPYL)-1H-IMIDAZOLE-4-CARBOXAMIDE,Drug,1-((1r)-1-(hydroxymethyl)-3-{6-[(3-phenylpropanoyl)amino]-1h-indol-1-yl}propyl)-1h-imidazole-4-carboxamide,,DrugBank|NCBI,
Drug:DB07785,"1-{(1R,2S)-2-HYDROXY-1-[2-(2-NAPHTHYLOXY)ETHYL]PROPYL}-1H-IMIDAZONE-4-CARBOXAMIDE",Drug,"1-{(1r,2s)-2-hydroxy-1-[2-(2-naphthyloxy)ethyl]propyl}-1h-imidazone-4-carboxamide",,DrugBank|NCBI,
Drug:DB07786,"1-((1R,2S)-1-{2-[2-(4-CHLOROPHENYL)-1,3-BENZOXAZOL-7-YL]ETHYL}-2-HYDROXYPROPYL)-1H-IMIDAZOLE-4-CARBOXAMIDE",Drug,"1-((1r,2s)-1-{2-[2-(4-chlorophenyl)-1,3-benzoxazol-7-yl]ethyl}-2-hydroxypropyl)-1h-imidazole-4-carboxamide",,DrugBank|NCBI,
Gene:1019,CDK4,Gene,CDK4,,DrugBank|MONDO|MONDO_grouped|NCBI|REACTOME,
Gene:112399,EGLN3,Gene,EGLN3,,DrugBank|MONDO|MONDO_grouped|NCBI|REACTOME,
Drug:DB04847,Roxadustat,Drug,roxadustat,,DrugBank|NCBI,
Gene:774,CACNA1B,Gene,CACNA1B,,DrugBank|MONDO_grouped|NCBI|REACTOME,
Drug:DB05950,Contulakin-G,Drug,contulakin-g,,DrugBank|NCBI,
Drug:DB06283,Ziconotide,Drug,ziconotide,,DrugBank|NCBI,
Drug:DB03459,Sparfosic acid,Drug,sparfosic acid,,DrugBank|NCBI,
Drug:DB05540,Alanosine,Drug,alanosine,,DrugBank|NCBI,
Gene:8702,B4GALT4,Gene,B4GALT4,,DrugBank|MONDO|NCBI|REACTOME,
Gene:55577,NAGK,Gene,NAGK,,DrugBank|MONDO|NCBI|REACTOME,
Gene:6512,SLC1A7,Gene,SLC1A7,,DrugBank|MONDO|NCBI|REACTOME,
Gene:6511,SLC1A6,Gene,SLC1A6,,DrugBank|MONDO_grouped|NCBI|REACTOME,
Gene:2028,ENPEP,Gene,ENPEP,,DrugBank|MONDO|NCBI|REACTOME,
Gene:2949,GSTM5,Gene,GSTM5,,DrugBank|MONDO|NCBI|REACTOME,
Gene:1608,DGKG,Gene,DGKG,,DrugBank|MONDO|NCBI|REACTOME,
Gene:51702,PADI3,Gene,PADI3,,DrugBank|MONDO|NCBI|REACTOME,
Gene:1139,CHRNA7,Gene,CHRNA7,,DrugBank|MONDO|MONDO_grouped|NCBI|REACTOME,
Drug:DB05137,Lobeline,Drug,lobeline,,DrugBank|NCBI,
Drug:DB11726,Encenicline,Drug,encenicline,,DrugBank|NCBI,
Gene:2913,GRM3,Gene,GRM3,,DrugBank|MONDO_grouped|NCBI|REACTOME,
Gene:2560,GABRB1,Gene,GABRB1,,DrugBank|MONDO_grouped|NCBI|REACTOME,
Drug:DB01440,gamma-Hydroxybutyric acid,Drug,gamma-hydroxybutyric acid,,DrugBank|NCBI,
Gene:2562,GABRB3,Gene,GABRB3,,DrugBank|MONDO_grouped|NCBI|REACTOME,
Gene:2561,GABRB2,Gene,GABRB2,,DrugBank|MONDO_grouped|NCBI|REACTOME,
Gene:783,CACNB2,Gene,CACNB2,,DrugBank|MONDO|MONDO_grouped|NCBI|REACTOME,
Gene:778,CACNA1F,Gene,CACNA1F,,DrugBank|MONDO_grouped|NCBI,
Gene:3065,HDAC1,Gene,HDAC1,,DrugBank|MONDO_grouped|NCBI|REACTOME,
Drug:DB02546,Vorinostat,Drug,vorinostat,,DrugBank|NCBI,
Drug:DB05223,Pracinostat,Drug,pracinostat,,DrugBank|NCBI,
Drug:DB11830,Mocetinostat,Drug,mocetinostat,,DrugBank|NCBI,
Drug:DB12565,Abexinostat,Drug,abexinostat,,DrugBank|NCBI,
Gene:3066,HDAC2,Gene,HDAC2,,DrugBank|MONDO_grouped|NCBI|REACTOME,
Gene:8841,HDAC3,Gene,HDAC3,,DrugBank|MONDO_grouped|NCBI|REACTOME,
Gene:10013,HDAC6,Gene,HDAC6,,DrugBank|MONDO|NCBI|REACTOME,
Gene:340273,ABCB5,Gene,ABCB5,,DrugBank|MONDO|NCBI|REACTOME,
Drug:DB04872,Osanetant,Drug,osanetant,,DrugBank|NCBI,
Gene:6870,TACR3,Gene,TACR3,,DrugBank|MONDO_grouped|NCBI|REACTOME,
Drug:DB06429,Talnetant,Drug,talnetant,,DrugBank|NCBI,
Drug:DB11692,Pavinetant,Drug,pavinetant,,DrugBank|NCBI,
Gene:3091,HIF1A,Gene,HIF1A,,DrugBank|MONDO|NCBI|REACTOME,
Drug:DB05959,ENMD-1198,Drug,enmd-1198,,DrugBank|NCBI,
Drug:DB06082,PX-478,Drug,px-478,,DrugBank|NCBI,
Drug:DB08687,FG-2216,Drug,fg-2216,,DrugBank|NCBI,
Gene:5733,PTGER3,Gene,PTGER3,,DrugBank|MONDO_grouped|NCBI|REACTOME,
Drug:DB00917,Dinoprostone,Drug,dinoprostone,,DrugBank|NCBI,
Drug:DB00929,Misoprostol,Drug,misoprostol,,DrugBank|NCBI,
Drug:DB08964,Gemeprost,Drug,gemeprost,,DrugBank|NCBI,
Drug:DB09211,Limaprost,Drug,limaprost,,DrugBank|NCBI,
Drug:DB11113,Castor oil,Drug,castor oil,,DrugBank|NCBI,
Gene:5290,PIK3CA,Gene,PIK3CA,,DrugBank|MONDO|MONDO_grouped|NCBI|REACTOME,
Drug:DB05241,XL765,Drug,xl765,,DrugBank|NCBI,
Drug:DB11772,Pilaralisib,Drug,pilaralisib,,DrugBank|NCBI,
Gene:5296,PIK3R2,Gene,PIK3R2,,DrugBank|MONDO|NCBI|REACTOME,
Gene:5591,PRKDC,Gene,PRKDC,,DrugBank|MONDO|NCBI|REACTOME,
Gene:2475,MTOR,Gene,MTOR,,DrugBank|MONDO|MONDO_grouped|NCBI|REACTOME,
Drug:DB04974,Rimiducid,Drug,rimiducid,,DrugBank|NCBI,
Drug:DB01629,5-fluorouridine,Drug,5-fluorouridine,,DrugBank|NCBI,
Drug:DB03382,S-oxy-L-cysteine,Drug,s-oxy-l-cysteine,,DrugBank|NCBI,
Drug:DB05025,Arimoclomol,Drug,arimoclomol,,DrugBank|NCBI,
Drug:DB04998,AGRO100,Drug,agro100,,DrugBank|NCBI,
Gene:8517,IKBKG,Gene,IKBKG,,DrugBank|MONDO|NCBI|REACTOME,
Drug:DB05289,Tarenflurbil,Drug,tarenflurbil,,DrugBank|NCBI,
Gene:3786,KCNQ3,Gene,KCNQ3,,DrugBank|MONDO_grouped|NCBI|REACTOME,
Gene:56479,KCNQ5,Gene,KCNQ5,,DrugBank|MONDO|NCBI|REACTOME,
Drug:DB04985,Tigapotide,Drug,tigapotide,,DrugBank|NCBI,
Gene:3921,RPSA,Gene,RPSA,,DrugBank|MONDO|NCBI|REACTOME,
Drug:DB04991,XL784,Drug,xl784,,DrugBank|NCBI,
Gene:102,ADAM10,Gene,ADAM10,,DrugBank|MONDO|NCBI|REACTOME,
Gene:5293,PIK3CD,Gene,PIK3CD,,DrugBank|MONDO|NCBI|REACTOME,
Drug:DB05552,TG100-115,Drug,tg100-115,,DrugBank|NCBI,
Drug:DB06831,2-((9H-PURIN-6-YLTHIO)METHYL)-5-CHLORO-3-(2-METHOXYPHENYL)QUINAZOLIN-4(3H)-ONE,Drug,2-((9h-purin-6-ylthio)methyl)-5-chloro-3-(2-methoxyphenyl)quinazolin-4(3h)-one,,DrugBank|NCBI,
Gene:5291,PIK3CB,Gene,PIK3CB,,DrugBank|MONDO|MONDO_grouped|NCBI|REACTOME,
Drug:DB04716,"2-tert-butyl-9-fluoro-1,6-dihydrobenzo[h]imidazo[4,5-f]isoquinolin-7-one",Drug,"2-tert-butyl-9-fluoro-1,6-dihydrobenzo[h]imidazo[4,5-f]isoquinolin-7-one",,DrugBank|NCBI,
Gene:3717,JAK2,Gene,JAK2,,DrugBank|MONDO|NCBI|REACTOME,
Drug:DB05243,XL019,Drug,xl019,,DrugBank|NCBI,
Drug:DB07161,5-phenyl-1H-indazol-3-amine,Drug,5-phenyl-1h-indazol-3-amine,,DrugBank|NCBI,
Drug:DB07162,4-(3-amino-1H-indazol-5-yl)-N-tert-butylbenzenesulfonamide,Drug,4-(3-amino-1h-indazol-5-yl)-n-tert-butylbenzenesulfonamide,,DrugBank|NCBI,
Drug:DB08067,4-[(2-{4-[(CYCLOPROPYLCARBAMOYL)AMINO]-1H-PYRAZOL-3-YL}-1H-BENZIMIDAZOL-6-YL)METHYL]MORPHOLIN-4-IUM,Drug,4-[(2-{4-[(cyclopropylcarbamoyl)amino]-1h-pyrazol-3-yl}-1h-benzimidazol-6-yl)methyl]morpholin-4-ium,,DrugBank|NCBI,
Gene:5979,RET,Gene,RET,,DrugBank|MONDO|NCBI|REACTOME,
Drug:DB01809,"1-Ter-Butyl-3-P-Tolyl-1h-Pyrazolo[3,4-D]Pyrimidin-4-Ylamine",Drug,"1-ter-butyl-3-p-tolyl-1h-pyrazolo[3,4-d]pyrimidin-4-ylamine",,DrugBank|NCBI,
Gene:5888,RAD51,Gene,RAD51,,DrugBank|MONDO|NCBI|REACTOME,
Drug:DB05217,GMX1777,Drug,gmx1777,,DrugBank|NCBI,
Gene:10135,NAMPT,Gene,NAMPT,,DrugBank|MONDO|NCBI|REACTOME,
Drug:DB12731,Daporinad,Drug,daporinad,,DrugBank|NCBI,
Gene:328,APEX1,Gene,APEX1,,DrugBank|MONDO|MONDO_grouped|NCBI|REACTOME,
Drug:DB05259,Glatiramer,Drug,glatiramer,,DrugBank|NCBI,
Gene:3123,HLA-DRB1,Gene,HLA-DRB1,,DrugBank|MONDO_grouped|NCBI|REACTOME,
Drug:DB04899,Nesiritide,Drug,nesiritide,,DrugBank|NCBI,
Gene:4883,NPR3,Gene,NPR3,,DrugBank|MONDO|NCBI,
Gene:2203,FBP1,Gene,FBP1,,DrugBank|MONDO|MONDO_grouped|NCBI|REACTOME,
Drug:DB02778,"2,5-Anhydroglucitol-1,6-Biphosphate",Drug,"2,5-anhydroglucitol-1,6-biphosphate",,DrugBank|NCBI,
Drug:DB02848,"{4-[3-(6,7-Diethoxy-Quinazolin-4-Ylamino)-Phenyl]-Thiazol-2-Yl}-Methanol",Drug,"{4-[3-(6,7-diethoxy-quinazolin-4-ylamino)-phenyl]-thiazol-2-yl}-methanol",,DrugBank|NCBI,
Drug:DB04175,Mdl-29951,Drug,mdl-29951,,DrugBank|NCBI,
Drug:DB05053,MB-07803,Drug,mb-07803,,DrugBank|NCBI,
Drug:DB05518,Managlinat dialanetil,Drug,managlinat dialanetil,,DrugBank|NCBI,
Drug:DB07270,"N-[7-(3-AMINOPHENYL)-5-METHOXY-1,3-BENZOXAZOL-2-YL]-2,5-DICHLOROBENZENESULFONAMIDE",Drug,"n-[7-(3-aminophenyl)-5-methoxy-1,3-benzoxazol-2-yl]-2,5-dichlorobenzenesulfonamide",,DrugBank|NCBI,
Drug:DB07312,"2,5-DICHLORO-N-(5-CHLORO-1,3-BENZOXAZOL-2-YL)BENZENESULFONAMIDE",Drug,"2,5-dichloro-n-(5-chloro-1,3-benzoxazol-2-yl)benzenesulfonamide",,DrugBank|NCBI,
Drug:DB07321,"2,5-DICHLORO-N-[5-METHOXY-7-(6-METHOXYPYRIDIN-3-YL)-1,3-BENZOXAZOL-2-YL]BENZENESULFONAMIDE",Drug,"2,5-dichloro-n-[5-methoxy-7-(6-methoxypyridin-3-yl)-1,3-benzoxazol-2-yl]benzenesulfonamide",,DrugBank|NCBI,
Drug:DB08484,4-AMINO-N-[(2-SULFANYLETHYL)CARBAMOYL]BENZENESULFONAMIDE,Drug,4-amino-n-[(2-sulfanylethyl)carbamoyl]benzenesulfonamide,,DrugBank|NCBI,
Drug:DB07453,alpha-Naphthoflavone,Drug,alpha-naphthoflavone,,DrugBank|NCBI,
Gene:768,CA9,Gene,CA9,,DrugBank|MONDO|NCBI|REACTOME,
Drug:DB04964,Oregovomab,Drug,oregovomab,,DrugBank|NCBI,
Gene:94025,MUC16,Gene,MUC16,,DrugBank|MONDO|NCBI|REACTOME,
Gene:7099,TLR4,Gene,TLR4,,DrugBank|MONDO|MONDO_grouped|NCBI|REACTOME,
Drug:DB02767,(R)-3-hydroxytetradecanoic acid,Drug,(r)-3-hydroxytetradecanoic acid,,DrugBank|NCBI,
Drug:DB04933,Eritoran,Drug,eritoran,,DrugBank|NCBI,
Drug:DB06447,E5531,Drug,e5531,,DrugBank|NCBI,
Drug:DB11193,Papain,Drug,papain,,DrugBank|NCBI,
Drug:DB13615,Mifamurtide,Drug,mifamurtide,,DrugBank|NCBI,
Gene:2222,FDFT1,Gene,FDFT1,,DrugBank|MONDO|MONDO_grouped|NCBI|REACTOME,
Drug:DB05319,Oportuzumab monatox,Drug,oportuzumab monatox,,DrugBank|NCBI,
Gene:4072,EPCAM,Gene,EPCAM,,DrugBank|MONDO|NCBI|REACTOME,
Drug:DB05831,ING-1,Drug,ing-1,,DrugBank|NCBI,
Drug:DB06607,Catumaxomab,Drug,catumaxomab,,DrugBank|NCBI,
Drug:DB11075,Hypromellose,Drug,hypromellose,,DrugBank|NCBI,
Gene:7015,TERT,Gene,TERT,,DrugBank|MONDO|MONDO_grouped|NCBI|REACTOME,
Drug:DB05036,Grn163l,Drug,grn163l,,DrugBank|NCBI,
Drug:DB12747,Tertomotide,Drug,tertomotide,,DrugBank|NCBI,
Gene:6241,RRM2,Gene,RRM2,,DrugBank|MONDO|MONDO_grouped|NCBI|REACTOME,
Drug:DB05801,GTI 2040,Drug,gti 2040,,DrugBank|NCBI,
Drug:DB05004,Peptide YY (3-36),Drug,peptide yy (3-36),,DrugBank|NCBI,
Gene:4886,NPY1R,Gene,NPY1R,,DrugBank|MONDO_grouped|NCBI|REACTOME,
Gene:2050,EPHB4,Gene,EPHB4,,DrugBank|MONDO|NCBI|REACTOME,
Drug:DB07249,"N-(5-chloro-1,3-benzodioxol-4-yl)-6-methoxy-7-(3-piperidin-1-ylpropoxy)quinazolin-4-amine",Drug,"n-(5-chloro-1,3-benzodioxol-4-yl)-6-methoxy-7-(3-piperidin-1-ylpropoxy)quinazolin-4-amine",,DrugBank|NCBI,
Drug:DB07250,"N'-(5-CHLORO-1,3-BENZODIOXOL-4-YL)-N-(3,4,5- TRIMETHOXYPHENYL)PYRIMIDINE-2,4-DIAMINE",Drug,"n'-(5-chloro-1,3-benzodioxol-4-yl)-n-(3,4,5- trimethoxyphenyl)pyrimidine-2,4-diamine",,DrugBank|NCBI,
Drug:DB07251,"N'-(3-CHLORO-4-METHOXY-PHENYL)-N-(3,4,5-TRIMETHOXYPHENYL)-1,3,5-TRIAZINE-2,4-DIAMINE",Drug,"n'-(3-chloro-4-methoxy-phenyl)-n-(3,4,5-trimethoxyphenyl)-1,3,5-triazine-2,4-diamine",,DrugBank|NCBI,
Drug:DB07252,"3-({4-[(5-chloro-1,3-benzodioxol-4-yl)amino]pyrimidin-2-yl}amino)benzenesulfonamide",Drug,"3-({4-[(5-chloro-1,3-benzodioxol-4-yl)amino]pyrimidin-2-yl}amino)benzenesulfonamide",,DrugBank|NCBI,
Drug:DB07253,"N'-(5-chloro-1,3-benzodioxol-4-yl)-N-(3-methylsulfonylphenyl)pyrimidine-2,4-diamine",Drug,"n'-(5-chloro-1,3-benzodioxol-4-yl)-n-(3-methylsulfonylphenyl)pyrimidine-2,4-diamine",,DrugBank|NCBI,
Drug:DB07254,"N-[3-[[4-[(5-CHLORO-1,3-BENZODIOXOL-4-YL)AMINO]PYRIMIDIN-2-YL]AMINO]PHENYL]METHANESULFONAMIDE",Drug,"n-[3-[[4-[(5-chloro-1,3-benzodioxol-4-yl)amino]pyrimidin-2-yl]amino]phenyl]methanesulfonamide",,DrugBank|NCBI,
Drug:DB07255,"N'-(5-CHLORO-1,3-BENZODIOXOL-4-YL)-N-(3-MORPHOLIN-4-YLPHENYL)PYRIMIDINE-2,4-DIAMINE",Drug,"n'-(5-chloro-1,3-benzodioxol-4-yl)-n-(3-morpholin-4-ylphenyl)pyrimidine-2,4-diamine",,DrugBank|NCBI,
Drug:DB07256,"3-({4-[(5-CHLORO-1,3-BENZODIOXOL-4-YL)AMINO]PYRIMIDIN-2-YL}AMINO)BENZAMIDE",Drug,"3-({4-[(5-chloro-1,3-benzodioxol-4-yl)amino]pyrimidin-2-yl}amino)benzamide",,DrugBank|NCBI,
Gene:710,SERPING1,Gene,SERPING1,,DrugBank|MONDO|NCBI|REACTOME,
Drug:DB04959,Verpasep caltespen,Drug,verpasep caltespen,,DrugBank|NCBI,
Gene:23352,UBR4,Gene,UBR4,,DrugBank|MONDO|NCBI|REACTOME,
Drug:DB05483,PCL-016,Drug,pcl-016,,DrugBank|NCBI,
Gene:23411,SIRT1,Gene,SIRT1,,DrugBank|MONDO|MONDO_grouped|NCBI|REACTOME,
Drug:DB13978,Selisistat,Drug,selisistat,,DrugBank|NCBI,
Drug:DB15493,Cambinol,Drug,cambinol,,DrugBank|NCBI,
Gene:5034,P4HB,Gene,P4HB,,DrugBank|MONDO|NCBI|REACTOME,
Drug:DB03615,Ribostamycin,Drug,ribostamycin,,DrugBank|NCBI,
Drug:DB05364,ROX-888,Drug,rox-888,,DrugBank|NCBI,
Gene:6348,CCL3,Gene,CCL3,,DrugBank|MONDO|MONDO_grouped|NCBI|REACTOME,
Gene:10553,HTATIP2,Gene,HTATIP2,,DrugBank|MONDO|MONDO_grouped|NCBI,
Gene:1437,CSF2,Gene,CSF2,,DrugBank|MONDO|MONDO_grouped|NCBI|REACTOME,
Gene:3586,IL10,Gene,IL10,,DrugBank|MONDO|MONDO_grouped|NCBI|REACTOME,
Drug:DB05771,LLL-3348,Drug,lll-3348,,DrugBank|NCBI,
Gene:2668,GDNF,Gene,GDNF,,DrugBank|MONDO_grouped|NCBI|REACTOME,
Gene:1487,CTBP1,Gene,CTBP1,,DrugBank|MONDO|NCBI|REACTOME,
Drug:DB05478,Pradefovir mesylate,Drug,pradefovir mesylate,,DrugBank|NCBI,
Drug:DB06634,Casopitant,Drug,casopitant,,DrugBank|NCBI,
Drug:DB02161,Hydroxy-Phenyl-Acetic Acid 8-Methyl-8-Aza-Bicyclo[3.2.1]Oct-3-Yl Ester,Drug,hydroxy-phenyl-acetic acid 8-methyl-8-aza-bicyclo[3.2.1]oct-3-yl ester,,DrugBank|NCBI,
Drug:DB03056,4-Piperidino-Piperidine,Drug,4-piperidino-piperidine,,DrugBank|NCBI,
Drug:DB03721,N-acetyl-alpha-neuraminic acid,Drug,n-acetyl-alpha-neuraminic acid,,DrugBank|NCBI,
Drug:DB07821,"(1R)-1,2,2-trimethylpropyl (R)-methylphosphinate",Drug,"(1r)-1,2,2-trimethylpropyl (r)-methylphosphinate",,DrugBank|NCBI,
Drug:DB08224,"(1S,7S,8S,8AR)-1,2,3,7,8,8A-HEXAHYDRO-7-METHYL-8-[2-[(2R,4R)-TETRAHYDRO-4-HY DROXY-6-OXO-2H-PYRAN-2-YL]ETHYL]-1-NAPHTHALENOL",Drug,"(1s,7s,8s,8ar)-1,2,3,7,8,8a-hexahydro-7-methyl-8-[2-[(2r,4r)-tetrahydro-4-hy droxy-6-oxo-2h-pyran-2-yl]ethyl]-1-naphthalenol",,DrugBank|NCBI,
Drug:DB02772,Sucrose,Drug,sucrose,,DrugBank|NCBI,
Drug:DB02930,Adenosine 5'-[gamma-thio]triphosphate,Drug,adenosine 5'-[gamma-thio]triphosphate,,DrugBank|NCBI,
Gene:5395,PMS2,Gene,PMS2,,DrugBank|MONDO|NCBI|REACTOME,
Drug:DB05446,LJP 1082,Drug,ljp 1082,,DrugBank|NCBI,
Gene:350,APOH,Gene,APOH,,DrugBank|MONDO_grouped|NCBI|REACTOME,
Gene:563,AZGP1,Gene,AZGP1,,DrugBank|MONDO|NCBI|REACTOME,
Gene:3570,IL6R,Gene,IL6R,,DrugBank|MONDO|MONDO_grouped|NCBI|REACTOME,
Drug:DB03394,Heptaethylene glycol,Drug,heptaethylene glycol,,DrugBank|NCBI,
Drug:DB03556,"2-(2-{2-[2-(2-{2-[2-(2-Ethoxy-Ethoxy)-Ethoxy]-Ethoxy}-Ethoxy)-Ethoxy]-Ethoxy}-Ethoxy)-Ethanol, Polyethyleneglycol Peg400",Drug,"2-(2-{2-[2-(2-{2-[2-(2-ethoxy-ethoxy)-ethoxy]-ethoxy}-ethoxy)-ethoxy]-ethoxy}-ethoxy)-ethanol, polyethyleneglycol peg400",,DrugBank|NCBI,
Gene:5747,PTK2,Gene,PTK2,,DrugBank|MONDO|MONDO_grouped|NCBI|REACTOME,
Drug:DB07248,"7-PYRIDIN-2-YL-N-(3,4,5-TRIMETHOXYPHENYL)-7H-PYRROLO[2,3-D]PYRIMIDIN-2-AMINE",Drug,"7-pyridin-2-yl-n-(3,4,5-trimethoxyphenyl)-7h-pyrrolo[2,3-d]pyrimidin-2-amine",,DrugBank|NCBI,
Drug:DB07460,2-({5-CHLORO-2-[(2-METHOXY-4-MORPHOLIN-4-YLPHENYL)AMINO]PYRIMIDIN-4-YL}AMINO)-N-METHYLBENZAMIDE,Drug,2-({5-chloro-2-[(2-methoxy-4-morpholin-4-ylphenyl)amino]pyrimidin-4-yl}amino)-n-methylbenzamide,,DrugBank|NCBI,
Drug:DB02181,2'-Deoxyguanosine-5'-Triphosphate,Drug,2'-deoxyguanosine-5'-triphosphate,,DrugBank|NCBI,
Drug:DB02345,Selenocysteine,Drug,selenocysteine,,DrugBank|NCBI,
Drug:DB02569,"2',3'-Dehydro-2',3'-Deoxy-Thymidine 5'-Diphosphate",Drug,"2',3'-dehydro-2',3'-deoxy-thymidine 5'-diphosphate",,DrugBank|NCBI,
Drug:DB02607,Adenosine Phosphonoacetic Acid,Drug,adenosine phosphonoacetic acid,,DrugBank|NCBI,
Drug:DB02887,Stavudine triphosphate,Drug,stavudine triphosphate,,DrugBank|NCBI,
Drug:DB03103,Thymidine-5'- Diphosphate,Drug,thymidine-5'- diphosphate,,DrugBank|NCBI,
Drug:DB03491,2'-Deoxyguanosine-5'-Diphosphate,Drug,2'-deoxyguanosine-5'-diphosphate,,DrugBank|NCBI,
Drug:DB04068,"2',3'-dideoxy-3'-fluoro-urididine-5'-diphosphate",Drug,"2',3'-dideoxy-3'-fluoro-urididine-5'-diphosphate",,DrugBank|NCBI,
Drug:DB04366,3'-Deoxy 3'-Amino Adenosine-5'-Diphosphate,Drug,3'-deoxy 3'-amino adenosine-5'-diphosphate,,DrugBank|NCBI,
Drug:DB04542,Zidovudine diphosphate,Drug,zidovudine diphosphate,,DrugBank|NCBI,
Drug:DB03988,"2,6-Diamino-Hexanoic Acid Amide",Drug,"2,6-diamino-hexanoic acid amide",,DrugBank|NCBI,
Gene:116,ADCYAP1,Gene,ADCYAP1,,DrugBank|MONDO_grouped|NCBI|REACTOME,
Gene:306,ANXA3,Gene,ANXA3,,DrugBank|MONDO|NCBI,
Drug:DB03994,Ethanolamine,Drug,ethanolamine,,DrugBank|NCBI,
Drug:DB05945,MDX-1303,Drug,mdx-1303,,DrugBank|NCBI,
Gene:118429,ANTXR2,Gene,ANTXR2,,DrugBank|MONDO|NCBI|REACTOME,
Gene:3957,LGALS2,Gene,LGALS2,,DrugBank|MONDO|NCBI,
Drug:DB05122,R1295,Drug,r1295,,DrugBank|NCBI,
Gene:3691,ITGB4,Gene,ITGB4,,DrugBank|MONDO|NCBI|REACTOME,
Gene:8312,AXIN1,Gene,AXIN1,,DrugBank|MONDO|MONDO_grouped|NCBI|REACTOME,
Drug:DB04665,Coumarin,Drug,coumarin,,DrugBank|NCBI,
Drug:DB07609,"N,N-DIMETHYL(5-(PYRIDIN-3-YL)FURAN-2-YL)METHANAMINE",Drug,"n,n-dimethyl(5-(pyridin-3-yl)furan-2-yl)methanamine",,DrugBank|NCBI,
Drug:DB07617,N-METHYL(5-(PYRIDIN-3-YL)FURAN-2-YL)METHANAMINE,Drug,n-methyl(5-(pyridin-3-yl)furan-2-yl)methanamine,,DrugBank|NCBI,
Drug:DB07621,(5-(PYRIDIN-3-YL)FURAN-2-YL)METHANAMINE,Drug,(5-(pyridin-3-yl)furan-2-yl)methanamine,,DrugBank|NCBI,
Drug:DB07623,"4,4'-DIPYRIDYL DISULFIDE",Drug,"4,4'-dipyridyl disulfide",,DrugBank|NCBI,
Drug:DB04683,"(2R)-3-{[{[(2S)-2,3-DIHYDROXYPROPYL]OXY}(HYDROXY)PHOSPHORYL]OXY}-2-[(9E)-HEXADEC-9-ENOYLOXY]PROPYL (9E)-OCTADEC-9-ENOATE",Drug,"(2r)-3-{[{[(2s)-2,3-dihydroxypropyl]oxy}(hydroxy)phosphoryl]oxy}-2-[(9e)-hexadec-9-enoyloxy]propyl (9e)-octadec-9-enoate",,DrugBank|NCBI,
Gene:2516,NR5A1,Gene,NR5A1,,DrugBank|MONDO|NCBI|REACTOME,
Drug:DB04752,Phosphatidyl ethanol,Drug,phosphatidyl ethanol,,DrugBank|NCBI,
Drug:DB05389,Tetrachlorodecaoxide,Drug,tetrachlorodecaoxide,,DrugBank|NCBI,
Gene:9332,CD163,Gene,CD163,,DrugBank|MONDO|MONDO_grouped|NCBI|REACTOME,
Drug:DB05098,Leptin,Drug,leptin,,DrugBank|NCBI,
Gene:3953,LEPR,Gene,LEPR,,DrugBank|MONDO|NCBI|REACTOME,
Drug:DB09046,Metreleptin,Drug,metreleptin,,DrugBank|NCBI,
Drug:DB05398,C31G,Drug,c31g,,DrugBank|NCBI,
Gene:928,CD9,Gene,CD9,,DrugBank|MONDO|NCBI|REACTOME,
Gene:7010,TEK,Gene,TEK,,DrugBank|MONDO|NCBI|REACTOME,
Drug:DB08221,N-{4-METHYL-3-[(3-PYRIMIDIN-4-YLPYRIDIN-2-YL)AMINO]PHENYL}-3-(TRIFLUOROMETHYL)BENZAMIDE,Drug,n-{4-methyl-3-[(3-pyrimidin-4-ylpyridin-2-yl)amino]phenyl}-3-(trifluoromethyl)benzamide,,DrugBank|NCBI,
Gene:7157,TP53,Gene,TP53,,DrugBank|MONDO|MONDO_grouped|NCBI|REACTOME,
Drug:DB03347,Triethyl phosphate,Drug,triethyl phosphate,,DrugBank|NCBI,
Drug:DB05404,AZD 3355,Drug,azd 3355,,DrugBank|NCBI,
Drug:DB08363,1-(9-ethyl-9H-carbazol-3-yl)-N-methylmethanamine,Drug,1-(9-ethyl-9h-carbazol-3-yl)-n-methylmethanamine,,DrugBank|NCBI,
Drug:DB05149,XL844,Drug,xl844,,DrugBank|NCBI,
Gene:11200,CHEK2,Gene,CHEK2,,DrugBank|MONDO|NCBI|REACTOME,
Gene:1111,CHEK1,Gene,CHEK1,,DrugBank|MONDO|MONDO_grouped|NCBI|REACTOME,
Drug:DB06852,CHIR-124,Drug,chir-124,,DrugBank|NCBI,
Drug:DB06876,"N-{5-[4-(4-METHYLPIPERAZIN-1-YL)PHENYL]-1H-PYRROLO[2,3-B]PYRIDIN-3-YL}NICOTINAMIDE",Drug,"n-{5-[4-(4-methylpiperazin-1-yl)phenyl]-1h-pyrrolo[2,3-b]pyridin-3-yl}nicotinamide",,DrugBank|NCBI,
Drug:DB07025,3-(5-{[4-(AMINOMETHYL)PIPERIDIN-1-YL]METHYL}-1H-INDOL-2-YL)QUINOLIN-2(1H)-ONE,Drug,3-(5-{[4-(aminomethyl)piperidin-1-yl]methyl}-1h-indol-2-yl)quinolin-2(1h)-one,,DrugBank|NCBI,
Drug:DB07034,"2,2'-{[9-(HYDROXYIMINO)-9H-FLUORENE-2,7-DIYL]BIS(OXY)}DIACETIC ACID",Drug,"2,2'-{[9-(hydroxyimino)-9h-fluorene-2,7-diyl]bis(oxy)}diacetic acid",,DrugBank|NCBI,
Drug:DB07037,(2S)-1-AMINO-3-[(5-NITROQUINOLIN-8-YL)AMINO]PROPAN-2-OL,Drug,(2s)-1-amino-3-[(5-nitroquinolin-8-yl)amino]propan-2-ol,,DrugBank|NCBI,
Drug:DB07038,2-(cyclohexylamino)benzoic acid,Drug,2-(cyclohexylamino)benzoic acid,,DrugBank|NCBI,
Drug:DB07075,3-(5-{[4-(AMINOMETHYL)PIPERIDIN-1-YL]METHYL}-1H-INDOL-2-YL)-1H-INDAZOLE-6-CARBONITRILE,Drug,3-(5-{[4-(aminomethyl)piperidin-1-yl]methyl}-1h-indol-2-yl)-1h-indazole-6-carbonitrile,,DrugBank|NCBI,
Drug:DB07078,"(3Z)-6-(4-HYDROXY-3-METHOXYPHENYL)-3-(1H-PYRROL-2-YLMETHYLENE)-1,3-DIHYDRO-2H-INDOL-2-ONE",Drug,"(3z)-6-(4-hydroxy-3-methoxyphenyl)-3-(1h-pyrrol-2-ylmethylene)-1,3-dihydro-2h-indol-2-one",,DrugBank|NCBI,
Drug:DB07158,"5-ETHYL-3-METHYL-1,5-DIHYDRO-4H-PYRAZOLO[4,3-C]QUINOLIN-4-ONE",Drug,"5-ethyl-3-methyl-1,5-dihydro-4h-pyrazolo[4,3-c]quinolin-4-one",,DrugBank|NCBI,
Drug:DB07213,"(5-{3-[5-(PIPERIDIN-1-YLMETHYL)-1H-INDOL-2-YL]-1H-INDAZOL-6-YL}-2H-1,2,3-TRIAZOL-4-YL)METHANOL",Drug,"(5-{3-[5-(piperidin-1-ylmethyl)-1h-indol-2-yl]-1h-indazol-6-yl}-2h-1,2,3-triazol-4-yl)methanol",,DrugBank|NCBI,
Drug:DB07228,1-(5-CHLORO-2-METHOXYPHENYL)-3-{6-[2-(DIMETHYLAMINO)-1-METHYLETHOXY]PYRAZIN-2-YL}UREA,Drug,1-(5-chloro-2-methoxyphenyl)-3-{6-[2-(dimethylamino)-1-methylethoxy]pyrazin-2-yl}urea,,DrugBank|NCBI,
Drug:DB07243,"(3-ENDO)-8-METHYL-8-AZABICYCLO[3.2.1]OCT-3-YL 1H-PYRROLO[2,3-B]PYRIDINE-3-CARBOXYLATE",Drug,"(3-endo)-8-methyl-8-azabicyclo[3.2.1]oct-3-yl 1h-pyrrolo[2,3-b]pyridine-3-carboxylate",,DrugBank|NCBI,
Drug:DB07311,"18-CHLORO-11,12,13,14-TETRAHYDRO-1H,10H-8,4-(AZENO)-9,15,1,3,6-BENZODIOXATRIAZACYCLOHEPTADECIN-2-ONE",Drug,"18-chloro-11,12,13,14-tetrahydro-1h,10h-8,4-(azeno)-9,15,1,3,6-benzodioxatriazacycloheptadecin-2-one",,DrugBank|NCBI,
Drug:DB07314,"1-(5-CHLORO-2,4-DIMETHOXYPHENYL)-3-(5-CYANOPYRAZIN-2-YL)UREA",Drug,"1-(5-chloro-2,4-dimethoxyphenyl)-3-(5-cyanopyrazin-2-yl)urea",,DrugBank|NCBI,
Drug:DB07320,"4-(6-{[(4-METHYLCYCLOHEXYL)AMINO]METHYL}-1,4-DIHYDROINDENO[1,2-C]PYRAZOL-3-YL)BENZOIC ACID",Drug,"4-(6-{[(4-methylcyclohexyl)amino]methyl}-1,4-dihydroindeno[1,2-c]pyrazol-3-yl)benzoic acid",,DrugBank|NCBI,
Drug:DB07336,4-[3-(1H-BENZIMIDAZOL-2-YL)-1H-INDAZOL-6-YL]-2-METHOXYPHENOL,Drug,4-[3-(1h-benzimidazol-2-yl)-1h-indazol-6-yl]-2-methoxyphenol,,DrugBank|NCBI,
Drug:DB07647,"(2R)-1-[(5,6-DIPHENYL-7H-PYRROLO[2,3-D]PYRIMIDIN-4-YL)AMINO]PROPAN-2-OL",Drug,"(2r)-1-[(5,6-diphenyl-7h-pyrrolo[2,3-d]pyrimidin-4-yl)amino]propan-2-ol",,DrugBank|NCBI,
Drug:DB07648,"(2R)-3-{[(4Z)-5,6-DIPHENYL-6,7-DIHYDRO-4H-PYRROLO[2,3-D]PYRIMIDIN-4-YLIDENE]AMINO}PROPANE-1,2-DIOL",Drug,"(2r)-3-{[(4z)-5,6-diphenyl-6,7-dihydro-4h-pyrrolo[2,3-d]pyrimidin-4-ylidene]amino}propane-1,2-diol",,DrugBank|NCBI,
Drug:DB07653,"N-(5,6-DIPHENYLFURO[2,3-D]PYRIMIDIN-4-YL)GLYCINE",Drug,"n-(5,6-diphenylfuro[2,3-d]pyrimidin-4-yl)glycine",,DrugBank|NCBI,
Drug:DB07654,"(5,6-DIPHENYL-FURO[2,3-D]PYRIMIDIN-4-YLAMINO)-ACETIC",Drug,"(5,6-diphenyl-furo[2,3-d]pyrimidin-4-ylamino)-acetic",,DrugBank|NCBI,
Drug:DB07655,"3-AMINO-3-BENZYL-[4.3.0]BICYCLO-1,6-DIAZANONAN-2-ONE",Drug,"3-amino-3-benzyl-[4.3.0]bicyclo-1,6-diazanonan-2-one",,DrugBank|NCBI,
Drug:DB07959,3-(1H-BENZIMIDAZOL-2-YL)-1H-INDAZOLE,Drug,3-(1h-benzimidazol-2-yl)-1h-indazole,,DrugBank|NCBI,
Drug:DB08392,"2-[5,6-BIS-(4-METHOXY-PHENYL)-FURO[2,3-D]PYRIMIDIN-4-YLAMINO]-ETHANOL",Drug,"2-[5,6-bis-(4-methoxy-phenyl)-furo[2,3-d]pyrimidin-4-ylamino]-ethanol",,DrugBank|NCBI,
Drug:DB08393,"2-[(5,6-DIPHENYLFURO[2,3-D]PYRIMIDIN-4-YL)AMINO]ETHANOL",Drug,"2-[(5,6-diphenylfuro[2,3-d]pyrimidin-4-yl)amino]ethanol",,DrugBank|NCBI,
Drug:DB08683,"REL-(9R,12S)-9,10,11,12-TETRAHYDRO-9,12-EPOXY-1H-DIINDOLO[1,2,3-FG:3',2',1'-KL]PYRROLO[3,4-I][1,6]BENZODIAZOCINE-1,3(2H)-DIONE",Drug,"rel-(9r,12s)-9,10,11,12-tetrahydro-9,12-epoxy-1h-diindolo[1,2,3-fg:3',2',1'-kl]pyrrolo[3,4-i][1,6]benzodiazocine-1,3(2h)-dione",,DrugBank|NCBI,
Drug:DB08774,"1-[(2S)-4-(5-phenyl-1H-pyrazolo[3,4-b]pyridin-4-yl)morpholin-2-yl]methanamine",Drug,"1-[(2s)-4-(5-phenyl-1h-pyrazolo[3,4-b]pyridin-4-yl)morpholin-2-yl]methanamine",,DrugBank|NCBI,
Drug:DB08776,"N-(4-OXO-5,6,7,8-TETRAHYDRO-4H-[1,3]THIAZOLO[5,4-C]AZEPIN-2-YL)ACETAMIDE",Drug,"n-(4-oxo-5,6,7,8-tetrahydro-4h-[1,3]thiazolo[5,4-c]azepin-2-yl)acetamide",,DrugBank|NCBI,
Drug:DB08777,"5,6,7,8-TETRAHYDRO[1]BENZOTHIENO[2,3-D]PYRIMIDIN-4(3H)-ONE",Drug,"5,6,7,8-tetrahydro[1]benzothieno[2,3-d]pyrimidin-4(3h)-one",,DrugBank|NCBI,
Drug:DB08778,"[4-amino-2-(tert-butylamino)-1,3-thiazol-5-yl](phenyl)methanone",Drug,"[4-amino-2-(tert-butylamino)-1,3-thiazol-5-yl](phenyl)methanone",,DrugBank|NCBI,
Drug:DB08779,2-(methylsulfanyl)-5-(thiophen-2-ylmethyl)-1H-imidazol-4-ol,Drug,2-(methylsulfanyl)-5-(thiophen-2-ylmethyl)-1h-imidazol-4-ol,,DrugBank|NCBI,
Drug:DB08780,6-MORPHOLIN-4-YL-9H-PURINE,Drug,6-morpholin-4-yl-9h-purine,,DrugBank|NCBI,
Drug:DB08781,"1-[(2S)-4-(5-BROMO-1H-PYRAZOLO[3,4-B]PYRIDIN-4-YL)MORPHOLIN-2-YL]METHANAMINE",Drug,"1-[(2s)-4-(5-bromo-1h-pyrazolo[3,4-b]pyridin-4-yl)morpholin-2-yl]methanamine",,DrugBank|NCBI,
Gene:4513,MT-CO2,Gene,MT-CO2,COX2,DrugBank|MONDO|NCBI|REACTOME,
Gene:10587,TXNRD2,Gene,TXNRD2,,DrugBank|MONDO|NCBI|REACTOME,
Gene:627,BDNF,Gene,BDNF,,DrugBank|MONDO_grouped|NCBI|REACTOME,
Gene:7280,TUBB2A,Gene,TUBB2A,,DrugBank|MONDO|NCBI|REACTOME,
Gene:1003,CDH5,Gene,CDH5,,DrugBank|MONDO|NCBI|REACTOME,
Drug:DB05685,FX06,Drug,fx06,,DrugBank|NCBI,
Drug:DB04703,Hesperidin,Drug,hesperidin,,DrugBank|NCBI,
Gene:9212,AURKB,Gene,AURKB,,DrugBank|MONDO|MONDO_grouped|NCBI|REACTOME,
Drug:DB07340,Reversine,Drug,reversine,,DrugBank|NCBI,
Gene:2348,FOLR1,Gene,FOLR1,,DrugBank|MONDO|NCBI|REACTOME,
Drug:DB05595,Farletuzumab,Drug,farletuzumab,,DrugBank|NCBI,
Gene:332,BIRC5,Gene,BIRC5,,DrugBank|MONDO|MONDO_grouped|NCBI|REACTOME,
Drug:DB04115,Berberine,Drug,berberine,,DrugBank|NCBI,
Drug:DB05141,LY2181308,Drug,ly2181308,,DrugBank|NCBI,
Drug:DB05139,CR002,Drug,cr002,,DrugBank|NCBI,
Gene:80310,PDGFD,Gene,PDGFD,,DrugBank|MONDO|NCBI|REACTOME,
Drug:DB05465,Tandutinib,Drug,tandutinib,,DrugBank|NCBI,
Drug:DB05033,INCB7839,Drug,incb7839,,DrugBank|NCBI,
Gene:8754,ADAM9,Gene,ADAM9,,DrugBank|MONDO|NCBI|REACTOME,
Drug:DB01858,[1-(4-Fluorobenzyl)Cyclobutyl]Methyl (1s)-1-[Oxo(1h-Pyrazol-5-Ylamino)Acetyl]Pentylcarbamate,Drug,[1-(4-fluorobenzyl)cyclobutyl]methyl (1s)-1-[oxo(1h-pyrazol-5-ylamino)acetyl]pentylcarbamate,,DrugBank|NCBI,
Gene:1513,CTSK,Gene,CTSK,,DrugBank|MONDO_grouped|NCBI|REACTOME,
Drug:DB02869,3-amino-5-phenylpentane,Drug,3-amino-5-phenylpentane,,DrugBank|NCBI,
Drug:DB03405,N2-[(Benzyloxy)carbonyl]-N-[(3R)-1-{N-[(benzyloxy)carbonyl]-L-leucyl}-4-oxo-3-pyrrolidinyl]-L-leucinamide,Drug,n2-[(benzyloxy)carbonyl]-n-[(3r)-1-{n-[(benzyloxy)carbonyl]-l-leucyl}-4-oxo-3-pyrrolidinyl]-l-leucinamide,,DrugBank|NCBI,
Drug:DB03456,N2-[(benzyloxy)carbonyl]-n1-[(3S)-1-cyanopyrrolidin-3-yl]-l-leucinamide,Drug,n2-[(benzyloxy)carbonyl]-n1-[(3s)-1-cyanopyrrolidin-3-yl]-l-leucinamide,,DrugBank|NCBI,
Drug:DB03642,N-[(2S)-4-Methyl-1-oxo-1-{[(4S)-3-oxo-1-(2-pyridinylsulfonyl)-4-azepanyl]amino}-2-pentanyl]-1-benzofuran-2-carboxamide,Drug,n-[(2s)-4-methyl-1-oxo-1-{[(4s)-3-oxo-1-(2-pyridinylsulfonyl)-4-azepanyl]amino}-2-pentanyl]-1-benzofuran-2-carboxamide,,DrugBank|NCBI,
Drug:DB03891,"Dibenzyl (carbonylbis{2,1-hydrazinediyl[(2S)-4-methyl-1-oxo-1,2-pentanediyl]})biscarbamate",Drug,"dibenzyl (carbonylbis{2,1-hydrazinediyl[(2s)-4-methyl-1-oxo-1,2-pentanediyl]})biscarbamate",,DrugBank|NCBI,
Drug:DB04234,N2-({[(4-Bromophenyl)Methyl]Oxy}Carbonyl)-N1-[(1s)-1-Formylpentyl]-L-Leucinamide,Drug,n2-({[(4-bromophenyl)methyl]oxy}carbonyl)-n1-[(1s)-1-formylpentyl]-l-leucinamide,,DrugBank|NCBI,
Drug:DB04244,(2R)-2-(3-Biphenylyl)-N-{(2R)-2-hydroxy-3-[(2-pyridinylsulfonyl)amino]propyl}-4-methylpentanamide,Drug,(2r)-2-(3-biphenylyl)-n-{(2r)-2-hydroxy-3-[(2-pyridinylsulfonyl)amino]propyl}-4-methylpentanamide,,DrugBank|NCBI,
Drug:DB04523,Tert-Butyl(1s)-1-Cyclohexyl-2-Oxoethylcarbamate,Drug,tert-butyl(1s)-1-cyclohexyl-2-oxoethylcarbamate,,DrugBank|NCBI,
Drug:DB05736,MIV-701,Drug,miv-701,,DrugBank|NCBI,
Drug:DB06367,Relacatib,Drug,relacatib,,DrugBank|NCBI,
Drug:DB07563,"1-{7-cyclohexyl-6-[4-(4-methylpiperazin-1-yl)benzyl]-7H-pyrrolo[2,3-d]pyrimidin-2-yl}methanamine",Drug,"1-{7-cyclohexyl-6-[4-(4-methylpiperazin-1-yl)benzyl]-7h-pyrrolo[2,3-d]pyrimidin-2-yl}methanamine",,DrugBank|NCBI,
Drug:DB07592,(2R)-3-Methyl-1-phenyl-2-butanyl [(2S)-1-oxo-2-hexanyl]carbamate,Drug,(2r)-3-methyl-1-phenyl-2-butanyl [(2s)-1-oxo-2-hexanyl]carbamate,,DrugBank|NCBI,
Drug:DB07593,1-(PHENYLMETHYL)CYCLOPENTYL[(1S)-1-FORMYLPENTYL]CARBAMATE,Drug,1-(phenylmethyl)cyclopentyl[(1s)-1-formylpentyl]carbamate,,DrugBank|NCBI,
Drug:DB07965,6-(cyclohexylamino)-9-[2-(4-methylpiperazin-1-yl)-ethyl]-9H-purine-2-carbonitrile,Drug,6-(cyclohexylamino)-9-[2-(4-methylpiperazin-1-yl)-ethyl]-9h-purine-2-carbonitrile,,DrugBank|NCBI,
Drug:DB07967,9-CYCLOPENTYL-6-[2-(3-IMIDAZOL-1-YL-PROPOXY)-PHENYLAMINO]-9H-PURINE-2-CARBONITRILE,Drug,9-cyclopentyl-6-[2-(3-imidazol-1-yl-propoxy)-phenylamino]-9h-purine-2-carbonitrile,,DrugBank|NCBI,
Drug:DB08270,"N-(2-AMINOETHYL)-N~2~-{(1S)-1-[4'-(AMINOSULFONYL)BIPHENYL-4-YL]-2,2,2-TRIFLUOROETHYL}-L-LEUCINAMIDE",Drug,"n-(2-aminoethyl)-n~2~-{(1s)-1-[4'-(aminosulfonyl)biphenyl-4-yl]-2,2,2-trifluoroethyl}-l-leucinamide",,DrugBank|NCBI,
Drug:DB08287,"(1R,2R)-N-(2-Aminoethyl)-2-{[(4-methoxyphenyl)sulfonyl]methyl}cyclohexanecarboxamide",Drug,"(1r,2r)-n-(2-aminoethyl)-2-{[(4-methoxyphenyl)sulfonyl]methyl}cyclohexanecarboxamide",,DrugBank|NCBI,
Drug:DB08594,TERT-BUTYL 2-CYANO-2-METHYLHYDRAZINECARBOXYLATE,Drug,tert-butyl 2-cyano-2-methylhydrazinecarboxylate,,DrugBank|NCBI,
Drug:DB15599,MIV-711,Drug,miv-711,,DrugBank|NCBI,
Gene:3479,IGF1,Gene,IGF1,,DrugBank|MONDO|MONDO_grouped|NCBI|REACTOME,
Gene:572,BAD,Gene,BAD,,DrugBank|MONDO|NCBI|REACTOME,
Drug:DB06061,AZD-8330,Drug,azd-8330,,DrugBank|NCBI,
Gene:4214,MAP3K1,Gene,MAP3K1,,DrugBank|MONDO|NCBI|REACTOME,
Drug:DB06064,KAI-1455,Drug,kai-1455,,DrugBank|NCBI,
Gene:5581,PRKCE,Gene,PRKCE,,DrugBank|MONDO|MONDO_grouped|NCBI|REACTOME,
Drug:DB06094,Apatorsen,Drug,apatorsen,,DrugBank|NCBI,
Gene:3315,HSPB1,Gene,HSPB1,,DrugBank|MONDO|MONDO_grouped|NCBI|REACTOME,
Drug:DB06097,GSK-923295,Drug,gsk-923295,,DrugBank|NCBI,
Gene:1062,CENPE,Gene,CENPE,,DrugBank|MONDO|MONDO_grouped|NCBI|REACTOME,
Drug:DB11595,Atezolizumab,Drug,atezolizumab,,DrugBank|NCBI,
Gene:29126,CD274,Gene,CD274,,DrugBank|MONDO|MONDO_grouped|NCBI|REACTOME,
Drug:DB11714,Durvalumab,Drug,durvalumab,,DrugBank|NCBI,
Drug:DB11945,Avelumab,Drug,avelumab,,DrugBank|NCBI,
Gene:2852,GPER1,Gene,GPER1,,DrugBank|MONDO|NCBI|REACTOME,
Drug:DB05939,MK-0354,Drug,mk-0354,,DrugBank|NCBI,
Gene:335,APOA1,Gene,APOA1,,DrugBank|MONDO|MONDO_grouped|NCBI|REACTOME,
Drug:DB12773,Sifalimumab,Drug,sifalimumab,,DrugBank|NCBI,
Gene:3440,IFNA2,Gene,IFNA2,,DrugBank|MONDO|NCBI|REACTOME,
Drug:DB12845,Amatuximab,Drug,amatuximab,,DrugBank|NCBI,
Gene:10232,MSLN,Gene,MSLN,,DrugBank|MONDO|NCBI|REACTOME,
Gene:841,CASP8,Gene,CASP8,,DrugBank|MONDO|MONDO_grouped|NCBI|REACTOME,
Drug:DB12651,Bardoxolone,Drug,bardoxolone,,DrugBank|NCBI,
Gene:6774,STAT3,Gene,STAT3,,DrugBank|MONDO|MONDO_grouped|NCBI|REACTOME,
Drug:DB12077,Urelumab,Drug,urelumab,,DrugBank|NCBI,
Gene:3604,TNFRSF9,Gene,TNFRSF9,,DrugBank|MONDO|NCBI|REACTOME,
Drug:DB12339,Radezolid,Drug,radezolid,,DrugBank|NCBI,
Gene:51388,NIP7,Gene,NIP7,,DrugBank|MONDO|NCBI|REACTOME,
Gene:4792,NFKBIA,Gene,NFKBIA,,DrugBank|MONDO|MONDO_grouped|NCBI|REACTOME,
Drug:DB05983,Bardoxolone methyl,Drug,bardoxolone methyl,,DrugBank|NCBI,
Drug:DB06543,Astaxanthin,Drug,astaxanthin,,DrugBank|NCBI,
Drug:DB05996,Glembatumumab vedotin,Drug,glembatumumab vedotin,,DrugBank|NCBI,
Gene:10457,GPNMB,Gene,GPNMB,,DrugBank|MONDO|NCBI|REACTOME,
Gene:4137,MAPT,Gene,MAPT,,DrugBank|MONDO|MONDO_grouped|NCBI|REACTOME,
Gene:4852,NPY,Gene,NPY,,DrugBank|MONDO_grouped|NCBI|REACTOME,
Drug:DB03380,L-tyrosinamide,Drug,l-tyrosinamide,,DrugBank|NCBI,
Drug:DB06157,Istaroxime,Drug,istaroxime,,DrugBank|NCBI,
Gene:488,ATP2A2,Gene,ATP2A2,,DrugBank|MONDO_grouped|NCBI|REACTOME,
Gene:2847,MCHR1,Gene,MCHR1,,DrugBank|MONDO_grouped|NCBI|REACTOME,
Drug:DB13083,Talarozole,Drug,talarozole,,DrugBank|NCBI,
Drug:DB02740,3-Indolebutyric Acid,Drug,3-indolebutyric acid,,DrugBank|NCBI,
Gene:3105,HLA-A,Gene,HLA-A,,DrugBank|MONDO_grouped|NCBI|REACTOME,
Drug:DB06226,Nelipepimut-S,Drug,nelipepimut-s,,DrugBank|NCBI,
Drug:DB11294,Coccidioides immitis spherule,Drug,coccidioides immitis spherule,,DrugBank|NCBI,
Gene:3630,INS,Gene,INS,,DrugBank|MONDO|NCBI|REACTOME,
Drug:DB01776,M-Cresol,Drug,m-cresol,,DrugBank|NCBI,
Drug:DB06325,Pegpleranib,Drug,pegpleranib,,DrugBank|NCBI,
Gene:5155,PDGFB,Gene,PDGFB,,DrugBank|MONDO|MONDO_grouped|NCBI|REACTOME,
Drug:DB08890,Linaclotide,Drug,linaclotide,,DrugBank|NCBI,
Gene:2984,GUCY2C,Gene,GUCY2C,,DrugBank|MONDO|NCBI|REACTOME,
Drug:DB05084,Abaloparatide,Drug,abaloparatide,,DrugBank|NCBI,
Gene:5745,PTH1R,Gene,PTH1R,,DrugBank|MONDO|MONDO_grouped|NCBI|REACTOME,
Drug:DB05829,Parathyroid hormone,Drug,parathyroid hormone,,DrugBank|NCBI,
Drug:DB06285,Teriparatide,Drug,teriparatide,,DrugBank|NCBI,
Drug:DB07108,"4'-FLUORO-1,1'-BIPHENYL-4-CARBOXYLIC ACID",Drug,"4'-fluoro-1,1'-biphenyl-4-carboxylic acid",,DrugBank|NCBI,
Gene:598,BCL2L1,Gene,BCL2L1,,DrugBank|MONDO|MONDO_grouped|NCBI|REACTOME,
Drug:DB13044,Gossypol,Drug,gossypol,,DrugBank|NCBI,
Gene:4170,MCL1,Gene,MCL1,,DrugBank|MONDO|NCBI|REACTOME,
Gene:1454,CSNK1E,Gene,CSNK1E,,DrugBank|MONDO|MONDO_grouped|NCBI|REACTOME,
Drug:DB03214,Vinylglycine,Drug,vinylglycine,,DrugBank|NCBI,
Gene:84680,ACCS,Gene,ACCS,,DrugBank|MONDO|NCBI,
Gene:1071,CETP,Gene,CETP,,DrugBank|MONDO|MONDO_grouped|NCBI|REACTOME,
Drug:DB06560,Pascolizumab,Drug,pascolizumab,,DrugBank|NCBI,
Gene:3565,IL4,Gene,IL4,,DrugBank|MONDO_grouped|NCBI|REACTOME,
Gene:9759,HDAC4,Gene,HDAC4,,DrugBank|MONDO|MONDO_grouped|NCBI|REACTOME,
Drug:DB07879,"N-hydroxy-5-[(3-phenyl-5,6-dihydroimidazo[1,2-a]pyrazin-7(8H)-yl)carbonyl]thiophene-2-carboxamide",Drug,"n-hydroxy-5-[(3-phenyl-5,6-dihydroimidazo[1,2-a]pyrazin-7(8h)-yl)carbonyl]thiophene-2-carboxamide",,DrugBank|NCBI,
Drug:DB08613,"2,2,2-TRIFLUORO-1-{5-[(3-PHENYL-5,6-DIHYDROIMIDAZO[1,2-A]PYRAZIN-7(8H)-YL)CARBONYL]THIOPHEN-2-YL}ETHANE-1,1-DIOL",Drug,"2,2,2-trifluoro-1-{5-[(3-phenyl-5,6-dihydroimidazo[1,2-a]pyrazin-7(8h)-yl)carbonyl]thiophen-2-yl}ethane-1,1-diol",,DrugBank|NCBI,
Drug:DB04297,Trichostatin A,Drug,trichostatin a,,DrugBank|NCBI,
Gene:51564,HDAC7,Gene,HDAC7,,DrugBank|MONDO|NCBI|REACTOME,
Drug:DB07173,"7-(5-DEOXY-BETA-D-RIBOFURANOSYL)-5-IODO-7H-PYRROLO[2,3-D]PYRIMIDIN-4-AMINE",Drug,"7-(5-deoxy-beta-d-ribofuranosyl)-5-iodo-7h-pyrrolo[2,3-d]pyrimidin-4-amine",,DrugBank|NCBI,
Drug:DB07280,5-[4-(DIMETHYLAMINO)PHENYL]-6-[(6-MORPHOLIN-4-YLPYRIDIN-3-YL)ETHYNYL]PYRIMIDIN-4-AMINE,Drug,5-[4-(dimethylamino)phenyl]-6-[(6-morpholin-4-ylpyridin-3-yl)ethynyl]pyrimidin-4-amine,,DrugBank|NCBI,
Drug:DB12379,Indirubin,Drug,indirubin,,DrugBank|NCBI,
Drug:DB02974,4-(4-Chlorophenyl)Imidazole,Drug,4-(4-chlorophenyl)imidazole,,DrugBank|NCBI,
Drug:DB04664,Cyclohexyl-pentyl-maltoside,Drug,cyclohexyl-pentyl-maltoside,,DrugBank|NCBI,
Drug:DB08369,1-(biphenyl-4-ylmethyl)-1H-imidazole,Drug,1-(biphenyl-4-ylmethyl)-1h-imidazole,,DrugBank|NCBI,
Drug:DB00789,Gadopentetic acid,Drug,gadopentetic acid,,DrugBank|NCBI,
Drug:DB03962,Nicotinamide 8-bromo-adenine dinucleotide phosphate,Drug,nicotinamide 8-bromo-adenine dinucleotide phosphate,,DrugBank|NCBI,
Drug:DB00630,Alendronic acid,Drug,alendronic acid,,DrugBank|NCBI,
Gene:5802,PTPRS,Gene,PTPRS,,DrugBank|MONDO|NCBI|REACTOME,
Drug:DB01077,Etidronic acid,Drug,etidronic acid,,DrugBank|NCBI,
Gene:3688,ITGB1,Gene,ITGB1,,DrugBank|MONDO|NCBI|REACTOME,
Drug:DB13170,Plecanatide,Drug,plecanatide,,DrugBank|NCBI,
Gene:11188,NISCH,Gene,NISCH,,DrugBank|MONDO|NCBI|REACTOME,
Gene:1143,CHRNB4,Gene,CHRNB4,,DrugBank|MONDO|NCBI|REACTOME,
Drug:DB01090,Pentolinium,Drug,pentolinium,,DrugBank|NCBI,
Gene:1136,CHRNA3,Gene,CHRNA3,,DrugBank|MONDO|MONDO_grouped|NCBI|REACTOME,
Drug:DB00848,Levamisole,Drug,levamisole,,DrugBank|NCBI,
Drug:DB05710,Gantacurium,Drug,gantacurium,,DrugBank|NCBI,
Gene:1138,CHRNA5,Gene,CHRNA5,,DrugBank|MONDO|MONDO_grouped|NCBI|REACTOME,
Gene:2566,GABRG2,Gene,GABRG2,,DrugBank|MONDO_grouped|NCBI|REACTOME,
Gene:2568,GABRP,Gene,GABRP,,DrugBank|MONDO|NCBI,
Gene:55879,GABRQ,Gene,GABRQ,,DrugBank|MONDO_grouped|NCBI|REACTOME,
Gene:2563,GABRD,Gene,GABRD,,DrugBank|MONDO|MONDO_grouped|NCBI,
Gene:3752,KCND3,Gene,KCND3,,DrugBank|MONDO|NCBI|REACTOME,
Gene:4915,NTRK2,Gene,NTRK2,,DrugBank|MONDO|MONDO_grouped|NCBI|REACTOME,
Drug:DB07670,"N,4-Dimethyl-N-(1-phenyl-1H-pyrazol-5-yl)benzenesulfonamide",Drug,"n,4-dimethyl-n-(1-phenyl-1h-pyrazol-5-yl)benzenesulfonamide",,DrugBank|NCBI,
Gene:5426,POLE,Gene,POLE,,DrugBank|MONDO|NCBI|REACTOME,
Gene:3482,IGF2R,Gene,IGF2R,,DrugBank|MONDO|MONDO_grouped|NCBI|REACTOME,
Drug:DB02900,alpha-D-mannose 6-phosphate,Drug,alpha-d-mannose 6-phosphate,,DrugBank|NCBI,
Drug:DB13173,Cerliponase alfa,Drug,cerliponase alfa,,DrugBank|NCBI,
Gene:55800,SCN3B,Gene,SCN3B,,DrugBank|MONDO|NCBI|REACTOME,
Gene:10057,ABCC5,Gene,ABCC5,,DrugBank|MONDO|NCBI|REACTOME,
Gene:368,ABCC6,Gene,ABCC6,,DrugBank|MONDO|NCBI|REACTOME,
Drug:DB06749,Ginsenoside Rb1,Drug,ginsenoside rb1,,DrugBank|NCBI,
Drug:DB06750,Ginsenoside Rg1,Drug,ginsenoside rg1,,DrugBank|NCBI,
Gene:4319,MMP10,Gene,MMP10,,DrugBank|MONDO|NCBI|REACTOME,
Gene:4316,MMP7,Gene,MMP7,,DrugBank|MONDO|NCBI|REACTOME,
Drug:DB08170,"(1R)-N,6-DIHYDROXY-7-METHOXY-2-[(4-METHOXYPHENYL)SULFONYL]-1,2,3,4-TETRAHYDROISOQUINOLINE-1-CARBOXAMIDE",Drug,"(1r)-n,6-dihydroxy-7-methoxy-2-[(4-methoxyphenyl)sulfonyl]-1,2,3,4-tetrahydroisoquinoline-1-carboxamide",,DrugBank|NCBI,
Drug:DB08489,"N4-HYDROXY-2-ISOBUTYL-N1-(9-OXO-1,8-DIAZA-TRICYCLO[10.6.1.013,18]NONADECA-12(19),13,15,17-TETRAEN-10-YL)-SUCCINAMIDE",Drug,"n4-hydroxy-2-isobutyl-n1-(9-oxo-1,8-diaza-tricyclo[10.6.1.013,18]nonadeca-12(19),13,15,17-tetraen-10-yl)-succinamide",,DrugBank|NCBI,
Drug:DB08493,"5-METHYL-3-(9-OXO-1,8-DIAZA-TRICYCLO[10.6.1.013,18]NONADECA-12(19),13,15,17-TETRAEN-10-YLCARBAMOYL)-HEXANOIC ACID",Drug,"5-methyl-3-(9-oxo-1,8-diaza-tricyclo[10.6.1.013,18]nonadeca-12(19),13,15,17-tetraen-10-ylcarbamoyl)-hexanoic acid",,DrugBank|NCBI,
Gene:4320,MMP11,Gene,MMP11,,DrugBank|MONDO|NCBI|REACTOME,
Drug:DB04318,Nα-[(2S)-2-{[(S)-[(1S)-1-{[(Benzyloxy)carbonyl]amino}-2-phenylethyl](hydroxy)phosphoryl]methyl}-5-phenylpentanoyl]-L-tryptophanamide,Drug,nα-[(2s)-2-{[(s)-[(1s)-1-{[(benzyloxy)carbonyl]amino}-2-phenylethyl](hydroxy)phosphoryl]methyl}-5-phenylpentanoyl]-l-tryptophanamide,,DrugBank|NCBI,
Gene:4323,MMP14,Gene,MMP14,,DrugBank|MONDO|NCBI|REACTOME,
Gene:196,AHR,Gene,AHR,,DrugBank|MONDO|MONDO_grouped|NCBI|REACTOME,
Drug:DB07715,Emodin,Drug,emodin,,DrugBank|NCBI,
Drug:DB08995,Diosmin,Drug,diosmin,,DrugBank|NCBI,
Drug:DB11577,Indigotindisulfonic acid,Drug,indigotindisulfonic acid,,DrugBank|NCBI,
Drug:DB11937,Kynurenic Acid,Drug,kynurenic acid,,DrugBank|NCBI,
Drug:DB12328,Cantharidin,Drug,cantharidin,,DrugBank|NCBI,
Gene:2101,ESRRA,Gene,ESRRA,,DrugBank|MONDO|NCBI|REACTOME,
Drug:DB06833,1-CYCLOHEXYL-N-{[1-(4-METHYLPHENYL)-1H-INDOL-3-YL]METHYL}METHANAMINE,Drug,1-cyclohexyl-n-{[1-(4-methylphenyl)-1h-indol-3-yl]methyl}methanamine,,DrugBank|NCBI,
Gene:8648,NCOA1,Gene,NCOA1,,DrugBank|MONDO|NCBI|REACTOME,
Drug:DB06836,"N-(5-{4-Chloro-3-[(2-hydroxyethyl)sulfamoyl]phenyl}-4-methyl-1,3-thiazol-2-yl)acetamide",Drug,"n-(5-{4-chloro-3-[(2-hydroxyethyl)sulfamoyl]phenyl}-4-methyl-1,3-thiazol-2-yl)acetamide",,DrugBank|NCBI,
Gene:5289,PIK3C3,Gene,PIK3C3,,DrugBank|MONDO_grouped|NCBI|REACTOME,
Drug:DB02091,"4-(2,4-Dimethyl-Thiazol-5-Yl)-Pyrimidin-2-Ylamine",Drug,"4-(2,4-dimethyl-thiazol-5-yl)-pyrimidin-2-ylamine",,DrugBank|NCBI,
Gene:890,CCNA2,Gene,CCNA2,,DrugBank|MONDO_grouped|NCBI|REACTOME,
Drug:DB02407,6-O-Cyclohexylmethyl Guanine,Drug,6-o-cyclohexylmethyl guanine,,DrugBank|NCBI,
Drug:DB02833,[4-(2-Amino-4-Methyl-Thiazol-5-Yl)-Pyrimidin-2-Yl]-(3-Nitro-Phenyl)-Amine,Drug,[4-(2-amino-4-methyl-thiazol-5-yl)-pyrimidin-2-yl]-(3-nitro-phenyl)-amine,,DrugBank|NCBI,
Drug:DB02915,"4-(2,4-Dimethyl-1,3-thiazol-5-yl)-N-[4-(trifluoromethyl)phenyl]-2-pyrimidinamine",Drug,"4-(2,4-dimethyl-1,3-thiazol-5-yl)-n-[4-(trifluoromethyl)phenyl]-2-pyrimidinamine",,DrugBank|NCBI,
Drug:DB06844,"4-[(7-OXO-7H-THIAZOLO[5,4-E]INDOL-8-YLMETHYL)-AMINO]-N-PYRIDIN-2-YL-BENZENESULFONAMIDE",Drug,"4-[(7-oxo-7h-thiazolo[5,4-e]indol-8-ylmethyl)-amino]-n-pyridin-2-yl-benzenesulfonamide",,DrugBank|NCBI,
Drug:DB06944,N-(3-cyclopropyl-1H-pyrazol-5-yl)-2-(2-naphthyl)acetamide,Drug,n-(3-cyclopropyl-1h-pyrazol-5-yl)-2-(2-naphthyl)acetamide,,DrugBank|NCBI,
Drug:DB06948,2-ANILINO-6-CYCLOHEXYLMETHOXYPURINE,Drug,2-anilino-6-cyclohexylmethoxypurine,,DrugBank|NCBI,
Drug:DB07126,O6-CYCLOHEXYLMETHOXY-2-(4'-SULPHAMOYLANILINO) PURINE,Drug,o6-cyclohexylmethoxy-2-(4'-sulphamoylanilino) purine,,DrugBank|NCBI,
Drug:DB07137,(2S)-N-[(3E)-5-Cyclopropyl-3H-pyrazol-3-ylidene]-2-[4-(2-oxo-1-imidazolidinyl)phenyl]propanamide,Drug,(2s)-n-[(3e)-5-cyclopropyl-3h-pyrazol-3-ylidene]-2-[4-(2-oxo-1-imidazolidinyl)phenyl]propanamide,,DrugBank|NCBI,
Drug:DB07164,"N-cyclopropyl-4-pyrazolo[1,5-b]pyridazin-3-ylpyrimidin-2-amine",Drug,"n-cyclopropyl-4-pyrazolo[1,5-b]pyridazin-3-ylpyrimidin-2-amine",,DrugBank|NCBI,
Drug:DB07203,6-CYCLOHEXYLMETHOXY-2-(3'-CHLOROANILINO) PURINE,Drug,6-cyclohexylmethoxy-2-(3'-chloroanilino) purine,,DrugBank|NCBI,
Drug:DB07471,"5-[5,6-BIS(METHYLOXY)-1H-BENZIMIDAZOL-1-YL]-3-{[1-(2-CHLOROPHENYL)ETHYL]OXY}-2-THIOPHENECARBOXAMIDE",Drug,"5-[5,6-bis(methyloxy)-1h-benzimidazol-1-yl]-3-{[1-(2-chlorophenyl)ethyl]oxy}-2-thiophenecarboxamide",,DrugBank|NCBI,
Drug:DB07533,"4-{5-[(Z)-(2-IMINO-4-OXO-1,3-THIAZOLIDIN-5-YLIDENE)METHYL]-2-FURYL}-N-METHYLBENZENESULFONAMIDE",Drug,"4-{5-[(z)-(2-imino-4-oxo-1,3-thiazolidin-5-ylidene)methyl]-2-furyl}-n-methylbenzenesulfonamide",,DrugBank|NCBI,
Drug:DB07534,"4-{5-[(Z)-(2-IMINO-4-OXO-1,3-THIAZOLIDIN-5-YLIDENE)METHYL]FURAN-2-YL}BENZENESULFONAMIDE",Drug,"4-{5-[(z)-(2-imino-4-oxo-1,3-thiazolidin-5-ylidene)methyl]furan-2-yl}benzenesulfonamide",,DrugBank|NCBI,
Drug:DB07538,"4-{5-[(Z)-(2-IMINO-4-OXO-1,3-THIAZOLIDIN-5-YLIDENE)METHYL]FURAN-2-YL}-2-(TRIFLUOROMETHYL)BENZENESULFONAMIDE",Drug,"4-{5-[(z)-(2-imino-4-oxo-1,3-thiazolidin-5-ylidene)methyl]furan-2-yl}-2-(trifluoromethyl)benzenesulfonamide",,DrugBank|NCBI,
Drug:DB07539,"4-{5-[(Z)-(2-IMINO-4-OXO-1,3-THIAZOLIDIN-5-YLIDENE)METHYL]FURAN-2-YL}BENZOIC ACID",Drug,"4-{5-[(z)-(2-imino-4-oxo-1,3-thiazolidin-5-ylidene)methyl]furan-2-yl}benzoic acid",,DrugBank|NCBI,
Drug:DB07562,"N-[4-(2,4-DIMETHYL-THIAZOL-5-YL)-PYRIMIDIN-2-YL]-N',N'-DIMETHYL-BENZENE-1,4-DIAMINE",Drug,"n-[4-(2,4-dimethyl-thiazol-5-yl)-pyrimidin-2-yl]-n',n'-dimethyl-benzene-1,4-diamine",,DrugBank|NCBI,
Drug:DB07688,"4-{[5-(CYCLOHEXYLOXY)[1,2,4]TRIAZOLO[1,5-A]PYRIMIDIN-7-YL]AMINO}BENZENESULFONAMIDE",Drug,"4-{[5-(cyclohexyloxy)[1,2,4]triazolo[1,5-a]pyrimidin-7-yl]amino}benzenesulfonamide",,DrugBank|NCBI,
Drug:DB07852,"1-(3,5-DICHLOROPHENYL)-5-METHYL-1H-1,2,4-TRIAZOLE-3-CARBOXYLIC ACID",Drug,"1-(3,5-dichlorophenyl)-5-methyl-1h-1,2,4-triazole-3-carboxylic acid",,DrugBank|NCBI,
Drug:DB08178,"4-(4-methoxy-1H-pyrrolo[2,3-b]pyridin-3-yl)pyrimidin-2-amine",Drug,"4-(4-methoxy-1h-pyrrolo[2,3-b]pyridin-3-yl)pyrimidin-2-amine",,DrugBank|NCBI,
Drug:DB08182,"4-(4-propoxy-1H-pyrrolo[2,3-b]pyridin-3-yl)pyrimidin-2-amine",Drug,"4-(4-propoxy-1h-pyrrolo[2,3-b]pyridin-3-yl)pyrimidin-2-amine",,DrugBank|NCBI,
Drug:DB08218,"HYDROXY(OXO)(3-{[(2Z)-4-[3-(1H-1,2,4-TRIAZOL-1-YLMETHYL)PHENYL]PYRIMIDIN-2(5H)-YLIDENE]AMINO}PHENYL)AMMONIUM",Drug,"hydroxy(oxo)(3-{[(2z)-4-[3-(1h-1,2,4-triazol-1-ylmethyl)phenyl]pyrimidin-2(5h)-ylidene]amino}phenyl)ammonium",,DrugBank|NCBI,
Drug:DB08219,"4-Methyl-5-[(2Z)-2-{[4-(4-morpholinyl)phenyl]imino}-2,5-dihydro-4-pyrimidinyl]-1,3-thiazol-2-amine",Drug,"4-methyl-5-[(2z)-2-{[4-(4-morpholinyl)phenyl]imino}-2,5-dihydro-4-pyrimidinyl]-1,3-thiazol-2-amine",,DrugBank|NCBI,
Drug:DB08233,6-CYCLOHEXYLMETHYLOXY-2-(4'-HYDROXYANILINO)PURINE,Drug,6-cyclohexylmethyloxy-2-(4'-hydroxyanilino)purine,,DrugBank|NCBI,
Drug:DB08241,4-(6-CYCLOHEXYLMETHOXY-9H-PURIN-2-YLAMINO)--BENZAMIDE,Drug,4-(6-cyclohexylmethoxy-9h-purin-2-ylamino)--benzamide,,DrugBank|NCBI,
Drug:DB08248,3-(6-CYCLOHEXYLMETHOXY-9H-PURIN-2-YLAMINO)-BENZENESULFONAMIDE,Drug,3-(6-cyclohexylmethoxy-9h-purin-2-ylamino)-benzenesulfonamide,,DrugBank|NCBI,
Drug:DB08285,"(2R)-2-{[4-(benzylamino)-8-(1-methylethyl)pyrazolo[1,5-a][1,3,5]triazin-2-yl]amino}butan-1-ol",Drug,"(2r)-2-{[4-(benzylamino)-8-(1-methylethyl)pyrazolo[1,5-a][1,3,5]triazin-2-yl]amino}butan-1-ol",,DrugBank|NCBI,
Drug:DB08309,3-({2-[(4-{[6-(CYCLOHEXYLMETHOXY)-9H-PURIN-2-YL]AMINO}PHENYL)SULFONYL]ETHYL}AMINO)PROPAN-1-OL,Drug,3-({2-[(4-{[6-(cyclohexylmethoxy)-9h-purin-2-yl]amino}phenyl)sulfonyl]ethyl}amino)propan-1-ol,,DrugBank|NCBI,
Drug:DB08355,"1-methyl-8-(phenylamino)-4,5-dihydro-1H-pyrazolo[4,3-h]quinazoline-3-carboxylic acid",Drug,"1-methyl-8-(phenylamino)-4,5-dihydro-1h-pyrazolo[4,3-h]quinazoline-3-carboxylic acid",,DrugBank|NCBI,
Drug:DB08463,(2R)-2-({9-(1-methylethyl)-6-[(4-pyridin-2-ylbenzyl)amino]-9H-purin-2-yl}amino)butan-1-ol,Drug,(2r)-2-({9-(1-methylethyl)-6-[(4-pyridin-2-ylbenzyl)amino]-9h-purin-2-yl}amino)butan-1-ol,,DrugBank|NCBI,
Drug:DB08527,"1-[4-(AMINOSULFONYL)PHENYL]-1,6-DIHYDROPYRAZOLO[3,4-E]INDAZOLE-3-CARBOXAMIDE",Drug,"1-[4-(aminosulfonyl)phenyl]-1,6-dihydropyrazolo[3,4-e]indazole-3-carboxamide",,DrugBank|NCBI,
Drug:DB08572,4-{[4-AMINO-6-(CYCLOHEXYLMETHOXY)-5-NITROSOPYRIMIDIN-2-YL]AMINO}BENZAMIDE,Drug,4-{[4-amino-6-(cyclohexylmethoxy)-5-nitrosopyrimidin-2-yl]amino}benzamide,,DrugBank|NCBI,
Drug:DB08694,Variolin B,Drug,variolin b,,DrugBank|NCBI,
Gene:5300,PIN1,Gene,PIN1,,DrugBank|MONDO|NCBI|REACTOME,
Drug:DB06867,"3,6,9,12,15,18-HEXAOXAICOSANE",Drug,"3,6,9,12,15,18-hexaoxaicosane",,DrugBank|NCBI,
Gene:10499,NCOA2,Gene,NCOA2,,DrugBank|MONDO|NCBI|REACTOME,
Drug:DB06884,4-HYDROXY-N'-(4-ISOPROPYLBENZYL)BENZOHYDRAZIDE,Drug,4-hydroxy-n'-(4-isopropylbenzyl)benzohydrazide,,DrugBank|NCBI,
Gene:8204,NRIP1,Gene,NRIP1,,DrugBank|MONDO|MONDO_grouped|NCBI|REACTOME,
Drug:DB06897,"3-[3-chloro-5-(5-{[(1S)-1-phenylethyl]amino}isoxazolo[5,4-c]pyridin-3-yl)phenyl]propan-1-ol",Drug,"3-[3-chloro-5-(5-{[(1s)-1-phenylethyl]amino}isoxazolo[5,4-c]pyridin-3-yl)phenyl]propan-1-ol",,DrugBank|NCBI,
Gene:5347,PLK1,Gene,PLK1,,DrugBank|MONDO|MONDO_grouped|NCBI|REACTOME,
Drug:DB06963,"3-[3-(3-methyl-6-{[(1S)-1-phenylethyl]amino}-1H-pyrazolo[4,3-c]pyridin-1-yl)phenyl]propanamide",Drug,"3-[3-(3-methyl-6-{[(1s)-1-phenylethyl]amino}-1h-pyrazolo[4,3-c]pyridin-1-yl)phenyl]propanamide",,DrugBank|NCBI,
Drug:DB07789,"1-[5-Methyl-2-(trifluoromethyl)furan-3-yl]-3-[5-[2-[[6-(1H-1,2,4-triazol-5-ylamino)pyrimidin-4-yl]amino]ethyl]-1,3-thiazol-2-yl]urea",Drug,"1-[5-methyl-2-(trifluoromethyl)furan-3-yl]-3-[5-[2-[[6-(1h-1,2,4-triazol-5-ylamino)pyrimidin-4-yl]amino]ethyl]-1,3-thiazol-2-yl]urea",,DrugBank|NCBI,
Drug:DB06900,1-[4-(hydroxymethyl)phenyl]guanidine,Drug,1-[4-(hydroxymethyl)phenyl]guanidine,,DrugBank|NCBI,
Gene:5652,PRSS8,Gene,PRSS8,,DrugBank|MONDO|NCBI|REACTOME,
Gene:1990,CELA1,Gene,CELA1,,DrugBank|MONDO|NCBI,
Drug:DB02114,Cumidine,Drug,cumidine,,DrugBank|NCBI,
Drug:DB02341,"Mdl 101,146",Drug,"mdl 101,146",,DrugBank|NCBI,
Drug:DB03202,"2-[5-Methanesulfonylamino-2-(4-Aminophenyl)-6-Oxo-1,6-Dihydro-1-Pyrimidinyl]-N-(3,3,3-Trifluoro-1-Isopropyl-2-Oxopropyl)Acetamide",Drug,"2-[5-methanesulfonylamino-2-(4-aminophenyl)-6-oxo-1,6-dihydro-1-pyrimidinyl]-n-(3,3,3-trifluoro-1-isopropyl-2-oxopropyl)acetamide",,DrugBank|NCBI,
Drug:DB03702,"N-{4-[(Carboxymethyl)carbamoyl]benzoyl}-L-valyl-N-[(3S)-1,1,1-trifluoro-4-methyl-2-oxo-3-pentanyl]-L-prolinamide",Drug,"n-{4-[(carboxymethyl)carbamoyl]benzoyl}-l-valyl-n-[(3s)-1,1,1-trifluoro-4-methyl-2-oxo-3-pentanyl]-l-prolinamide",,DrugBank|NCBI,
Drug:DB03757,N-{[(2-Methyl-2-propanyl)oxy]carbonyl}-L-alanyl-L-alaninamide,Drug,n-{[(2-methyl-2-propanyl)oxy]carbonyl}-l-alanyl-l-alaninamide,,DrugBank|NCBI,
Drug:DB03890,N-[2-(1-Formyl-2-Methyl-Propyl)-1-(4-Piperidin-1-Yl-but-2-Enoyl)-Pyrrolidin-3-Yl]-Methanesulfonamide,Drug,n-[2-(1-formyl-2-methyl-propyl)-1-(4-piperidin-1-yl-but-2-enoyl)-pyrrolidin-3-yl]-methanesulfonamide,,DrugBank|NCBI,
Drug:DB03925,Freselestat,Drug,freselestat,,DrugBank|NCBI,
Drug:DB06951,(3R)-3-ethyl-N-[(4-methylphenyl)sulfonyl]-L-aspartic acid,Drug,(3r)-3-ethyl-n-[(4-methylphenyl)sulfonyl]-l-aspartic acid,,DrugBank|NCBI,
Drug:DB07433,(TERT-BUTYLOXYCARBONYL)-ALANYL-AMINO ETHYL-FORMAMIDE,Drug,(tert-butyloxycarbonyl)-alanyl-amino ethyl-formamide,,DrugBank|NCBI,
Drug:DB07955,(2-BROMOETHYL)(2-'FORMYL-4'-AMINOPHENYL) ACETATE,Drug,(2-bromoethyl)(2-'formyl-4'-aminophenyl) acetate,,DrugBank|NCBI,
Drug:DB07956,[1-(3-CHLORO-2-FORMYL-PHENYLCARBAMOYL)-2-METHYL-PROPYL]-CARBAMIC ACID TERT-BUTYL ESTER,Drug,[1-(3-chloro-2-formyl-phenylcarbamoyl)-2-methyl-propyl]-carbamic acid tert-butyl ester,,DrugBank|NCBI,
Drug:DB07957,METHYL(2-ACETOXY-2-(2-CARBOXY-4-AMINO-PHENYL))ACETATE,Drug,methyl(2-acetoxy-2-(2-carboxy-4-amino-phenyl))acetate,,DrugBank|NCBI,
Drug:DB08007,(2R)-3-{[(BENZYLAMINO)CARBONYL]AMINO}-2-HYDROXYPROPANOIC ACID,Drug,(2r)-3-{[(benzylamino)carbonyl]amino}-2-hydroxypropanoic acid,,DrugBank|NCBI,
Drug:DB08614,"3-[[(METHYLAMINO)SULFONYL]AMINO]-2-OXO-6-PHENYL-N-[3,3,3-TRIFLUORO-1-(1-METHYLETHYL)-2-OXOPHENYL]-1(2H)-PYRIDINE ACETAMIDE",Drug,"3-[[(methylamino)sulfonyl]amino]-2-oxo-6-phenyl-n-[3,3,3-trifluoro-1-(1-methylethyl)-2-oxophenyl]-1(2h)-pyridine acetamide",,DrugBank|NCBI,
Drug:DB08640,"(2S,3S)-3-FORMYL-2-({[(4-METHYLPHENYL)SULFONYL]AMINO}METHYL)PENTANOIC ACID",Drug,"(2s,3s)-3-formyl-2-({[(4-methylphenyl)sulfonyl]amino}methyl)pentanoic acid",,DrugBank|NCBI,
Drug:DB08641,"(2S,3S)-3-FORMYL-2-({[(4-NITROPHENYL)SULFONYL]AMINO}METHYL)PENTANOIC ACID",Drug,"(2s,3s)-3-formyl-2-({[(4-nitrophenyl)sulfonyl]amino}methyl)pentanoic acid",,DrugBank|NCBI,
Drug:DB01919,Pentanal,Drug,pentanal,,DrugBank|NCBI,
Gene:5566,PRKACA,Gene,PRKACA,,DrugBank|MONDO|NCBI|REACTOME,
Drug:DB01940,Balanol Analog 2,Drug,balanol analog 2,,DrugBank|NCBI,
Drug:DB02155,3-[(3-sec-butyl-4-hydroxybenzoyl)amino]azepan-4-yl 4-(2-hydroxy-5-methoxybenzoyl)benzoate,Drug,3-[(3-sec-butyl-4-hydroxybenzoyl)amino]azepan-4-yl 4-(2-hydroxy-5-methoxybenzoyl)benzoate,,DrugBank|NCBI,
Drug:DB02611,Balanol Analog 1,Drug,balanol analog 1,,DrugBank|NCBI,
Drug:DB04098,Balanol,Drug,balanol,,DrugBank|NCBI,
Drug:DB04707,Hydroxyfasudil,Drug,hydroxyfasudil,,DrugBank|NCBI,
Drug:DB06959,(2S)-1-(3H-Indol-3-yl)-3-{[5-(6-isoquinolinyl)-3-pyridinyl]oxy}-2-propanamine,Drug,(2s)-1-(3h-indol-3-yl)-3-{[5-(6-isoquinolinyl)-3-pyridinyl]oxy}-2-propanamine,,DrugBank|NCBI,
Drug:DB06977,(2S)-1-{[5-(1H-Indazol-5-yl)-3-pyridinyl]oxy}-3-(7aH-indol-3-yl)-2-propanamine,Drug,(2s)-1-{[5-(1h-indazol-5-yl)-3-pyridinyl]oxy}-3-(7ah-indol-3-yl)-2-propanamine,,DrugBank|NCBI,
Drug:DB07107,(1S)-2-(1H-INDOL-3-YL)-1-[({5-[(E)-2-PYRIDIN-4-YLVINYL]PYRIDIN-3-YL}OXY)METHYL]ETHYLAMINE,Drug,(1s)-2-(1h-indol-3-yl)-1-[({5-[(e)-2-pyridin-4-ylvinyl]pyridin-3-yl}oxy)methyl]ethylamine,,DrugBank|NCBI,
Drug:DB07124,"(2S)-1-(6H-INDOL-3-YL)-3-{[5-(7H-PYRAZOLO[3,4-C]PYRIDIN-5-YL)PYRIDIN-3-YL]OXY}PROPAN-2-AMINE",Drug,"(2s)-1-(6h-indol-3-yl)-3-{[5-(7h-pyrazolo[3,4-c]pyridin-5-yl)pyridin-3-yl]oxy}propan-2-amine",,DrugBank|NCBI,
Drug:DB07204,"(1S)-1-(1H-INDOL-3-YLMETHYL)-2-(2-PYRIDIN-4-YL-[1,7]NAPHTYRIDIN-5-YLOXY)-EHYLAMINE",Drug,"(1s)-1-(1h-indol-3-ylmethyl)-2-(2-pyridin-4-yl-[1,7]naphtyridin-5-yloxy)-ehylamine",,DrugBank|NCBI,
Drug:DB07235,"N-[(1S)-2-AMINO-1-(2,4-DICHLOROBENZYL)ETHYL]-5-[2-(METHYLAMINO)PYRIMIDIN-4-YL]THIOPHENE-2-CARBOXAMIDE",Drug,"n-[(1s)-2-amino-1-(2,4-dichlorobenzyl)ethyl]-5-[2-(methylamino)pyrimidin-4-yl]thiophene-2-carboxamide",,DrugBank|NCBI,
Drug:DB07458,"3-(1H-indol-3-yl)-4-{1-[2-(1-methylpyrrolidin-2-yl)ethyl]-1H-indol-3-yl}-1H-pyrrole-2,5-dione",Drug,"3-(1h-indol-3-yl)-4-{1-[2-(1-methylpyrrolidin-2-yl)ethyl]-1h-indol-3-yl}-1h-pyrrole-2,5-dione",,DrugBank|NCBI,
Drug:DB07583,"(4R,2S)-5'-(4-(4-CHLOROBENZYLOXY)PYRROLIDIN-2-YLMETHANESULFONYL)ISOQUINOLINE",Drug,"(4r,2s)-5'-(4-(4-chlorobenzyloxy)pyrrolidin-2-ylmethanesulfonyl)isoquinoline",,DrugBank|NCBI,
Drug:DB07854,N-METHYL-1-[4-(9H-PURIN-6-YL)PHENYL]METHANAMINE,Drug,n-methyl-1-[4-(9h-purin-6-yl)phenyl]methanamine,,DrugBank|NCBI,
Drug:DB07855,(S)-1-PHENYL-1-[4-(9H-PURIN-6-YL)PHENYL]METHANAMINE,Drug,(s)-1-phenyl-1-[4-(9h-purin-6-yl)phenyl]methanamine,,DrugBank|NCBI,
Drug:DB07856,6-{4-[4-(4-CHLOROPHENYL)PIPERIDIN-4-YL]PHENYL}-9H-PURINE,Drug,6-{4-[4-(4-chlorophenyl)piperidin-4-yl]phenyl}-9h-purine,,DrugBank|NCBI,
Drug:DB07857,(2R)-2-(4-chlorophenyl)-2-[4-(1H-pyrazol-4-yl)phenyl]ethanamine,Drug,(2r)-2-(4-chlorophenyl)-2-[4-(1h-pyrazol-4-yl)phenyl]ethanamine,,DrugBank|NCBI,
Drug:DB07858,(2S)-2-(4-chlorophenyl)-2-[4-(1H-pyrazol-4-yl)phenyl]ethanamine,Drug,(2s)-2-(4-chlorophenyl)-2-[4-(1h-pyrazol-4-yl)phenyl]ethanamine,,DrugBank|NCBI,
Drug:DB07860,(2R)-2-(4-CHLOROPHENYL)-2-PHENYLETHANAMINE,Drug,(2r)-2-(4-chlorophenyl)-2-phenylethanamine,,DrugBank|NCBI,
Drug:DB07876,(S)-2-METHYL-1-[(4-METHYL-5-ISOQUINOLINE)SULFONYL]-HOMOPIPERAZINE,Drug,(s)-2-methyl-1-[(4-methyl-5-isoquinoline)sulfonyl]-homopiperazine,,DrugBank|NCBI,
Drug:DB07995,H-89,Drug,h-89,,DrugBank|NCBI,
Drug:DB07996,5-(2-methylpiperazine-1-sulfonyl)isoquinoline,Drug,5-(2-methylpiperazine-1-sulfonyl)isoquinoline,,DrugBank|NCBI,
Drug:DB07997,N-[2-(METHYLAMINO)ETHYL]-5-ISOQUINOLINESULFONAMIDE,Drug,n-[2-(methylamino)ethyl]-5-isoquinolinesulfonamide,,DrugBank|NCBI,
Drug:DB08070,2-[4-(3-METHYL-1H-PYRAZOL-4-YL)PHENYL]ETHANAMINE,Drug,2-[4-(3-methyl-1h-pyrazol-4-yl)phenyl]ethanamine,,DrugBank|NCBI,
Drug:DB08113,3-pyridin-4-yl-1H-indazole,Drug,3-pyridin-4-yl-1h-indazole,,DrugBank|NCBI,
Drug:DB08114,"5-benzyl-1,3-thiazol-2-amine",Drug,"5-benzyl-1,3-thiazol-2-amine",,DrugBank|NCBI,
Drug:DB08148,"1-[4-(4-chlorophenyl)-1-(7H-pyrrolo[2,3-d]pyrimidin-4-yl)piperidin-4-yl]methanamine",Drug,"1-[4-(4-chlorophenyl)-1-(7h-pyrrolo[2,3-d]pyrimidin-4-yl)piperidin-4-yl]methanamine",,DrugBank|NCBI,
Drug:DB08149,"1-[4-(4-chlorobenzyl)-1-(7H-pyrrolo[2,3-d]pyrimidin-4-yl)piperidin-4-yl]methanamine",Drug,"1-[4-(4-chlorobenzyl)-1-(7h-pyrrolo[2,3-d]pyrimidin-4-yl)piperidin-4-yl]methanamine",,DrugBank|NCBI,
Drug:DB08150,"4-(4-chlorobenzyl)-1-(7H-pyrrolo[2,3-d]pyrimidin-4-yl)piperidin-4-aminium",Drug,"4-(4-chlorobenzyl)-1-(7h-pyrrolo[2,3-d]pyrimidin-4-yl)piperidin-4-aminium",,DrugBank|NCBI,
Drug:DB08162,Fasudil,Drug,fasudil,,DrugBank|NCBI,
Drug:DB08568,A-674563,Drug,a-674563,,DrugBank|NCBI,
Drug:DB08569,"3-PYRIDIN-4-YL-2,4-DIHYDRO-INDENO[1,2-.C.] PYRAZOLE",Drug,"3-pyridin-4-yl-2,4-dihydro-indeno[1,2-.c.] pyrazole",,DrugBank|NCBI,
Drug:DB08756,Y-27632,Drug,y-27632,,DrugBank|NCBI,
Drug:DB02164,N-sulfo-flavin mononucleotide,Drug,n-sulfo-flavin mononucleotide,,DrugBank|NCBI,
Gene:54363,HAO1,Gene,HAO1,,DrugBank|MONDO|NCBI|REACTOME,
Drug:DB02279,Benzoylformic Acid,Drug,benzoylformic acid,,DrugBank|NCBI,
Drug:DB03064,"3-Decyl-2,5-Dioxo-4-Hydroxy-3-Pyrroline",Drug,"3-decyl-2,5-dioxo-4-hydroxy-3-pyrroline",,DrugBank|NCBI,
Drug:DB03884,Phenylpyruvic acid,Drug,phenylpyruvic acid,,DrugBank|NCBI,
Drug:DB04374,"4-Carboxy-5-(1-Pentyl)Hexylsulfanyl-1,2,3-Triazole",Drug,"4-carboxy-5-(1-pentyl)hexylsulfanyl-1,2,3-triazole",,DrugBank|NCBI,
Drug:DB06979,"5-(dodecylthio)-1H-1,2,3-triazole-4-carboxylic acid",Drug,"5-(dodecylthio)-1h-1,2,3-triazole-4-carboxylic acid",,DrugBank|NCBI,
Drug:DB07060,3-(INDOL-3-YL) LACTATE,Drug,3-(indol-3-yl) lactate,,DrugBank|NCBI,
Drug:DB07907,(2S)-2-HYDROXYOCTANOIC ACID,Drug,(2s)-2-hydroxyoctanoic acid,,DrugBank|NCBI,
Drug:DB06990,"4-[(1E,7E)-8-(2,6-DIOXO-1,2,3,6-TETRAHYDROPYRIMIDIN-4-YL)-3,6-DIOXA-2,7-DIAZAOCTA-1,7-DIEN-1-YL]BENZOIC ACID",Drug,"4-[(1e,7e)-8-(2,6-dioxo-1,2,3,6-tetrahydropyrimidin-4-yl)-3,6-dioxa-2,7-diazaocta-1,7-dien-1-yl]benzoic acid",,DrugBank|NCBI,
Gene:7374,UNG,Gene,UNG,,DrugBank|MONDO|NCBI|REACTOME,
Drug:DB07116,1-(2-DEOXY-5-O-PHOSPHONO-BETA-D-ERYTHRO-PENTOFURANOSYL)-4-METHYL-1H-INDOLE,Drug,1-(2-deoxy-5-o-phosphono-beta-d-erythro-pentofuranosyl)-4-methyl-1h-indole,,DrugBank|NCBI,
Drug:DB07760,"3-[(1E,7E)-8-(2,6-dioxo-1,2,3,6-tetrahydropyrimidin-4-yl)-3,6-dioxa-2,7-diazaocta-1,7-dien-1-yl]benzoic acid",Drug,"3-[(1e,7e)-8-(2,6-dioxo-1,2,3,6-tetrahydropyrimidin-4-yl)-3,6-dioxa-2,7-diazaocta-1,7-dien-1-yl]benzoic acid",,DrugBank|NCBI,
Drug:DB07045,"(2R,3R,4S,5R)-2-[6-amino-8-[(3,4-dichlorophenyl)methylamino]purin-9-yl]-5-(hydroxymethyl)oxolane-3,4-diol",Drug,"(2r,3r,4s,5r)-2-[6-amino-8-[(3,4-dichlorophenyl)methylamino]purin-9-yl]-5-(hydroxymethyl)oxolane-3,4-diol",,DrugBank|NCBI,
Gene:573,BAG1,Gene,BAG1,,DrugBank|MONDO|MONDO_grouped|NCBI|REACTOME,
Drug:DB03921,4-(3-Pyridin-2-Yl-1h-Pyrazol-4-Yl)Quinoline,Drug,4-(3-pyridin-2-yl-1h-pyrazol-4-yl)quinoline,,DrugBank|NCBI,
Gene:7046,TGFBR1,Gene,TGFBR1,,DrugBank|MONDO|NCBI|REACTOME,
Drug:DB04434,Naphthyridine Inhibitor,Drug,naphthyridine inhibitor,,DrugBank|NCBI,
Drug:DB04480,"3-(4-Fluorophenyl)-2-(6-Methylpyridin-2-Yl)-5,6-Dihydro-4h-Pyrrolo[1,2-B]Pyrazole",Drug,"3-(4-fluorophenyl)-2-(6-methylpyridin-2-yl)-5,6-dihydro-4h-pyrrolo[1,2-b]pyrazole",,DrugBank|NCBI,
Drug:DB07152,N-[4-(5-fluoro-6-methylpyridin-2-yl)-5-quinoxalin-6-yl-1H-imidazol-2-yl]acetamide,Drug,n-[4-(5-fluoro-6-methylpyridin-2-yl)-5-quinoxalin-6-yl-1h-imidazol-2-yl]acetamide,,DrugBank|NCBI,
Drug:DB07267,2-(6-methylpyridin-2-yl)-N-pyridin-4-ylquinazolin-4-amine,Drug,2-(6-methylpyridin-2-yl)-n-pyridin-4-ylquinazolin-4-amine,,DrugBank|NCBI,
Drug:DB08450,N-1H-indazol-5-yl-2-(6-methylpyridin-2-yl)quinazolin-4-amine,Drug,n-1h-indazol-5-yl-2-(6-methylpyridin-2-yl)quinazolin-4-amine,,DrugBank|NCBI,
Gene:52,ACP1,Gene,ACP1,,DrugBank|MONDO_grouped|NCBI,
Drug:DB04214,4-Nitrophenyl Phosphate,Drug,4-nitrophenyl phosphate,,DrugBank|NCBI,
Gene:5599,MAPK8,Gene,MAPK8,,DrugBank|MONDO_grouped|NCBI|REACTOME,
Drug:DB01782,Pyrazolanthrone,Drug,pyrazolanthrone,,DrugBank|NCBI,
Drug:DB07218,"6-CHLORO-9-HYDROXY-1,3-DIMETHYL-1,9-DIHYDRO-4H-PYRAZOLO[3,4-B]QUINOLIN-4-ONE",Drug,"6-chloro-9-hydroxy-1,3-dimethyl-1,9-dihydro-4h-pyrazolo[3,4-b]quinolin-4-one",,DrugBank|NCBI,
Drug:DB07268,2-({2-[(3-HYDROXYPHENYL)AMINO]PYRIMIDIN-4-YL}AMINO)BENZAMIDE,Drug,2-({2-[(3-hydroxyphenyl)amino]pyrimidin-4-yl}amino)benzamide,,DrugBank|NCBI,
Drug:DB07272,"N-(4-AMINO-5-CYANO-6-ETHOXYPYRIDIN-2-YL)-2-(4-BROMO-2,5-DIMETHOXYPHENYL)ACETAMIDE",Drug,"n-(4-amino-5-cyano-6-ethoxypyridin-2-yl)-2-(4-bromo-2,5-dimethoxyphenyl)acetamide",,DrugBank|NCBI,
Drug:DB07276,"5-CYANO-N-(2,5-DIMETHOXYBENZYL)-6-ETHOXYPYRIDINE-2-CARBOXAMIDE",Drug,"5-cyano-n-(2,5-dimethoxybenzyl)-6-ethoxypyridine-2-carboxamide",,DrugBank|NCBI,
Drug:DB07845,"2-fluoro-6-{[2-({2-methoxy-4-[(methylsulfonyl)methyl]phenyl}amino)-7H-pyrrolo[2,3-d]pyrimidin-4-yl]amino}benzamide",Drug,"2-fluoro-6-{[2-({2-methoxy-4-[(methylsulfonyl)methyl]phenyl}amino)-7h-pyrrolo[2,3-d]pyrimidin-4-yl]amino}benzamide",,DrugBank|NCBI,
Gene:7272,TTK,Gene,TTK,,DrugBank|MONDO|MONDO_grouped|NCBI,
Drug:DB15498,BOS172722,Drug,bos172722,,DrugBank|NCBI,
Drug:DB07168,[4-({4-[(5-cyclopropyl-1H-pyrazol-3-yl)amino]-6-(methylamino)pyrimidin-2-yl}amino)phenyl]acetonitrile,Drug,[4-({4-[(5-cyclopropyl-1h-pyrazol-3-yl)amino]-6-(methylamino)pyrimidin-2-yl}amino)phenyl]acetonitrile,,DrugBank|NCBI,
Gene:816,CAMK2B,Gene,CAMK2B,,DrugBank|MONDO_grouped|NCBI|REACTOME,
Drug:DB07180,"5-[(Z)-(5-Chloro-2-oxo-1,2-dihydro-3H-indol-3-ylidene)methyl]-N,2,4-trimethyl-1H-pyrrole-3-carboxamide",Drug,"5-[(z)-(5-chloro-2-oxo-1,2-dihydro-3h-indol-3-ylidene)methyl]-n,2,4-trimethyl-1h-pyrrole-3-carboxamide",,DrugBank|NCBI,
Gene:4751,NEK2,Gene,NEK2,,DrugBank|MONDO|MONDO_grouped|NCBI|REACTOME,
Gene:3619,INCENP,Gene,INCENP,,DrugBank|MONDO|NCBI|REACTOME,
Drug:DB02506,"2,6,8-Trimethyl-3-Amino-9-Benzyl-9-Methoxynonanoic Acid",Drug,"2,6,8-trimethyl-3-amino-9-benzyl-9-methoxynonanoic acid",,DrugBank|NCBI,
Gene:5520,PPP2R2A,Gene,PPP2R2A,,DrugBank|MONDO|NCBI|REACTOME,
Drug:DB07344,"3,6,9,12,15-PENTAOXAHEPTADECAN-1-OL",Drug,"3,6,9,12,15-pentaoxaheptadecan-1-ol",,DrugBank|NCBI,
Gene:27349,MCAT,Gene,MCAT,,DrugBank|MONDO_grouped|NCBI|REACTOME,
Drug:DB02774,"1,3-Propanediol",Drug,"1,3-propanediol",,DrugBank|NCBI,
Gene:375,ARF1,Gene,ARF1,,DrugBank|MONDO|NCBI|REACTOME,
Drug:DB04121,Guanosine-3'-monophosphate-5'-diphosphate,Drug,guanosine-3'-monophosphate-5'-diphosphate,,DrugBank|NCBI,
Gene:8851,CDK5R1,Gene,CDK5R1,,DrugBank|MONDO_grouped|NCBI|REACTOME,
Drug:DB02494,(S)-3-phenyllactic acid,Drug,(s)-3-phenyllactic acid,,DrugBank|NCBI,
Gene:23521,RPL13A,Gene,RPL13A,,DrugBank|MONDO|NCBI|REACTOME,
Drug:DB07374,Anisomycin,Drug,anisomycin,,DrugBank|NCBI,
Drug:DB08437,Puromycin,Drug,puromycin,,DrugBank|NCBI,
Gene:6147,RPL23A,Gene,RPL23A,,DrugBank|MONDO|NCBI|REACTOME,
Gene:6135,RPL11,Gene,RPL11,,DrugBank|MONDO|NCBI|REACTOME,
Drug:DB07382,"N~2~-1H-benzimidazol-5-yl-N~4~-(3-cyclopropyl-1H-pyrazol-5-yl)pyrimidine-2,4-diamine",Drug,"n~2~-1h-benzimidazol-5-yl-n~4~-(3-cyclopropyl-1h-pyrazol-5-yl)pyrimidine-2,4-diamine",,DrugBank|NCBI,
Gene:2081,ERN1,Gene,ERN1,,DrugBank|MONDO|NCBI|REACTOME,
Gene:7167,TPI1,Gene,TPI1,,DrugBank|MONDO|MONDO_grouped|NCBI|REACTOME,
Drug:DB01695,N-Hydroxy-4-Phosphono-Butanamide,Drug,n-hydroxy-4-phosphono-butanamide,,DrugBank|NCBI,
Drug:DB03026,Phosphoglycolohydroxamic Acid,Drug,phosphoglycolohydroxamic acid,,DrugBank|NCBI,
Drug:DB03132,3-(2-Benzothiazolylthio)-1-Propanesulfonic Acid,Drug,3-(2-benzothiazolylthio)-1-propanesulfonic acid,,DrugBank|NCBI,
Drug:DB03135,[2(Formyl-Hydroxy-Amino)-Ethyl]-Phosphonic Acid,Drug,[2(formyl-hydroxy-amino)-ethyl]-phosphonic acid,,DrugBank|NCBI,
Drug:DB03379,2-Carboxyethylphosphonic Acid,Drug,2-carboxyethylphosphonic acid,,DrugBank|NCBI,
Drug:DB03900,tert-butanol,Drug,tert-butanol,,DrugBank|NCBI,
Drug:DB04510,3-phospho-D-glyceric acid,Drug,3-phospho-d-glyceric acid,,DrugBank|NCBI,
Drug:DB07387,3-(BUTYLSULPHONYL)-PROPANOIC ACID,Drug,3-(butylsulphonyl)-propanoic acid,,DrugBank|NCBI,
Gene:9970,NR1I3,Gene,NR1I3,,DrugBank|MONDO|MONDO_grouped|NCBI|REACTOME,
Drug:DB01889,"16,17-Androstene-3-Ol",Drug,"16,17-androstene-3-ol",,DrugBank|NCBI,
Gene:7385,UQCRC2,Gene,UQCRC2,,DrugBank|MONDO|NCBI|REACTOME,
Drug:DB07435,"1,2,3-TRIHYDROXY-1,2,3,4-TETRAHYDROBENZO[A]PYRENE",Drug,"1,2,3-trihydroxy-1,2,3,4-tetrahydrobenzo[a]pyrene",,DrugBank|NCBI,
Gene:51426,POLK,Gene,POLK,,DrugBank|MONDO|NCBI|REACTOME,
Drug:DB07652,"1-[2-DEOXYRIBOFURANOSYL]-2,4-DIFLUORO-5-METHYL-BENZENE-5'MONOPHOSPHATE",Drug,"1-[2-deoxyribofuranosyl]-2,4-difluoro-5-methyl-benzene-5'monophosphate",,DrugBank|NCBI,
Drug:DB08237,2'-deoxy-N-(naphthalen-1-ylmethyl)guanosine 5'-(dihydrogen phosphate),Drug,2'-deoxy-n-(naphthalen-1-ylmethyl)guanosine 5'-(dihydrogen phosphate),,DrugBank|NCBI,
Drug:DB02046,N-[(Furan-2-Yl)Carbonyl]-(S)-Leucyl-(R)-[1-Amino-2(1h-Indol-3-Yl)Ethyl]-Phosphonic Acid,Drug,n-[(furan-2-yl)carbonyl]-(s)-leucyl-(r)-[1-amino-2(1h-indol-3-yl)ethyl]-phosphonic acid,,DrugBank|NCBI,
Gene:10863,ADAM28,Gene,ADAM28,,DrugBank|MONDO|NCBI,
Drug:DB02215,Furoyl-Leucine,Drug,furoyl-leucine,,DrugBank|NCBI,
Drug:DB02255,Ilomastat,Drug,ilomastat,,DrugBank|NCBI,
Drug:DB02996,2-(Thiomethylene)-4-Methylpentanoic Acid,Drug,2-(thiomethylene)-4-methylpentanoic acid,,DrugBank|NCBI,
Drug:DB08733,"(2R,3R)-N^1^-[(1S)-2,2-DIMETHYL-1-(METHYLCARBAMOYL)PROPYL]-N^4^-HYDROXY-2-(2-METHYLPROPYL)-3-{[(1,3-THIAZOL-2-YLCARBONYL)AMINO]METHYL}BUTANEDIAMIDE",Drug,"(2r,3r)-n^1^-[(1s)-2,2-dimethyl-1-(methylcarbamoyl)propyl]-n^4^-hydroxy-2-(2-methylpropyl)-3-{[(1,3-thiazol-2-ylcarbonyl)amino]methyl}butanediamide",,DrugBank|NCBI,
Drug:DB00331,Metformin,Drug,metformin,,DrugBank|NCBI,
Gene:2110,ETFDH,Gene,ETFDH,,DrugBank|MONDO|NCBI|REACTOME,
Drug:DB01944,(S)-blebbistatin,Drug,(s)-blebbistatin,,DrugBank|NCBI,
Gene:79784,MYH14,Gene,MYH14,,DrugBank|MONDO|NCBI|REACTOME,
Drug:DB03126,Mant-Adp,Drug,mant-adp,,DrugBank|NCBI,
Drug:DB04444,Tetrafluoroaluminate Ion,Drug,tetrafluoroaluminate ion,,DrugBank|NCBI,
Drug:DB07468,"(3aS)-3a-hydroxy-5-methyl-1-phenyl-1,2,3,3a-tetrahydro-4H-pyrrolo[2,3-b]quinolin-4-one",Drug,"(3as)-3a-hydroxy-5-methyl-1-phenyl-1,2,3,3a-tetrahydro-4h-pyrrolo[2,3-b]quinolin-4-one",,DrugBank|NCBI,
Drug:DB07469,"(3aS)-3a-hydroxy-7-methyl-1-phenyl-1,2,3,3a-tetrahydro-4H-pyrrolo[2,3-b]quinolin-4-one",Drug,"(3as)-3a-hydroxy-7-methyl-1-phenyl-1,2,3,3a-tetrahydro-4h-pyrrolo[2,3-b]quinolin-4-one",,DrugBank|NCBI,
Drug:DB07470,"(3aS)-3a-hydroxy-1-phenyl-1,2,3,3a-tetrahydro-4H-pyrrolo[2,3-b]quinolin-4-one",Drug,"(3as)-3a-hydroxy-1-phenyl-1,2,3,3a-tetrahydro-4h-pyrrolo[2,3-b]quinolin-4-one",,DrugBank|NCBI,
Drug:DB08276,trifluoro-[hydroxy-[hydroxy-[2-(N-methyl-2-nitro-anilino)ethoxy]phosphoryl]oxy-phosphoryl]oxy-beryllium(1-),Drug,trifluoro-[hydroxy-[hydroxy-[2-(n-methyl-2-nitro-anilino)ethoxy]phosphoryl]oxy-phosphoryl]oxy-beryllium(1-),,DrugBank|NCBI,
Drug:DB08515,"(3AR,6R,6AS)-6-((S)-((S)-CYCLOHEX-2-ENYL)(HYDROXY)METHYL)-6A-METHYL-4-OXO-HEXAHYDRO-2H-FURO[3,2-C]PYRROLE-6-CARBALDEHYDE",Drug,"(3ar,6r,6as)-6-((s)-((s)-cyclohex-2-enyl)(hydroxy)methyl)-6a-methyl-4-oxo-hexahydro-2h-furo[3,2-c]pyrrole-6-carbaldehyde",,DrugBank|NCBI,
Gene:5683,PSMA2,Gene,PSMA2,,DrugBank|MONDO|NCBI|REACTOME,
Gene:5685,PSMA4,Gene,PSMA4,,DrugBank|MONDO|MONDO_grouped|NCBI|REACTOME,
Gene:5210,PFKFB4,Gene,PFKFB4,,DrugBank|MONDO|NCBI|REACTOME,
Drug:DB02405,12-Bromododecanoic Acid,Drug,12-bromododecanoic acid,,DrugBank|NCBI,
Gene:5047,PAEP,Gene,PAEP,,DrugBank|MONDO|NCBI,
Drug:DB07494,"(3-EXO)-3-(10,11-DIHYDRO-5H-DIBENZO[A,D][7]ANNULEN-5-YLOXY)-8,8-DIMETHYL-8-AZONIABICYCLO[3.2.1]OCTANE",Drug,"(3-exo)-3-(10,11-dihydro-5h-dibenzo[a,d][7]annulen-5-yloxy)-8,8-dimethyl-8-azoniabicyclo[3.2.1]octane",,DrugBank|NCBI,
Gene:89832,CHRFAM7A,Gene,CHRFAM7A,,DrugBank|MONDO_grouped|NCBI|REACTOME,
Drug:DB08620,Thiacloprid,Drug,thiacloprid,,DrugBank|NCBI,
Drug:DB11421,Imidacloprid,Drug,imidacloprid,,DrugBank|NCBI,
Drug:DB02140,N1-(1-Dimethylcarbamoyl-2-Phenyl-Ethyl)-2-Oxo-N4-(2-Pyridin-2-Yl-Ethyl)-Succinamide,Drug,n1-(1-dimethylcarbamoyl-2-phenyl-ethyl)-2-oxo-n4-(2-pyridin-2-yl-ethyl)-succinamide,,DrugBank|NCBI,
Gene:1512,CTSH,Gene,CTSH,,DrugBank|MONDO|NCBI|REACTOME,
Drug:DB03120,p-Toluenesulfonic acid,Drug,p-toluenesulfonic acid,,DrugBank|NCBI,
Drug:DB08526,CARBOBENZYLOXY-(L)-LEUCINYL-(L)LEUCINYL METHOXYMETHYLKETONE,Drug,carbobenzyloxy-(l)-leucinyl-(l)leucinyl methoxymethylketone,,DrugBank|NCBI,
Gene:5319,PLA2G1B,Gene,PLA2G1B,,DrugBank|MONDO_grouped|NCBI|REACTOME,
Drug:DB02448,N-Tridecanoic Acid,Drug,n-tridecanoic acid,,DrugBank|NCBI,
Drug:DB02795,P-Anisic Acid,Drug,p-anisic acid,,DrugBank|NCBI,
Drug:DB02938,Heptanoic acid,Drug,heptanoic acid,,DrugBank|NCBI,
Drug:DB03565,1-O-Octyl-2-Heptylphosphonyl-Sn-Glycero-3-Phosphoethanolamine,Drug,1-o-octyl-2-heptylphosphonyl-sn-glycero-3-phosphoethanolamine,,DrugBank|NCBI,
Drug:DB03587,Pyruvaldehyde,Drug,pyruvaldehyde,,DrugBank|NCBI,
Drug:DB03633,Lpc-Ether,Drug,lpc-ether,,DrugBank|NCBI,
Drug:DB07657,PHOSPHONIC ACID 2-DODECANOYLAMINO-HEXYL ESTER PROPYL ESTER,Drug,phosphonic acid 2-dodecanoylamino-hexyl ester propyl ester,,DrugBank|NCBI,
Drug:DB07836,1-DECYL-3-TRIFLUORO ETHYL-SN-GLYCERO-2-PHOSPHOMETHANOL,Drug,1-decyl-3-trifluoro ethyl-sn-glycero-2-phosphomethanol,,DrugBank|NCBI,
Gene:23643,LY96,Gene,LY96,,DrugBank|MONDO|NCBI|REACTOME,
Drug:DB07664,K-00546,Drug,k-00546,,DrugBank|NCBI,
Gene:9748,SLK,Gene,SLK,,DrugBank|MONDO|NCBI|REACTOME,
Drug:DB07853,"2-[4-[4-[(5-cyclopropyl-1H-pyrazol-3-yl)amino]quinazolin-2-yl]iminocyclohexa-2,5-dien-1-yl]acetonitrile",Drug,"2-[4-[4-[(5-cyclopropyl-1h-pyrazol-3-yl)amino]quinazolin-2-yl]iminocyclohexa-2,5-dien-1-yl]acetonitrile",,DrugBank|NCBI,
Gene:814,CAMK4,Gene,CAMK4,,DrugBank|MONDO|NCBI|REACTOME,
Drug:DB07771,"[(3,7,11-TRIMETHYL-DODECA-2,6,10-TRIENYLOXYCARBAMOYL)-METHYL]-PHOSPHONIC ACID",Drug,"[(3,7,11-trimethyl-dodeca-2,6,10-trienyloxycarbamoyl)-methyl]-phosphonic acid",,DrugBank|NCBI,
Gene:3845,KRAS,Gene,KRAS,,DrugBank|MONDO|MONDO_grouped|NCBI|REACTOME,
Drug:DB07780,Farnesyl diphosphate,Drug,farnesyl diphosphate,,DrugBank|NCBI,
Drug:DB15568,MRTX849,Drug,mrtx849,,DrugBank|NCBI,
Drug:DB15569,AMG-510,Drug,amg-510,,DrugBank|NCBI,
Drug:DB07766,"(2Z,3E)-2,3'-biindole-2',3(1H,1'H)-dione 3-{O-[(3R)-3,4-dihydroxybutyl]oxime}",Drug,"(2z,3e)-2,3'-biindole-2',3(1h,1'h)-dione 3-{o-[(3r)-3,4-dihydroxybutyl]oxime}",,DrugBank|NCBI,
Gene:5127,CDK16,Gene,CDK16,,DrugBank|MONDO_grouped|NCBI,
Gene:3106,HLA-B,Gene,HLA-B,,DrugBank|MONDO_grouped|NCBI|REACTOME,
Drug:DB04695,Farnesyl thiopyrophosphate,Drug,farnesyl thiopyrophosphate,,DrugBank|NCBI,
Gene:4598,MVK,Gene,MVK,,DrugBank|MONDO|MONDO_grouped|NCBI|REACTOME,
Drug:DB07930,(3R)-3-HYDROXYDODECANOIC ACID,Drug,(3r)-3-hydroxydodecanoic acid,,DrugBank|NCBI,
Drug:DB07970,5-[(2-methyl-5-{[3-(trifluoromethyl)phenyl]carbamoyl}phenyl)amino]pyridine-3-carboxamide,Drug,5-[(2-methyl-5-{[3-(trifluoromethyl)phenyl]carbamoyl}phenyl)amino]pyridine-3-carboxamide,,DrugBank|NCBI,
Gene:2045,EPHA7,Gene,EPHA7,,DrugBank|MONDO|NCBI|REACTOME,
Drug:DB02838,"3,4-Dihydro-2h-Pyrrolium-5-Carboxylate",Drug,"3,4-dihydro-2h-pyrrolium-5-carboxylate",,DrugBank|NCBI,
Gene:1610,DAO,Gene,DAO,,DrugBank|MONDO_grouped|NCBI|REACTOME,
Drug:DB02988,Imino-Tryptophan,Drug,imino-tryptophan,,DrugBank|NCBI,
Drug:DB03225,D-Tryptophan,Drug,d-tryptophan,,DrugBank|NCBI,
Drug:DB03531,Flavin-adenine dinucleotide-N5-isobutyl ketone,Drug,flavin-adenine dinucleotide-n5-isobutyl ketone,,DrugBank|NCBI,
Drug:DB03793,Benzoic acid,Drug,benzoic acid,,DrugBank|NCBI,
Drug:DB04166,Anthranilic acid,Drug,anthranilic acid,,DrugBank|NCBI,
Drug:DB07979,"(2E)-3-(3,4-DIHYDROXYPHENYL)-2-IMINOPROPANOIC ACID",Drug,"(2e)-3-(3,4-dihydroxyphenyl)-2-iminopropanoic acid",,DrugBank|NCBI,
Drug:DB02570,PD150606,Drug,pd150606,,DrugBank|NCBI,
Gene:826,CAPNS1,Gene,CAPNS1,,DrugBank|MONDO|NCBI|REACTOME,
Drug:DB02375,Myricetin,Drug,myricetin,,DrugBank|NCBI,
Gene:3716,JAK1,Gene,JAK1,,DrugBank|MONDO|NCBI|REACTOME,
Gene:308,ANXA5,Gene,ANXA5,,DrugBank|MONDO|NCBI|REACTOME,
Drug:DB02497,L-Alpha-Glycerophosphorylserine,Drug,l-alpha-glycerophosphorylserine,,DrugBank|NCBI,
Drug:DB02846,L-thioproline,Drug,l-thioproline,,DrugBank|NCBI,
Drug:DB02929,K201 free base,Drug,k201 free base,,DrugBank|NCBI,
Drug:DB03484,sn-glycero-3-phosphoethanolamine,Drug,sn-glycero-3-phosphoethanolamine,,DrugBank|NCBI,
Gene:2934,GSN,Gene,GSN,,DrugBank|MONDO|MONDO_grouped|NCBI|REACTOME,
Drug:DB02621,Latrunculin A,Drug,latrunculin a,,DrugBank|NCBI,
Gene:11034,DSTN,Gene,DSTN,,DrugBank|MONDO|NCBI,
Gene:5375,PMP2,Gene,PMP2,,DrugBank|MONDO_grouped|NCBI,
Gene:1072,CFL1,Gene,CFL1,,DrugBank|MONDO|NCBI|REACTOME,
Gene:5530,PPP3CA,Gene,PPP3CA,,DrugBank|MONDO|NCBI|REACTOME,
Drug:DB03203,Sphingosine,Drug,sphingosine,,DrugBank|NCBI,
Gene:5817,PVR,Gene,PVR,,DrugBank|MONDO|NCBI|REACTOME,
Drug:DB08235,N-[2-(2-methyl-1H-indol-3-yl)ethyl]thiophene-2-carboxamide,Drug,n-[2-(2-methyl-1h-indol-3-yl)ethyl]thiophene-2-carboxamide,,DrugBank|NCBI,
Gene:10097,ACTR2,Gene,ACTR2,,DrugBank|MONDO_grouped|NCBI|REACTOME,
Drug:DB08236,"(2S)-2-(3-bromophenyl)-3-(5-chloro-2-hydroxyphenyl)-1,3-thiazolidin-4-one",Drug,"(2s)-2-(3-bromophenyl)-3-(5-chloro-2-hydroxyphenyl)-1,3-thiazolidin-4-one",,DrugBank|NCBI,
Gene:1938,EEF2,Gene,EEF2,,DrugBank|MONDO|NCBI|REACTOME,
Drug:DB03223,Diphthamide,Drug,diphthamide,,DrugBank|NCBI,
Drug:DB08348,"N~2~,N~2~-DIMETHYL-N~1~-(6-OXO-5,6-DIHYDROPHENANTHRIDIN-2-YL)GLYCINAMIDE",Drug,"n~2~,n~2~-dimethyl-n~1~-(6-oxo-5,6-dihydrophenanthridin-2-yl)glycinamide",,DrugBank|NCBI,
Drug:DB12688,Moxetumomab Pasudotox,Drug,moxetumomab pasudotox,,DrugBank|NCBI,
Gene:5166,PDK4,Gene,PDK4,,DrugBank|MONDO|MONDO_grouped|NCBI|REACTOME,
Drug:DB08356,"4-[4-(4-methoxyphenyl)-5-methyl-1H-pyrazol-3-yl]benzene-1,3-diol",Drug,"4-[4-(4-methoxyphenyl)-5-methyl-1h-pyrazol-3-yl]benzene-1,3-diol",,DrugBank|NCBI,
Drug:DB08590,1-(3-HYDROXYPROPYL)-2-[(3-NITROBENZOYL)AMINO]-1H-BENZIMIDAZOL-5-YL PIVALATE,Drug,1-(3-hydroxypropyl)-2-[(3-nitrobenzoyl)amino]-1h-benzimidazol-5-yl pivalate,,DrugBank|NCBI,
Gene:51135,IRAK4,Gene,IRAK4,,DrugBank|MONDO|NCBI|REACTOME,
Gene:6275,S100A4,Gene,S100A4,,DrugBank|MONDO|NCBI,
Drug:DB02383,Tolrestat,Drug,tolrestat,,DrugBank|NCBI,
Drug:DB02021,Fidarestat,Drug,fidarestat,,DrugBank|NCBI,
Drug:DB08772,Zopolrestat,Drug,zopolrestat,,DrugBank|NCBI,
Drug:DB08655,"9-ACETYL-2,3,4,9-TETRAHYDRO-1H-CARBAZOL-1-ONE",Drug,"9-acetyl-2,3,4,9-tetrahydro-1h-carbazol-1-one",,DrugBank|NCBI,
Gene:1387,CREBBP,Gene,CREBBP,,DrugBank|MONDO|NCBI|REACTOME,
Gene:5469,MED1,Gene,MED1,,DrugBank|MONDO|MONDO_grouped|NCBI|REACTOME,
Gene:4087,SMAD2,Gene,SMAD2,,DrugBank|MONDO|NCBI|REACTOME,
Drug:DB04436,3-Fluoro-L-tyrosine,Drug,3-fluoro-l-tyrosine,,DrugBank|NCBI,
Drug:DB03909,"Adenosine-5'-[Beta, Gamma-Methylene]Triphosphate",Drug,"adenosine-5'-[beta, gamma-methylene]triphosphate",,DrugBank|NCBI,
Drug:DB02761,S-Mercaptocysteine,Drug,s-mercaptocysteine,,DrugBank|NCBI,
Drug:DB02835,"Alpha-D-Glucose 1,6-Bisphosphate",Drug,"alpha-d-glucose 1,6-bisphosphate",,DrugBank|NCBI,
Drug:DB04397,Alpha-D-Glucose-1-Phosphate-6-Vanadate,Drug,alpha-d-glucose-1-phosphate-6-vanadate,,DrugBank|NCBI,
Drug:DB01681,Benzene Hexacarboxylic Acid,Drug,benzene hexacarboxylic acid,,DrugBank|NCBI,
Gene:5224,PGAM2,Gene,PGAM2,,DrugBank|MONDO|NCBI|REACTOME,
Gene:3119,HLA-DQB1,Gene,HLA-DQB1,,DrugBank|MONDO_grouped|NCBI|REACTOME,
Gene:7431,VIM,Gene,VIM,,DrugBank|MONDO|NCBI|REACTOME,
Gene:5816,PVALB,Gene,PVALB,,DrugBank|MONDO_grouped|NCBI|REACTOME,
Drug:DB02890,6-hydroxyuridine-5'-phosphate,Drug,6-hydroxyuridine-5'-phosphate,,DrugBank|NCBI,
Gene:5567,PRKACB,Gene,PRKACB,,DrugBank|MONDO|NCBI|REACTOME,
Gene:2020,EN2,Gene,EN2,,DrugBank|MONDO_grouped|NCBI,
Gene:6853,SYN1,Gene,SYN1,,DrugBank|MONDO_grouped|NCBI|REACTOME,
Gene:3956,LGALS1,Gene,LGALS1,,DrugBank|MONDO|NCBI|REACTOME,
Drug:DB04396,Thiodigalactoside,Drug,thiodigalactoside,,DrugBank|NCBI,
Drug:DB01272,Alglucosidase alfa,Drug,alglucosidase alfa,,DrugBank|NCBI,
Gene:4074,M6PR,Gene,M6PR,,DrugBank|MONDO|NCBI|REACTOME,
Drug:DB02755,1-3 Sugar Ring of Pentamannosyl 6-Phosphate,Drug,1-3 sugar ring of pentamannosyl 6-phosphate,,DrugBank|NCBI,
Gene:50,ACO2,Gene,ACO2,,DrugBank|MONDO|MONDO_grouped|NCBI|REACTOME,
Drug:DB03964,4-Hydroxy-Aconitate Ion,Drug,4-hydroxy-aconitate ion,,DrugBank|NCBI,
Drug:DB04072,Alpha-Methylisocitric Acid,Drug,alpha-methylisocitric acid,,DrugBank|NCBI,
Drug:DB04351,Aconitate Ion,Drug,aconitate ion,,DrugBank|NCBI,
Drug:DB04562,Tricarballylic acid,Drug,tricarballylic acid,,DrugBank|NCBI,
Gene:1463,NCAN,Gene,NCAN,,DrugBank|MONDO_grouped|NCBI|REACTOME,
Gene:6927,HNF1A,Gene,HNF1A,,DrugBank|MONDO|MONDO_grouped|NCBI|REACTOME,
Drug:DB03401,"1D-myo-inositol 1,4,5-trisphosphate",Drug,"1d-myo-inositol 1,4,5-trisphosphate",,DrugBank|NCBI,
Gene:3708,ITPR1,Gene,ITPR1,,DrugBank|MONDO|NCBI|REACTOME,
Gene:1742,DLG4,Gene,DLG4,,DrugBank|MONDO_grouped|NCBI|REACTOME,
Drug:DB01666,D-Myo-Inositol-Hexasulphate,Drug,d-myo-inositol-hexasulphate,,DrugBank|NCBI,
Gene:10468,FST,Gene,FST,,DrugBank|MONDO|MONDO_grouped|NCBI|REACTOME,
Gene:3418,IDH2,Gene,IDH2,,DrugBank|MONDO|NCBI|REACTOME,
Gene:2953,GSTT2,Gene,GSTT2,,DrugBank|MONDO_grouped|NCBI|REACTOME,
Gene:2048,EPHB2,Gene,EPHB2,,DrugBank|MONDO|NCBI|REACTOME,
Gene:2026,ENO2,Gene,ENO2,,DrugBank|MONDO|MONDO_grouped|NCBI|REACTOME,
Gene:5092,PCBD1,Gene,PCBD1,,DrugBank|MONDO|NCBI|REACTOME,
Gene:23413,NCS1,Gene,NCS1,,DrugBank|MONDO_grouped|NCBI,
Drug:DB01780,Fusicoccin,Drug,fusicoccin,,DrugBank|NCBI,
Gene:7531,YWHAE,Gene,YWHAE,,DrugBank|MONDO_grouped|NCBI|REACTOME,
Gene:7415,VCP,Gene,VCP,,DrugBank|MONDO|NCBI|REACTOME,
Gene:51179,HAO2,Gene,HAO2,,DrugBank|MONDO|MONDO_grouped|NCBI|REACTOME,
Gene:6009,RHEB,Gene,RHEB,,DrugBank|MONDO|NCBI|REACTOME,
Gene:6795,AURKC,Gene,AURKC,,DrugBank|MONDO|NCBI,
Gene:390,RND3,Gene,RND3,,DrugBank|MONDO|MONDO_grouped|NCBI|REACTOME,
Drug:DB02623,Aminophosphonic acid-guanylate ester,Drug,aminophosphonic acid-guanylate ester,,DrugBank|NCBI,
Gene:998,CDC42,Gene,CDC42,,DrugBank|MONDO_grouped|NCBI|REACTOME,
Gene:11004,KIF2C,Gene,KIF2C,,DrugBank|MONDO|MONDO_grouped|NCBI|REACTOME,
Gene:54822,TRPM7,Gene,TRPM7,,DrugBank|MONDO|NCBI|REACTOME,
Gene:9588,PRDX6,Gene,PRDX6,,DrugBank|MONDO|MONDO_grouped|NCBI|REACTOME,
Gene:6570,SLC18A1,Gene,SLC18A1,,DrugBank|MONDO_grouped|NCBI|REACTOME,
Gene:3361,HTR5A,Gene,HTR5A,,DrugBank|MONDO|MONDO_grouped|NCBI|REACTOME,
Gene:4609,MYC,Gene,MYC,,DrugBank|MONDO|MONDO_grouped|NCBI|REACTOME,
Gene:3161,HMMR,Gene,HMMR,,DrugBank|MONDO|MONDO_grouped|NCBI|REACTOME,
Gene:3741,KCNA5,Gene,KCNA5,,DrugBank|MONDO|NCBI|REACTOME,
Gene:3744,KCNA10,Gene,KCNA10,,DrugBank|MONDO|NCBI|REACTOME,
Gene:3745,KCNB1,Gene,KCNB1,,DrugBank|MONDO_grouped|NCBI|REACTOME,
Gene:9312,KCNB2,Gene,KCNB2,,DrugBank|MONDO|NCBI|REACTOME,
Gene:6538,SLC6A11,Gene,SLC6A11,,DrugBank|MONDO_grouped|NCBI|REACTOME,
Gene:3557,IL1RN,Gene,IL1RN,,DrugBank|MONDO|MONDO_grouped|NCBI|REACTOME,
Gene:7423,VEGFB,Gene,VEGFB,,DrugBank|MONDO|NCBI|REACTOME,
Gene:4921,DDR2,Gene,DDR2,,DrugBank|MONDO|NCBI|REACTOME,
Gene:5605,MAP2K2,Gene,MAP2K2,,DrugBank|MONDO|NCBI|REACTOME,
Drug:DB08908,Dimethyl fumarate,Drug,dimethyl fumarate,,DrugBank|NCBI,
Gene:9817,KEAP1,Gene,KEAP1,,DrugBank|MONDO|NCBI|REACTOME,
Gene:9056,SLC7A7,Gene,SLC7A7,,DrugBank|MONDO|NCBI|REACTOME,
Gene:2066,ERBB4,Gene,ERBB4,,DrugBank|MONDO|MONDO_grouped|NCBI|REACTOME,
Gene:6539,SLC6A12,Gene,SLC6A12,,DrugBank|MONDO_grouped|NCBI|REACTOME,
Drug:DB05121,1D09C3,Drug,1d09c3,,DrugBank|NCBI,
Drug:DB00189,Ethchlorvynol,Drug,ethchlorvynol,,DrugBank|NCBI,
Drug:DB00475,Chlordiazepoxide,Drug,chlordiazepoxide,,DrugBank|MONDO|NCBI,
Drug:DB00801,Halazepam,Drug,halazepam,,DrugBank|NCBI,
Drug:DB01489,Camazepam,Drug,camazepam,,DrugBank|NCBI,
Drug:DB01511,Delorazepam,Drug,delorazepam,,DrugBank|NCBI,
Drug:DB01545,Ethyl loflazepate,Drug,ethyl loflazepate,,DrugBank|NCBI,
Drug:DB01553,Cloxazolam,Drug,cloxazolam,,DrugBank|NCBI,
Drug:DB01594,Cinolazepam,Drug,cinolazepam,,DrugBank|NCBI,
Drug:DB11582,Thiocolchicoside,Drug,thiocolchicoside,,DrugBank|NCBI,
Drug:DB11859,Brexanolone,Drug,brexanolone,,DrugBank|NCBI,
Drug:DB13335,Pinazepam,Drug,pinazepam,,DrugBank|NCBI,
Drug:DB13437,Medazepam,Drug,medazepam,,DrugBank|NCBI,
Drug:DB13643,Loprazolam,Drug,loprazolam,,DrugBank|NCBI,
Drug:DB13837,Doxefazepam,Drug,doxefazepam,,DrugBank|NCBI,
Drug:DB13872,Lormetazepam,Drug,lormetazepam,,DrugBank|NCBI,
Drug:DB14028,Nordazepam,Drug,nordazepam,,DrugBank|NCBI,
Drug:DB14672,Oxazepam acetate,Drug,oxazepam acetate,,DrugBank|NCBI,
Drug:DB14715,Cinazepam,Drug,cinazepam,,DrugBank|NCBI,
Drug:DB14719,Bentazepam,Drug,bentazepam,,DrugBank|NCBI,
Gene:7037,TFRC,Gene,TFRC,,DrugBank|MONDO|NCBI|REACTOME,
Drug:DB15617,Ferric derisomaltose,Drug,ferric derisomaltose,,DrugBank|NCBI,
Drug:DB09409,Magnesium acetate tetrahydrate,Drug,magnesium acetate tetrahydrate,,DrugBank|NCBI,
Drug:DB09481,Magnesium carbonate,Drug,magnesium carbonate,,DrugBank|NCBI,
Drug:DB09304,Setiptiline,Drug,setiptiline,,DrugBank|NCBI,
Gene:9177,HTR3B,Gene,HTR3B,,DrugBank|MONDO_grouped|NCBI|REACTOME,
Gene:170572,HTR3C,Gene,HTR3C,,DrugBank|MONDO|NCBI|REACTOME,
Gene:200909,HTR3D,Gene,HTR3D,,DrugBank|MONDO_grouped|NCBI|REACTOME,
Gene:285242,HTR3E,Gene,HTR3E,,DrugBank|MONDO_grouped|NCBI|REACTOME,
Drug:DB09203,Synephrine,Drug,synephrine,,DrugBank|NCBI,
Drug:DB06707,Levonordefrin,Drug,levonordefrin,,DrugBank|NCBI,
Drug:DB11477,Xylazine,Drug,xylazine,,DrugBank|NCBI,
Drug:DB01365,Mephentermine,Drug,mephentermine,,DrugBank|NCBI,
Gene:472,ATM,Gene,ATM,,DrugBank|MONDO|MONDO_grouped|NCBI|REACTOME,
Gene:6197,RPS6KA3,Gene,RPS6KA3,,DrugBank|MONDO|MONDO_grouped|NCBI|REACTOME,
Gene:4772,NFATC1,Gene,NFATC1,,DrugBank|MONDO|NCBI|REACTOME,
Drug:DB11584,Pipradrol,Drug,pipradrol,,DrugBank|NCBI,
Drug:DB00340,Metixene,Drug,metixene,,DrugBank|NCBI,
Gene:5590,PRKCZ,Gene,PRKCZ,,DrugBank|MONDO|NCBI|REACTOME,
Gene:10857,PGRMC1,Gene,PGRMC1,,DrugBank|MONDO|NCBI|REACTOME,
Drug:DB13269,Dichlorobenzyl alcohol,Drug,dichlorobenzyl alcohol,,DrugBank|NCBI,
Gene:10369,CACNG2,Gene,CACNG2,,DrugBank|MONDO_grouped|NCBI|REACTOME,
Gene:27091,CACNG5,Gene,CACNG5,,DrugBank|MONDO_grouped|NCBI,
Gene:59283,CACNG8,Gene,CACNG8,,DrugBank|MONDO_grouped|NCBI|REACTOME,
Drug:DB05559,NF-kappaB Decoy,Drug,nf-kappab decoy,,DrugBank|NCBI,
Gene:5880,RAC2,Gene,RAC2,,DrugBank|MONDO|NCBI|REACTOME,
Gene:3772,KCNJ15,Gene,KCNJ15,,DrugBank|MONDO|NCBI|REACTOME,
Gene:3781,KCNN2,Gene,KCNN2,,DrugBank|MONDO|MONDO_grouped|NCBI|REACTOME,
Gene:3782,KCNN3,Gene,KCNN3,,DrugBank|MONDO_grouped|NCBI|REACTOME,
Gene:5563,PRKAA2,Gene,PRKAA2,,DrugBank|MONDO|NCBI|REACTOME,
Gene:27115,PDE7B,Gene,PDE7B,,DrugBank|MONDO_grouped|NCBI|REACTOME,
Gene:1386,ATF2,Gene,ATF2,,DrugBank|MONDO|NCBI|REACTOME,
Gene:467,ATF3,Gene,ATF3,,DrugBank|MONDO|MONDO_grouped|NCBI|REACTOME,
Gene:468,ATF4,Gene,ATF4,,DrugBank|MONDO_grouped|NCBI|REACTOME,
Gene:122953,JDP2,Gene,JDP2,,DrugBank|MONDO|MONDO_grouped|NCBI,
Gene:708,C1QBP,Gene,C1QBP,,DrugBank|MONDO|NCBI|REACTOME,
Gene:1404,HAPLN1,Gene,HAPLN1,,DrugBank|MONDO|NCBI|REACTOME,
Gene:404037,HAPLN4,Gene,HAPLN4,,DrugBank|MONDO|NCBI,
Gene:55576,STAB2,Gene,STAB2,,DrugBank|MONDO|MONDO_grouped|NCBI|REACTOME,
Drug:DB00970,Dactinomycin,Drug,dactinomycin,,DrugBank|NCBI,
Drug:DB00874,Guaifenesin,Drug,guaifenesin,,DrugBank|NCBI,
Gene:7295,TXN,Gene,TXN,,DrugBank|MONDO|NCBI|REACTOME,
Gene:60,ACTB,Gene,ACTB,,DrugBank|MONDO|MONDO_grouped|NCBI|REACTOME,
Gene:347,APOD,Gene,APOD,,DrugBank|MONDO_grouped|NCBI|REACTOME,
Gene:59,ACTA2,Gene,ACTA2,,DrugBank|MONDO|NCBI|REACTOME,
Gene:3008,H1-4,Gene,H1-4,,DrugBank|MONDO|MONDO_grouped|NCBI|REACTOME,
Gene:3761,KCNJ4,Gene,KCNJ4,,DrugBank|MONDO|NCBI|REACTOME,
Gene:3756,KCNH1,Gene,KCNH1,,DrugBank|MONDO|NCBI|REACTOME,
Gene:1192,CLIC1,Gene,CLIC1,,DrugBank|MONDO|NCBI,
Gene:1051,CEBPB,Gene,CEBPB,,DrugBank|MONDO|MONDO_grouped|NCBI|REACTOME,
Drug:DB04327,Phosphatidylethanolamine,Drug,phosphatidylethanolamine,,DrugBank|NCBI,
Gene:5728,PTEN,Gene,PTEN,,DrugBank|MONDO|MONDO_grouped|NCBI|REACTOME,
Gene:6414,SELENOP,Gene,SELENOP,,DrugBank|MONDO|NCBI|REACTOME,
Gene:6720,SREBF1,Gene,SREBF1,,DrugBank|MONDO|MONDO_grouped|NCBI|REACTOME,
Drug:DB09539,Omega-3-acid ethyl esters,Drug,omega-3-acid ethyl esters,,DrugBank|NCBI,
Gene:5970,RELA,Gene,RELA,,DrugBank|MONDO|MONDO_grouped|NCBI|REACTOME,
Gene:2044,EPHA5,Gene,EPHA5,,DrugBank|MONDO|NCBI|REACTOME,
Gene:7345,UCHL1,Gene,UCHL1,,DrugBank|MONDO|MONDO_grouped|NCBI|REACTOME,
Gene:79068,FTO,Gene,FTO,,DrugBank|MONDO|NCBI|REACTOME,
Gene:27035,NOX1,Gene,NOX1,,DrugBank|MONDO|NCBI|REACTOME,
Gene:1808,DPYSL2,Gene,DPYSL2,,DrugBank|MONDO|NCBI|REACTOME,
Gene:2023,ENO1,Gene,ENO1,,DrugBank|MONDO|MONDO_grouped|NCBI|REACTOME,
Gene:5371,PML,Gene,PML,,DrugBank|MONDO|MONDO_grouped|NCBI|REACTOME,
Gene:10016,PDCD6,Gene,PDCD6,,DrugBank|MONDO|NCBI,
Gene:9965,FGF19,Gene,FGF19,,DrugBank|MONDO|MONDO_grouped|NCBI|REACTOME,
Gene:3061,HCRTR1,Gene,HCRTR1,,DrugBank|MONDO_grouped|NCBI|REACTOME,
Drug:DB14762,Risankizumab,Drug,risankizumab,,DrugBank|NCBI,
Drug:DB06579,Adipiplon,Drug,adipiplon,,DrugBank|NCBI,
Drug:DB13983,"5,7,2′-trihydroxy-6,8-dimethoxyflavone",Drug,"5,7,2′-trihydroxy-6,8-dimethoxyflavone",,DrugBank|NCBI,
Drug:DB00839,Tolazamide,Drug,tolazamide,,DrugBank|NCBI,
Gene:4891,SLC11A2,Gene,SLC11A2,,DrugBank|MONDO|MONDO_grouped|NCBI|REACTOME,
Gene:2201,FBN2,Gene,FBN2,,DrugBank|MONDO|NCBI|REACTOME,
Gene:7178,TPT1,Gene,TPT1,,DrugBank|MONDO|MONDO_grouped|NCBI,
Gene:4925,NUCB2,Gene,NUCB2,,DrugBank|MONDO|NCBI,
Gene:93664,CADPS2,Gene,CADPS2,,DrugBank|MONDO_grouped|NCBI,
Drug:DB00653,Magnesium sulfate,Drug,magnesium sulfate,,DrugBank|NCBI,
Gene:345,APOC3,Gene,APOC3,,DrugBank|MONDO|NCBI|REACTOME,
Drug:DB15067,Volanesorsen,Drug,volanesorsen,,DrugBank|NCBI,
Gene:7025,NR2F1,Gene,NR2F1,,DrugBank|MONDO|NCBI|REACTOME,
Gene:3187,HNRNPH1,Gene,HNRNPH1,,DrugBank|MONDO|NCBI|REACTOME,
Gene:3191,HNRNPL,Gene,HNRNPL,,DrugBank|MONDO|NCBI|REACTOME,
Gene:307,ANXA4,Gene,ANXA4,,DrugBank|MONDO|MONDO_grouped|NCBI,
Gene:3692,EIF6,Gene,EIF6,,DrugBank|MONDO|NCBI,
Gene:5223,PGAM1,Gene,PGAM1,,DrugBank|MONDO|NCBI|REACTOME,
Gene:5902,RANBP1,Gene,RANBP1,,DrugBank|MONDO|NCBI|REACTOME,
Gene:2923,PDIA3,Gene,PDIA3,,DrugBank|MONDO|MONDO_grouped|NCBI|REACTOME,
Gene:354,KLK3,Gene,KLK3,,DrugBank|MONDO|NCBI|REACTOME,
Gene:55300,PI4K2B,Gene,PI4K2B,,DrugBank|MONDO_grouped|NCBI|REACTOME,
Gene:3206,HOXA10,Gene,HOXA10,,DrugBank|MONDO|MONDO_grouped|NCBI,
Gene:6280,S100A9,Gene,S100A9,,DrugBank|MONDO|MONDO_grouped|NCBI|REACTOME,
Gene:7161,TP73,Gene,TP73,,DrugBank|MONDO|NCBI|REACTOME,
Gene:652,BMP4,Gene,BMP4,,DrugBank|MONDO|NCBI|REACTOME,
Drug:DB09536,Titanium dioxide,Drug,titanium dioxide,,DrugBank|NCBI,
Gene:8685,MARCO,Gene,MARCO,,DrugBank|MONDO|MONDO_grouped|NCBI|REACTOME,
Drug:DB11132,Silicon dioxide,Drug,silicon dioxide,,DrugBank|NCBI,
Gene:79608,RIC3,Gene,RIC3,,DrugBank|MONDO|NCBI,
Gene:26140,TTLL3,Gene,TTLL3,,DrugBank|MONDO|NCBI|REACTOME,
Gene:1827,RCAN1,Gene,RCAN1,,DrugBank|MONDO|MONDO_grouped|NCBI,
Gene:51176,LEF1,Gene,LEF1,,DrugBank|MONDO|NCBI|REACTOME,
Gene:1026,CDKN1A,Gene,CDKN1A,,DrugBank|MONDO|NCBI|REACTOME,
Gene:2237,FEN1,Gene,FEN1,,DrugBank|MONDO|NCBI|REACTOME,
Gene:8678,BECN1,Gene,BECN1,,DrugBank|MONDO|MONDO_grouped|NCBI|REACTOME,
Gene:3306,HSPA2,Gene,HSPA2,,DrugBank|MONDO|NCBI|REACTOME,
Gene:56616,DIABLO,Gene,DIABLO,,DrugBank|MONDO|NCBI|REACTOME,
Gene:3190,HNRNPK,Gene,HNRNPK,,DrugBank|MONDO|NCBI|REACTOME,
Gene:7170,TPM3,Gene,TPM3,,DrugBank|MONDO|NCBI|REACTOME,
Gene:7171,TPM4,Gene,TPM4,,DrugBank|MONDO|NCBI|REACTOME,
Gene:5111,PCNA,Gene,PCNA,,DrugBank|MONDO|MONDO_grouped|NCBI|REACTOME,
Gene:1,A1BG,Gene,A1BG,,DrugBank|MONDO_grouped|NCBI|REACTOME,
Gene:337,APOA4,Gene,APOA4,,DrugBank|MONDO_grouped|NCBI|REACTOME,
Gene:735,C9,Gene,C9,,DrugBank|MONDO|MONDO_grouped|NCBI|REACTOME,
Gene:1191,CLU,Gene,CLU,,DrugBank|MONDO|MONDO_grouped|NCBI|REACTOME,
Gene:23468,CBX5,Gene,CBX5,,DrugBank|MONDO|NCBI|REACTOME,
Gene:116844,LRG1,Gene,LRG1,,DrugBank|MONDO|NCBI|REACTOME,
Gene:5267,SERPINA4,Gene,SERPINA4,,DrugBank|MONDO|MONDO_grouped|NCBI|REACTOME,
Gene:5176,SERPINF1,Gene,SERPINF1,,DrugBank|MONDO|NCBI,
Gene:8542,APOL1,Gene,APOL1,,DrugBank|MONDO|NCBI|REACTOME,
Gene:117159,DCD,Gene,DCD,,DrugBank|MONDO|MONDO_grouped|NCBI|REACTOME,
Gene:8547,FCN3,Gene,FCN3,,DrugBank|MONDO|MONDO_grouped|NCBI|REACTOME,
Gene:3699,ITIH3,Gene,ITIH3,,DrugBank|MONDO|MONDO_grouped|NCBI|REACTOME,
Gene:3700,ITIH4,Gene,ITIH4,,DrugBank|MONDO|NCBI|REACTOME,
Gene:3728,JUP,Gene,JUP,,DrugBank|MONDO|NCBI|REACTOME,
Gene:3861,KRT14,Gene,KRT14,,DrugBank|MONDO|NCBI|REACTOME,
Gene:3852,KRT5,Gene,KRT5,,DrugBank|MONDO|NCBI|REACTOME,
Gene:5858,PZP,Gene,PZP,,DrugBank|MONDO|MONDO_grouped|NCBI,
Gene:12,SERPINA3,Gene,SERPINA3,,DrugBank|MONDO|NCBI|REACTOME,
Gene:6424,SFRP4,Gene,SFRP4,,DrugBank|MONDO|NCBI,
Gene:1465,CSRP1,Gene,CSRP1,,DrugBank|MONDO|NCBI|REACTOME,
Gene:2316,FLNA,Gene,FLNA,,DrugBank|MONDO|NCBI|REACTOME,
Gene:8826,IQGAP1,Gene,IQGAP1,,DrugBank|MONDO|MONDO_grouped|NCBI|REACTOME,
Gene:4869,NPM1,Gene,NPM1,,DrugBank|MONDO|NCBI|REACTOME,
Gene:6134,RPL10,Gene,RPL10,,DrugBank|MONDO|NCBI|REACTOME,
Gene:6223,RPS19,Gene,RPS19,,DrugBank|MONDO|NCBI|REACTOME,
Gene:6194,RPS6,Gene,RPS6,,DrugBank|MONDO|MONDO_grouped|NCBI|REACTOME,
Gene:6202,RPS8,Gene,RPS8,,DrugBank|MONDO|NCBI|REACTOME,
Gene:6203,RPS9,Gene,RPS9,,DrugBank|MONDO|NCBI|REACTOME,
Gene:8407,TAGLN2,Gene,TAGLN2,,DrugBank|MONDO|MONDO_grouped|NCBI|REACTOME,
Gene:6426,SRSF1,Gene,SRSF1,,DrugBank|MONDO|MONDO_grouped|NCBI|REACTOME,
Gene:6876,TAGLN,Gene,TAGLN,,DrugBank|MONDO|NCBI,
Gene:4627,MYH9,Gene,MYH9,,DrugBank|MONDO|NCBI|REACTOME,
Drug:DB11639,Dibotermin alfa,Drug,dibotermin alfa,,DrugBank|NCBI,
Gene:657,BMPR1A,Gene,BMPR1A,,DrugBank|MONDO|NCBI|REACTOME,
Gene:659,BMPR2,Gene,BMPR2,,DrugBank|MONDO|NCBI|REACTOME,
Gene:6528,SLC5A5,Gene,SLC5A5,,DrugBank|MONDO|MONDO_grouped|NCBI|REACTOME,
Drug:DB14017,H3B-8800,Drug,h3b-8800,,DrugBank|NCBI,
Gene:23451,SF3B1,Gene,SF3B1,,DrugBank|MONDO|NCBI|REACTOME,
Drug:DB11275,Epicriptine,Drug,epicriptine,,DrugBank|NCBI,
Gene:27330,RPS6KA6,Gene,RPS6KA6,,DrugBank|MONDO|NCBI|REACTOME,
Gene:27347,STK39,Gene,STK39,,DrugBank|MONDO|NCBI,
Gene:51347,TAOK3,Gene,TAOK3,,DrugBank|MONDO|NCBI|REACTOME,
Gene:7016,TESK1,Gene,TESK1,,DrugBank|MONDO|NCBI|REACTOME,
Gene:23043,TNIK,Gene,TNIK,,DrugBank|MONDO_grouped|NCBI|REACTOME,
Gene:8711,TNK1,Gene,TNK1,,DrugBank|MONDO|NCBI,
Gene:51086,TNNI3K,Gene,TNNI3K,,DrugBank|MONDO|NCBI,
Gene:8408,ULK1,Gene,ULK1,,DrugBank|MONDO|NCBI|REACTOME,
Gene:255239,ANKK1,Gene,ANKK1,,DrugBank|MONDO_grouped|NCBI,
Gene:558,AXL,Gene,AXL,,DrugBank|MONDO|NCBI|REACTOME,
Gene:658,BMPR1B,Gene,BMPR1B,,DrugBank|MONDO|NCBI|REACTOME,
Gene:10645,CAMKK2,Gene,CAMKK2,,DrugBank|MONDO|MONDO_grouped|NCBI|REACTOME,
Gene:9201,DCLK1,Gene,DCLK1,,DrugBank|MONDO|MONDO_grouped|NCBI,
Gene:9149,DYRK1B,Gene,DYRK1B,,DrugBank|MONDO|NCBI,
Gene:27102,EIF2AK1,Gene,EIF2AK1,,DrugBank|MONDO|NCBI|REACTOME,
Gene:5610,EIF2AK2,Gene,EIF2AK2,,DrugBank|MONDO|NCBI|REACTOME,
Gene:2041,EPHA1,Gene,EPHA1,,DrugBank|MONDO|NCBI|REACTOME,
Gene:2042,EPHA3,Gene,EPHA3,,DrugBank|MONDO|NCBI|REACTOME,
Gene:2046,EPHA8,Gene,EPHA8,,DrugBank|MONDO|NCBI|REACTOME,
Gene:2051,EPHB6,Gene,EPHB6,,DrugBank|MONDO|NCBI|REACTOME,
Gene:2931,GSK3A,Gene,GSK3A,,DrugBank|MONDO_grouped|NCBI|REACTOME,
Gene:3645,INSRR,Gene,INSRR,,DrugBank|MONDO|NCBI,
Gene:3654,IRAK1,Gene,IRAK1,,DrugBank|MONDO|NCBI|REACTOME,
Gene:23387,SIK3,Gene,SIK3,,DrugBank|MONDO|NCBI,
Gene:9113,LATS1,Gene,LATS1,,DrugBank|MONDO|NCBI|REACTOME,
Gene:5606,MAP2K3,Gene,MAP2K3,,DrugBank|MONDO|NCBI|REACTOME,
Gene:5608,MAP2K6,Gene,MAP2K6,,DrugBank|MONDO|NCBI|REACTOME,
Gene:9175,MAP3K13,Gene,MAP3K13,,DrugBank|MONDO|NCBI,
Gene:389840,MAP3K15,Gene,MAP3K15,,DrugBank|MONDO|NCBI,
Gene:9064,MAP3K6,Gene,MAP3K6,,DrugBank|MONDO|NCBI,
Gene:9448,MAP4K4,Gene,MAP4K4,,DrugBank|MONDO|NCBI|REACTOME,
Gene:2011,MARK2,Gene,MARK2,,DrugBank|MONDO_grouped|NCBI,
Gene:9833,MELK,Gene,MELK,,DrugBank|MONDO|MONDO_grouped|NCBI,
Gene:91807,MYLK3,Gene,MYLK3,,DrugBank|MONDO|NCBI,
Gene:4750,NEK1,Gene,NEK1,,DrugBank|MONDO|NCBI,
Gene:4916,NTRK3,Gene,NTRK3,,DrugBank|MONDO|MONDO_grouped|NCBI|REACTOME,
Gene:9943,OXSR1,Gene,OXSR1,,DrugBank|MONDO_grouped|NCBI,
Gene:5058,PAK1,Gene,PAK1,,DrugBank|MONDO|NCBI|REACTOME,
Gene:5062,PAK2,Gene,PAK2,,DrugBank|MONDO_grouped|NCBI|REACTOME,
Gene:56924,PAK6,Gene,PAK6,,DrugBank|MONDO|NCBI|REACTOME,
Gene:57144,PAK5,Gene,PAK5,,DrugBank|MONDO|NCBI|REACTOME,
Gene:79837,PIP4K2C,Gene,PIP4K2C,,DrugBank|MONDO_grouped|NCBI|REACTOME,
Gene:9088,PKMYT1,Gene,PKMYT1,,DrugBank|MONDO|MONDO_grouped|NCBI|REACTOME,
Gene:10769,PLK2,Gene,PLK2,,DrugBank|MONDO|NCBI|REACTOME,
Gene:5587,PRKD1,Gene,PRKD1,,DrugBank|MONDO|NCBI|REACTOME,
Gene:8899,PRPF4B,Gene,PRPF4B,,DrugBank|MONDO|NCBI,
Gene:6098,ROS1,Gene,ROS1,,DrugBank|MONDO|NCBI,
Gene:23678,SGK3,Gene,SGK3,,DrugBank|MONDO|NCBI|REACTOME,
Gene:6725,SRMS,Gene,SRMS,,DrugBank|MONDO|MONDO_grouped|NCBI|REACTOME,
Gene:2520,GAST,Gene,GAST,,DrugBank|MONDO|NCBI|REACTOME,
Drug:DB14059,SC-236,Drug,sc-236,,DrugBank|NCBI,
Gene:2146,EZH2,Gene,EZH2,,DrugBank|MONDO|MONDO_grouped|NCBI|REACTOME,
Drug:DB14581,CPI-1205,Drug,cpi-1205,,DrugBank|NCBI,
Drug:DB11365,Sennosides,Drug,sennosides,,DrugBank|NCBI,
Gene:360,AQP3,Gene,AQP3,,DrugBank|MONDO|NCBI|REACTOME,
Gene:4161,MC5R,Gene,MC5R,,DrugBank|MONDO_grouped|NCBI|REACTOME,
Gene:7514,XPO1,Gene,XPO1,,DrugBank|MONDO|NCBI|REACTOME,
Gene:374569,ASPG,Gene,ASPG,,DrugBank|MONDO|MONDO_grouped|NCBI|REACTOME,
Gene:54795,TRPM4,Gene,TRPM4,,DrugBank|MONDO|NCBI|REACTOME,
Drug:DB15495,Rocaglamide,Drug,rocaglamide,,DrugBank|NCBI,
Gene:5245,PHB,Gene,PHB,,DrugBank|MONDO|MONDO_grouped|NCBI|REACTOME,
Drug:DB15496,Didesmethylrocaglamide,Drug,didesmethylrocaglamide,,DrugBank|NCBI,
Drug:DB12498,Mogamulizumab,Drug,mogamulizumab,,DrugBank|NCBI,
Gene:1233,CCR4,Gene,CCR4,,DrugBank|MONDO|MONDO_grouped|NCBI|REACTOME,
Drug:DB15570,FLX475,Drug,flx475,,DrugBank|NCBI,
Drug:DB15593,Golodirsen,Drug,golodirsen,,DrugBank|NCBI,
Gene:1756,DMD,Gene,DMD,,DrugBank|MONDO|NCBI|REACTOME,
Gene:133522,PPARGC1B,Gene,PPARGC1B,,DrugBank|MONDO|NCBI|REACTOME,
Drug:DB15624,Halicin,Drug,halicin,,DrugBank|NCBI,
Drug:DB11936,Bempedoic acid,Drug,bempedoic acid,,DrugBank|NCBI,
Gene:47,ACLY,Gene,ACLY,,DrugBank|MONDO|MONDO_grouped|NCBI|REACTOME,
Gene:1788,DNMT3A,Gene,DNMT3A,,DrugBank|MONDO|NCBI|REACTOME,
Gene:338,APOB,Gene,APOB,,DrugBank|MONDO|NCBI|REACTOME,
Gene:3273,HRG,Gene,HRG,,DrugBank|MONDO|NCBI|REACTOME,
Gene:3240,HP,Gene,HP,,DrugBank|MONDO|MONDO_grouped|NCBI|REACTOME,
Gene:2065,ERBB3,Gene,ERBB3,,DrugBank|MONDO|MONDO_grouped|NCBI|REACTOME,
Gene:7113,TMPRSS2,Gene,TMPRSS2,,DrugBank|MONDO|NCBI|REACTOME,
Gene:885,CCK,Gene,CCK,,DrugBank|MONDO_grouped|NCBI|REACTOME,
Gene:8526,DGKE,Gene,DGKE,,DrugBank|MONDO|NCBI|REACTOME,
Gene:5782,PTPN12,Gene,PTPN12,,DrugBank|MONDO|NCBI|REACTOME,
Gene:5777,PTPN6,Gene,PTPN6,,DrugBank|MONDO_grouped|NCBI|REACTOME,
Gene:533,ATP6V0B,Gene,ATP6V0B,,DrugBank|MONDO|NCBI|REACTOME,
Gene:529,ATP6V1E1,Gene,ATP6V1E1,,DrugBank|MONDO|NCBI|REACTOME,
Gene:837,CASP4,Gene,CASP4,,DrugBank|MONDO_grouped|NCBI|REACTOME,
Gene:54407,SLC38A2,Gene,SLC38A2,,DrugBank|MONDO_grouped|NCBI|REACTOME,
Gene:842,CASP9,Gene,CASP9,,DrugBank|MONDO|NCBI|REACTOME,
Gene:1789,DNMT3B,Gene,DNMT3B,,DrugBank|MONDO|MONDO_grouped|NCBI|REACTOME,
Gene:8140,SLC7A5,Gene,SLC7A5,,DrugBank|MONDO|NCBI|REACTOME,
Drug:DB00509,Dextrothyroxine,Drug,dextrothyroxine,,DrugBank|NCBI,
Drug:DB01042,Melphalan,Drug,melphalan,,DrugBank|MONDO|NCBI,
Drug:DB01746,D-Leucine,Drug,d-leucine,,DrugBank|NCBI,
Drug:DB02750,S-(Methylmercury)-L-Cysteine,Drug,s-(methylmercury)-l-cysteine,,DrugBank|NCBI,
Drug:DB11098,Potassium bicarbonate,Drug,potassium bicarbonate,,DrugBank|NCBI,
Drug:DB01762,Acetoacetic acid,Drug,acetoacetic acid,,DrugBank|NCBI,
Drug:DB03066,D-Lactic acid,Drug,d-lactic acid,,DrugBank|NCBI,
Drug:DB04074,alpha-Ketoisovalerate,Drug,alpha-ketoisovalerate,,DrugBank|NCBI,
Drug:DB04343,Glyoxylic acid,Drug,glyoxylic acid,,DrugBank|NCBI,
Drug:DB04398,Lactic acid,Drug,lactic acid,,DrugBank|NCBI,
Drug:DB06704,Iobenguane,Drug,iobenguane,,DrugBank|NCBI,
Drug:DB09546,Iobenguane sulfate I-123,Drug,iobenguane sulfate i-123,,DrugBank|NCBI,
Drug:DB06215,Ferumoxytol,Drug,ferumoxytol,,DrugBank|NCBI,
Drug:DB08824,Ioflupane I-123,Drug,ioflupane i-123,,DrugBank|NCBI,
Drug:DB00345,Aminohippuric acid,Drug,aminohippuric acid,,DrugBank|NCBI,
Drug:DB00529,Foscarnet,Drug,foscarnet,,DrugBank|NCBI,
Drug:DB03166,Acetic acid,Drug,acetic acid,,DrugBank|NCBI,
Drug:DB03773,alpha-D-quinovopyranose,Drug,alpha-d-quinovopyranose,,DrugBank|NCBI,
Drug:DB00275,Olmesartan,Drug,olmesartan,,DrugBank|NCBI,
Drug:DB00390,Digoxin,Drug,digoxin,,DrugBank|NCBI,
Drug:DB00693,Fluorescein,Drug,fluorescein,,DrugBank|NCBI,
Drug:DB00698,Nitrofurantoin,Drug,nitrofurantoin,,DrugBank|NCBI,
Drug:DB02123,Glycochenodeoxycholic Acid,Drug,glycochenodeoxycholic acid,,DrugBank|NCBI,
Drug:DB12712,Pilsicainide,Drug,pilsicainide,,DrugBank|NCBI,
Drug:DB14057,Valinomycin,Drug,valinomycin,,DrugBank|NCBI,
Drug:DB00399,Zoledronic acid,Drug,zoledronic acid,,DrugBank|NCBI,
Drug:DB03825,Rhodamine 6G,Drug,rhodamine 6g,,DrugBank|NCBI,
Drug:DB09161,Technetium Tc-99m sestamibi,Drug,technetium tc-99m sestamibi,,DrugBank|NCBI,
Gene:6536,SLC6A9,Gene,SLC6A9,,DrugBank|MONDO_grouped|NCBI|REACTOME,
Drug:DB00177,Valsartan,Drug,valsartan,,DrugBank|NCBI,
Drug:DB00646,Nystatin,Drug,nystatin,,DrugBank|NCBI,
Drug:DB00859,Penicillamine,Drug,penicillamine,,DrugBank|NCBI,
Drug:DB01051,Novobiocin,Drug,novobiocin,,DrugBank|NCBI,
Drug:DB01092,Ouabain,Drug,ouabain,,DrugBank|NCBI,
Drug:DB02691,Glycocholic acid,Drug,glycocholic acid,,DrugBank|NCBI,
Drug:DB06721,Gimatecan,Drug,gimatecan,,DrugBank|NCBI,
Drug:DB08856,DADLE,Drug,dadle,,DrugBank|NCBI,
Drug:DB08857,Bamet-UD2,Drug,bamet-ud2,,DrugBank|NCBI,
Drug:DB08858,cis-Diamminechlorocholylglycinateplatinum(II),Drug,cis-diamminechlorocholylglycinateplatinum(ii),,DrugBank|NCBI,
Drug:DB08884,Gadoxetic acid,Drug,gadoxetic acid,,DrugBank|NCBI,
Drug:DB09137,Technetium Tc-99m mebrofenin,Drug,technetium tc-99m mebrofenin,,DrugBank|NCBI,
Drug:DB09279,Fimasartan,Drug,fimasartan,,DrugBank|NCBI,
Drug:DB09298,Silibinin,Drug,silibinin,,DrugBank|NCBI,
Drug:DB11869,Valspodar,Drug,valspodar,,DrugBank|NCBI,
Drug:DB13153,Levomenol,Drug,levomenol,,DrugBank|NCBI,
Drug:DB00027,Gramicidin D,Drug,gramicidin d,,DrugBank|NCBI,
Drug:DB02261,Platelet Activating Factor,Drug,platelet activating factor,,DrugBank|NCBI,
Drug:DB04960,Tipifarnib,Drug,tipifarnib,,DrugBank|NCBI,
Drug:DB05889,Inotuzumab ozogamicin,Drug,inotuzumab ozogamicin,,DrugBank|NCBI,
Drug:DB08889,Carfilzomib,Drug,carfilzomib,,DrugBank|NCBI,
Drug:DB09027,Ledipasvir,Drug,ledipasvir,,DrugBank|NCBI,
Drug:DB09075,Edoxaban,Drug,edoxaban,,DrugBank|NCBI,
Drug:DB09287,Polyethylene glycol,Drug,polyethylene glycol,,DrugBank|NCBI,
Drug:DB11430,Monensin,Drug,monensin,,DrugBank|NCBI,
Drug:DB11544,Salinomycin,Drug,salinomycin,,DrugBank|NCBI,
Drug:DB12035,Sarecycline,Drug,sarecycline,,DrugBank|NCBI,
Drug:DB12799,Laniquidar,Drug,laniquidar,,DrugBank|NCBI,
Drug:DB00770,Alprostadil,Drug,alprostadil,,DrugBank|NCBI,
Drug:DB11611,Lifitegrast,Drug,lifitegrast,,DrugBank|NCBI,
Drug:DB11660,Latanoprostene bunod,Drug,latanoprostene bunod,,DrugBank|NCBI,
Drug:DB09344,Invert sugar,Drug,invert sugar,,DrugBank|NCBI,
Drug:DB08830,Dehydroascorbic acid,Drug,dehydroascorbic acid,,DrugBank|NCBI,
Drug:DB08831,2-deoxyglucose,Drug,2-deoxyglucose,,DrugBank|NCBI,
Gene:8714,ABCC3,Gene,ABCC3,,DrugBank|MONDO|NCBI|REACTOME,
Drug:DB00876,Eprosartan,Drug,eprosartan,,DrugBank|NCBI,
Drug:DB04100,"(1,10 Phenanthroline)-(Tri-Carbon Monoxide) Rhenium (I)",Drug,"(1,10 phenanthroline)-(tri-carbon monoxide) rhenium (i)",,DrugBank|NCBI,
Drug:DB04789,5-methyltetrahydrofolic acid,Drug,5-methyltetrahydrofolic acid,,DrugBank|NCBI,
Drug:DB09060,Avibactam,Drug,avibactam,,DrugBank|NCBI,
Drug:DB00438,Ceftazidime,Drug,ceftazidime,,DrugBank|NCBI,
Drug:DB00447,Loracarbef,Drug,loracarbef,,DrugBank|NCBI,
Drug:DB00577,Valaciclovir,Drug,valaciclovir,,DrugBank|NCBI,
Drug:DB00671,Cefixime,Drug,cefixime,,DrugBank|NCBI,
Drug:DB00781,Polymyxin B,Drug,polymyxin b,,DrugBank|NCBI,
Drug:DB01000,Cyclacillin,Drug,cyclacillin,,DrugBank|NCBI,
Drug:DB01112,Cefuroxime,Drug,cefuroxime,,DrugBank|NCBI,
Drug:DB01140,Cefadroxil,Drug,cefadroxil,,DrugBank|NCBI,
Drug:DB01413,Cefepime,Drug,cefepime,,DrugBank|NCBI,
Drug:DB01415,Ceftibuten,Drug,ceftibuten,,DrugBank|NCBI,
Drug:DB01610,Valganciclovir,Drug,valganciclovir,,DrugBank|NCBI,
Drug:DB03424,Ubenimex,Drug,ubenimex,,DrugBank|NCBI,
Drug:DB08795,Azidocillin,Drug,azidocillin,,DrugBank|NCBI,
Drug:DB00352,Tioguanine,Drug,tioguanine,,DrugBank|NCBI,
Drug:DB02527,Cyclic adenosine monophosphate,Drug,cyclic adenosine monophosphate,,DrugBank|NCBI,
Drug:DB02745,Uridine,Drug,uridine,,DrugBank|NCBI,
Gene:80736,SLC44A4,Gene,SLC44A4,,DrugBank|MONDO|NCBI|REACTOME,
Gene:9152,SLC6A5,Gene,SLC6A5,,DrugBank|MONDO|MONDO_grouped|NCBI|REACTOME,
Gene:6890,TAP1,Gene,TAP1,,DrugBank|MONDO|MONDO_grouped|NCBI|REACTOME,
Gene:5244,ABCB4,Gene,ABCB4,,DrugBank|MONDO|MONDO_grouped|NCBI|REACTOME,
Gene:6579,SLCO1A2,Gene,SLCO1A2,,DrugBank|MONDO|NCBI|REACTOME,
Drug:DB08834,Tauroursodeoxycholic acid,Drug,tauroursodeoxycholic acid,,DrugBank|NCBI,
Drug:DB00406,Gentian violet cation,Drug,gentian violet cation,,DrugBank|NCBI,
Drug:DB01004,Ganciclovir,Drug,ganciclovir,,DrugBank|NCBI,
Drug:DB04830,Buformin,Drug,buformin,,DrugBank|NCBI,
Drug:DB08837,Tetraethylammonium,Drug,tetraethylammonium,,DrugBank|NCBI,
Gene:1317,SLC31A1,Gene,SLC31A1,,DrugBank|MONDO|NCBI|REACTOME,
Gene:6581,SLC22A3,Gene,SLC22A3,,DrugBank|MONDO|NCBI|REACTOME,
Drug:DB08841,Tyramine,Drug,tyramine,,DrugBank|NCBI,
Gene:387775,SLC22A10,Gene,SLC22A10,,DrugBank|MONDO|MONDO_grouped|NCBI,
Gene:6578,SLCO2A1,Gene,SLCO2A1,,DrugBank|MONDO|NCBI|REACTOME,
Drug:DB00654,Latanoprost,Drug,latanoprost,,DrugBank|NCBI,
Drug:DB01160,Dinoprost tromethamine,Drug,dinoprost tromethamine,,DrugBank|NCBI,
Drug:DB02263,Glyceraldehyde-3-Phosphate,Drug,glyceraldehyde-3-phosphate,,DrugBank|NCBI,
Drug:DB04551,"beta-D-fructofuranose 1,6-bisphosphate",Drug,"beta-d-fructofuranose 1,6-bisphosphate",,DrugBank|NCBI,
Drug:DB08861,DPDPE,Drug,dpdpe,,DrugBank|NCBI,
Drug:DB09142,Sincalide,Drug,sincalide,,DrugBank|NCBI,
Drug:DB13154,Parachlorophenol,Drug,parachlorophenol,,DrugBank|NCBI,
Gene:540,ATP7B,Gene,ATP7B,,DrugBank|MONDO|MONDO_grouped|NCBI|REACTOME,
Gene:538,ATP7A,Gene,ATP7A,,DrugBank|MONDO|NCBI|REACTOME,
Gene:23461,ABCA5,Gene,ABCA5,,DrugBank|MONDO|NCBI|REACTOME,
Gene:21,ABCA3,Gene,ABCA3,,DrugBank|MONDO|NCBI|REACTOME,
Gene:11194,ABCB8,Gene,ABCB8,,DrugBank|MONDO|NCBI|REACTOME,
Drug:DB00103,Agalsidase beta,Drug,agalsidase beta,,DrugBank|NCBI,
Drug:DB01390,Sodium bicarbonate,Drug,sodium bicarbonate,,DrugBank|NCBI,
Gene:8671,SLC4A4,Gene,SLC4A4,,DrugBank|MONDO|NCBI|REACTOME,
Gene:9497,SLC4A7,Gene,SLC4A7,,DrugBank|MONDO|NCBI|REACTOME,
Gene:2694,CBLIF,Gene,CBLIF,,DrugBank|MONDO_grouped|NCBI|REACTOME,
Gene:9154,SLC28A1,Gene,SLC28A1,,DrugBank|MONDO|NCBI|REACTOME,
Gene:160728,SLC5A8,Gene,SLC5A8,,DrugBank|MONDO|NCBI|REACTOME,
Gene:345274,SLC10A6,Gene,SLC10A6,,DrugBank|MONDO|NCBI|REACTOME,
Gene:64240,ABCG5,Gene,ABCG5,,DrugBank|MONDO|NCBI|REACTOME,
Gene:10928,RALBP1,Gene,RALBP1,,DrugBank|MONDO|NCBI|REACTOME,
Drug:DB06784,Gallium citrate Ga-67,Drug,gallium citrate ga-67,,DrugBank|NCBI,
Gene:140803,TRPM6,Gene,TRPM6,,DrugBank|MONDO|NCBI|REACTOME,
Gene:6518,SLC2A5,Gene,SLC2A5,,DrugBank|MONDO|NCBI|REACTOME,
Gene:81031,SLC2A10,Gene,SLC2A10,,DrugBank|MONDO|NCBI|REACTOME,
Gene:54805,CNNM2,Gene,CNNM2,,DrugBank|MONDO_grouped|NCBI,
Drug:DB09449,"Sodium phosphate, monobasic",Drug,"sodium phosphate, monobasic",,DrugBank|NCBI,
Gene:10568,SLC34A2,Gene,SLC34A2,,DrugBank|MONDO|NCBI|REACTOME,
Drug:DB14502,"Sodium phosphate, dibasic",Drug,"sodium phosphate, dibasic",,DrugBank|NCBI,
Drug:DB14503,"Sodium phosphate, monobasic, unspecified form",Drug,"sodium phosphate, monobasic, unspecified form",,DrugBank|NCBI,
Gene:5451,POU2F1,Gene,POU2F1,,DrugBank|MONDO|NCBI|REACTOME,
Gene:30061,SLC40A1,Gene,SLC40A1,,DrugBank|MONDO|MONDO_grouped|NCBI|REACTOME,
Gene:5172,SLC26A4,Gene,SLC26A4,,DrugBank|MONDO|NCBI|REACTOME,
Gene:25800,SLC39A6,Gene,SLC39A6,,DrugBank|MONDO|NCBI|REACTOME,
Gene:7781,SLC30A3,Gene,SLC30A3,,DrugBank|MONDO_grouped|NCBI|REACTOME,
Gene:221074,SLC39A12,Gene,SLC39A12,,DrugBank|MONDO|NCBI,
Gene:27173,SLC39A1,Gene,SLC39A1,,DrugBank|MONDO|NCBI|REACTOME,
Disease:3582,hereditary breast ovarian cancer syndrome,Disease,hereditary breast ovarian cancer syndrome,,DrugBank|HPO|MONDO|NCBI,
Drug:DB00488,Altretamine,Drug,altretamine,,DrugBank|MONDO,
Drug:DB00007,Leuprolide,Drug,leuprolide,,DrugBank|MONDO,
Drug:DB12459,Belotecan,Drug,belotecan,,DrugBank|MONDO,
Disease:8315,prostate cancer,Disease,prostate cancer,,DrugBank|MONDO|NCBI,
Disease:5159,prostate carcinoma,Disease,prostate carcinoma,,DrugBank|MONDO|NCBI,
Drug:DB13169,Nandrolone,Drug,nandrolone,,DrugBank|MONDO,
Disease:8903,lung cancer,Disease,lung cancer,,DrugBank|HPO|MONDO|NCBI,
Drug:DB09035,Nivolumab,Drug,nivolumab,,DrugBank|MONDO,
Drug:DB00707,Porfimer sodium,Drug,porfimer sodium,,DrugBank|MONDO,
Drug:DB00305,Mitomycin,Drug,mitomycin,,DrugBank|MONDO,
Drug:DB09110,Coenzyme M,Drug,coenzyme m,,DrugBank|MONDO,
Drug:DB09037,Pembrolizumab,Drug,pembrolizumab,,DrugBank|MONDO,
Disease:23122,familial prostate carcinoma,Disease,familial prostate carcinoma,,DrugBank|HPO|MONDO|NCBI,
Drug:DB08913,Radium Ra 223 dichloride,Drug,radium ra 223 dichloride,,DrugBank|MONDO,
Disease:7256_18902_16216_3243,hepatocellular carcinoma,Disease,hepatocellular carcinoma,,DrugBank|HPO|MONDO_grouped|NCBI,
Disease:2691,liver cancer,Disease,liver cancer,,DrugBank|MONDO|NCBI,
Disease:18532,adenocarcinoma of liver and intrahepatic biliary tract,Disease,adenocarcinoma of liver and intrahepatic biliary tract,,DrugBank|MONDO|NCBI,
Disease:18533,undifferentiated carcinoma of liver and intrahepatic biliary tract,Disease,undifferentiated carcinoma of liver and intrahepatic biliary tract,,DrugBank|MONDO|NCBI,
Disease:18534,squamous cell carcinoma of liver and intrahepatic biliary tract,Disease,squamous cell carcinoma of liver and intrahepatic biliary tract,,DrugBank|MONDO|NCBI,
Disease:5090_13498_8414_10897_33312_10943_11552_14092_12054_11960_11280_11294_11295_11298_11307_11498_12879_13089_13506,schizophrenia,Disease,schizophrenia,,DrugBank|HPO|MONDO_grouped|NCBI,
Drug:DB13676,Mosapramine,Drug,mosapramine,,DrugBank|MONDO_grouped,
Drug:DB12710,Perazine,Drug,perazine,,DrugBank|MONDO_grouped,
Drug:DB13719,Trolnitrate,Drug,trolnitrate,,DrugBank|MONDO_grouped,
Drug:DB13403,Oxypertine,Drug,oxypertine,,DrugBank|MONDO_grouped,
Disease:5575,colorectal cancer,Disease,colorectal cancer,,DrugBank|HPO|MONDO|NCBI,
Drug:DB09010,Carmofur,Drug,carmofur,,DrugBank|MONDO,
Drug:DB11812,Talaporfin,Drug,talaporfin,,DrugBank|MONDO,
Disease:4989,breast carcinoma,Disease,breast carcinoma,,DrugBank|MONDO|NCBI,
Disease:21100,breast neoplasm,Disease,breast neoplasm,,DrugBank|MONDO|NCBI,
Drug:DB14655,Drostanolone propionate,Drug,drostanolone propionate,,DrugBank|MONDO,
Disease:7254,breast cancer,Disease,breast cancer,,DrugBank|MONDO|NCBI,
Disease:16419,hereditary breast carcinoma,Disease,hereditary breast carcinoma,,DrugBank|HPO|MONDO|NCBI,
Disease:16266,squamous cell carcinoma of the corpus uteri,Disease,squamous cell carcinoma of the corpus uteri,,DrugBank|MONDO|NCBI,
Disease:16267,undifferentiated carcinoma of the corpus uteri,Disease,undifferentiated carcinoma of the corpus uteri,,DrugBank|MONDO|NCBI,
Phenotype:2353,EEG abnormality,Phenotype,eeg abnormality,,HPO|MONDO_grouped,
Phenotype:738,Hallucinations,Phenotype,hallucinations,,HPO|MONDO_grouped,
Phenotype:7086,Social and occupational deterioration,Phenotype,social and occupational deterioration,,HPO|MONDO_grouped,
Phenotype:410291,Negativism,Phenotype,negativism,,HPO|MONDO_grouped,
Phenotype:746,Delusions,Phenotype,delusions,,HPO|MONDO_grouped,
Phenotype:6,Autosomal dominant inheritance,Phenotype,autosomal dominant inheritance,,HPO|MONDO|MONDO_grouped,
Phenotype:1425,Heterogeneous,Phenotype,heterogeneous,,HPO|MONDO|MONDO_grouped,
Phenotype:3002,Breast carcinoma,Phenotype,breast carcinoma,,HPO|MONDO,
Phenotype:1428,Somatic mutation,Phenotype,somatic mutation,,HPO|MONDO|MONDO_grouped,
Phenotype:10982,Polygenic inheritance,Phenotype,polygenic inheritance,,HPO|MONDO_grouped,
Phenotype:752,Hyperactivity,Phenotype,hyperactivity,,HPO|MONDO_grouped,
Phenotype:6716,Hereditary nonpolyposis colorectal carcinoma,Phenotype,hereditary nonpolyposis colorectal carcinoma,,HPO|MONDO,
Phenotype:2891,Uterine leiomyosarcoma,Phenotype,uterine leiomyosarcoma,,HPO|MONDO,
Phenotype:6740,Transitional cell carcinoma of the bladder,Phenotype,transitional cell carcinoma of the bladder,,HPO|MONDO,
Phenotype:6753,Neoplasm of the stomach,Phenotype,neoplasm of the stomach,,HPO|MONDO,
Phenotype:5469,Flat occiput,Phenotype,flat occiput,,HPO|MONDO_grouped,
Phenotype:8738,Partially duplicated kidney,Phenotype,partially duplicated kidney,,HPO|MONDO_grouped,
Phenotype:4322,Short stature,Phenotype,short stature,,HPO|MONDO_grouped,
Phenotype:86,Ectopic kidney,Phenotype,ectopic kidney,,HPO|MONDO_grouped,
Phenotype:100396,Short proximal phalanx of the 4th toe,Phenotype,short proximal phalanx of the 4th toe,,HPO|MONDO_grouped,
Phenotype:411,Protruding ear,Phenotype,protruding ear,,HPO|MONDO_grouped,
Phenotype:2007,Frontal bossing,Phenotype,frontal bossing,,HPO|MONDO_grouped,
Phenotype:6572,Subacute progressive viral hepatitis,Phenotype,subacute progressive viral hepatitis,,HPO|MONDO_grouped,
Phenotype:1402,Hepatocellular carcinoma,Phenotype,hepatocellular carcinoma,,HPO|MONDO_grouped,
Phenotype:1413,Micronodular cirrhosis,Phenotype,micronodular cirrhosis,,HPO|MONDO_grouped,
Phenotype:707,Abnormality of the nervous system,Phenotype,abnormality of the nervous system,,HPO|MONDO_grouped,
Phenotype:100543,Cognitive impairment,Phenotype,cognitive impairment,,HPO|MONDO_grouped,
Phenotype:3829,Incomplete penetrance,Phenotype,incomplete penetrance,,HPO|MONDO_grouped,
Phenotype:1939,Abnormality of metabolism/homeostasis,Phenotype,abnormality of metabolism/homeostasis,,HPO|MONDO_grouped,
Phenotype:12125,Prostate cancer,Phenotype,prostate cancer,,HPO|MONDO,
Phenotype:6519,Alveolar cell carcinoma,Phenotype,alveolar cell carcinoma,,HPO|MONDO,
Phenotype:30078,Lung adenocarcinoma,Phenotype,lung adenocarcinoma,,HPO|MONDO,
Phenotype:5324,Disturbance of facial expression,Phenotype,disturbance of facial expression,,HPO|MONDO_grouped,
Phenotype:298,Mask-like facies,Phenotype,mask-like facies,,HPO|MONDO_grouped,
Phenotype:725,Psychotic episodes,Phenotype,psychotic episodes,,HPO|MONDO_grouped,
Phenotype:11027,Abnormal fallopian tube morphology,Phenotype,abnormal fallopian tube morphology,,HPO|MONDO,
Phenotype:100615,Ovarian neoplasm,Phenotype,ovarian neoplasm,,HPO|MONDO,
Phenotype:2894,Neoplasm of the pancreas,Phenotype,neoplasm of the pancreas,,HPO|MONDO,
Phenotype:1392,Abnormality of the liver,Phenotype,abnormality of the liver,,HPO|MONDO_grouped,
Phenotype:1409,Portal hypertension,Phenotype,portal hypertension,,HPO|MONDO_grouped,
Phenotype:2027,Abdominal pain,Phenotype,abdominal pain,,HPO|MONDO_grouped,
Phenotype:2240,Hepatomegaly,Phenotype,hepatomegaly,,HPO|MONDO_grouped,
Phenotype:2904,Hyperbilirubinemia,Phenotype,hyperbilirubinemia,,HPO|MONDO_grouped,
Phenotype:3073,Hypoalbuminemia,Phenotype,hypoalbuminemia,,HPO|MONDO_grouped,
Phenotype:6707,Abnormality of the hepatic vasculature,Phenotype,abnormality of the hepatic vasculature,,HPO|MONDO_grouped,
Phenotype:1824,Weight loss,Phenotype,weight loss,,HPO|MONDO_grouped,
Phenotype:2034,Abnormal rectum morphology,Phenotype,abnormal rectum morphology,,HPO|MONDO_grouped,
Phenotype:2039,Anorexia,Phenotype,anorexia,,HPO|MONDO_grouped,
Phenotype:2040,Esophageal varix,Phenotype,esophageal varix,,HPO|MONDO_grouped,
Phenotype:2910,Elevated hepatic transaminase,Phenotype,elevated hepatic transaminase,,HPO|MONDO_grouped,
Phenotype:3270,Abdominal distention,Phenotype,abdominal distention,,HPO|MONDO_grouped,
Phenotype:5978,Type II diabetes mellitus,Phenotype,type ii diabetes mellitus,,HPO|MONDO_grouped,
Phenotype:410019,Epigastric pain,Phenotype,epigastric pain,,HPO|MONDO_grouped,
Phenotype:952,Jaundice,Phenotype,jaundice,,HPO|MONDO_grouped,
Phenotype:1541,Ascites,Phenotype,ascites,,HPO|MONDO_grouped,
Phenotype:1575,Mood changes,Phenotype,mood changes,,HPO|MONDO_grouped,
Phenotype:1873,Thrombocytopenia,Phenotype,thrombocytopenia,,HPO|MONDO_grouped,
Phenotype:1894,Thrombocytosis,Phenotype,thrombocytosis,,HPO|MONDO_grouped,
Phenotype:1943,Hypoglycemia,Phenotype,hypoglycemia,,HPO|MONDO_grouped,
Phenotype:1945,Fever,Phenotype,fever,,HPO|MONDO_grouped,
Phenotype:2094,Dyspnea,Phenotype,dyspnea,,HPO|MONDO_grouped,
Phenotype:2480,Hepatic encephalopathy,Phenotype,hepatic encephalopathy,,HPO|MONDO_grouped,
Phenotype:2605,Hepatic necrosis,Phenotype,hepatic necrosis,,HPO|MONDO_grouped,
Phenotype:2653,Bone pain,Phenotype,bone pain,,HPO|MONDO_grouped,
Phenotype:2902,Hyponatremia,Phenotype,hyponatremia,,HPO|MONDO_grouped,
Phenotype:4396,Poor appetite,Phenotype,poor appetite,,HPO|MONDO_grouped,
Phenotype:10741,Pedal edema,Phenotype,pedal edema,,HPO|MONDO_grouped,
Phenotype:11029,Internal hemorrhage,Phenotype,internal hemorrhage,,HPO|MONDO_grouped,
Phenotype:12050,Anasarca,Phenotype,anasarca,,HPO|MONDO_grouped,
Phenotype:12378,Fatigue,Phenotype,fatigue,,HPO|MONDO_grouped,
Phenotype:25142,Constitutional symptom,Phenotype,constitutional symptom,,HPO|MONDO_grouped,
Phenotype:100762,Hemobilia,Phenotype,hemobilia,,HPO|MONDO_grouped,
Phenotype:200114,Metabolic alkalosis,Phenotype,metabolic alkalosis,,HPO|MONDO_grouped,
Phenotype:2639,Budd-Chiari syndrome,Phenotype,budd-chiari syndrome,,HPO|MONDO_grouped,
Phenotype:100523,Liver abscess,Phenotype,liver abscess,,HPO|MONDO_grouped,
Phenotype:708,Behavioral abnormality,Phenotype,behavioral abnormality,,HPO|MONDO_grouped,
Gene:104,ADARB1,Gene,ADARB1,,MONDO_grouped|NCBI|REACTOME,
Gene:113,ADCY7,Gene,ADCY7,,MONDO_grouped|NCBI|REACTOME,
Gene:117,ADCYAP1R1,Gene,ADCYAP1R1,,MONDO_grouped|NCBI|REACTOME,
Gene:133,ADM,Gene,ADM,,MONDO_grouped|NCBI|REACTOME,
Gene:175,AGA,Gene,AGA,,MONDO_grouped|NCBI|REACTOME,
Gene:177,AGER,Gene,AGER,,MONDO_grouped|NCBI|REACTOME,
Gene:182,JAG1,Gene,JAG1,,MONDO|MONDO_grouped|NCBI|REACTOME,
Gene:239,ALOX12,Gene,ALOX12,,MONDO_grouped|NCBI|REACTOME,
Gene:288,ANK3,Gene,ANK3,,MONDO|MONDO_grouped|NCBI|REACTOME,
Gene:321,APBA2,Gene,APBA2,,MONDO_grouped|NCBI|REACTOME,
Gene:324,APC,Gene,APC,,MONDO|MONDO_grouped|NCBI|REACTOME,
Gene:355,FAS,Gene,FAS,,MONDO|MONDO_grouped|NCBI|REACTOME,
Gene:361,AQP4,Gene,AQP4,,MONDO|MONDO_grouped|NCBI|REACTOME,
Gene:392,ARHGAP1,Gene,ARHGAP1,,MONDO_grouped|NCBI|REACTOME,
Gene:421,ARVCF,Gene,ARVCF,,MONDO_grouped|NCBI,
Gene:427,ASAH1,Gene,ASAH1,,MONDO_grouped|NCBI|REACTOME,
Gene:551,AVP,Gene,AVP,,MONDO_grouped|NCBI|REACTOME,
Gene:607,BCL9,Gene,BCL9,,MONDO|MONDO_grouped|NCBI|REACTOME,
Gene:637,BID,Gene,BID,,MONDO|MONDO_grouped|NCBI|REACTOME,
Gene:672,BRCA1,Gene,BRCA1,,MONDO|MONDO_grouped|NCBI|REACTOME,
Gene:685,BTC,Gene,BTC,,MONDO_grouped|NCBI|REACTOME,
Gene:688,KLF5,Gene,KLF5,,MONDO|MONDO_grouped|NCBI|REACTOME,
Gene:694,BTG1,Gene,BTG1,,MONDO_grouped|NCBI|REACTOME,
Gene:857,CAV1,Gene,CAV1,,MONDO|MONDO_grouped|NCBI|REACTOME,
Gene:894,CCND2,Gene,CCND2,,MONDO|MONDO_grouped|NCBI|REACTOME,
Gene:989,SEPTIN7,Gene,SEPTIN7,,MONDO_grouped|NCBI|REACTOME,
Gene:995,CDC25C,Gene,CDC25C,,MONDO|MONDO_grouped|NCBI|REACTOME,
Gene:1028,CDKN1C,Gene,CDKN1C,,MONDO|MONDO_grouped|NCBI|REACTOME,
Gene:1068,CETN1,Gene,CETN1,,MONDO_grouped|NCBI|REACTOME,
Gene:1108,CHD4,Gene,CHD4,,MONDO_grouped|NCBI|REACTOME,
Gene:1113,CHGA,Gene,CHGA,,MONDO|MONDO_grouped|NCBI|REACTOME,
Gene:1114,CHGB,Gene,CHGB,,MONDO_grouped|NCBI|REACTOME,
Gene:1116,CHI3L1,Gene,CHI3L1,,MONDO_grouped|NCBI|REACTOME,
Gene:1267,CNP,Gene,CNP,,MONDO_grouped|NCBI,
Gene:1270,CNTF,Gene,CNTF,,MONDO_grouped|NCBI|REACTOME,
Gene:1400,CRMP1,Gene,CRMP1,,MONDO_grouped|NCBI|REACTOME,
Gene:1496,CTNNA2,Gene,CTNNA2,,MONDO_grouped|NCBI|REACTOME,
Gene:1501,CTNND2,Gene,CTNND2,,MONDO|MONDO_grouped|NCBI,
Gene:1506,CTRL,Gene,CTRL,,MONDO_grouped|NCBI,
Gene:1627,DBN1,Gene,DBN1,,MONDO|MONDO_grouped|NCBI|REACTOME,
Gene:1630,DCC,Gene,DCC,,MONDO|MONDO_grouped|NCBI|REACTOME,
Gene:1739,DLG1,Gene,DLG1,,MONDO_grouped|NCBI|REACTOME,
Gene:1740,DLG2,Gene,DLG2,,MONDO_grouped|NCBI|REACTOME,
Gene:1741,DLG3,Gene,DLG3,,MONDO|MONDO_grouped|NCBI|REACTOME,
Gene:1745,DLX1,Gene,DLX1,,MONDO_grouped|NCBI,
Gene:1759,DNM1,Gene,DNM1,,MONDO_grouped|NCBI|REACTOME,
Gene:1902,LPAR1,Gene,LPAR1,,MONDO|MONDO_grouped|NCBI|REACTOME,
Gene:1948,EFNB2,Gene,EFNB2,,MONDO|MONDO_grouped|NCBI|REACTOME,
Gene:1959,EGR2,Gene,EGR2,,MONDO|MONDO_grouped|NCBI|REACTOME,
Gene:1960,EGR3,Gene,EGR3,,MONDO_grouped|NCBI|REACTOME,
Gene:1961,EGR4,Gene,EGR4,,MONDO_grouped|NCBI|REACTOME,
Gene:1965,EIF2S1,Gene,EIF2S1,,MONDO_grouped|NCBI|REACTOME,
Gene:1983,EIF5,Gene,EIF5,,MONDO|MONDO_grouped|NCBI|REACTOME,
Gene:1993,ELAVL2,Gene,ELAVL2,,MONDO_grouped|NCBI|REACTOME,
Gene:2018,EMX2,Gene,EMX2,,MONDO|MONDO_grouped|NCBI,
Gene:2019,EN1,Gene,EN1,,MONDO_grouped|NCBI,
Gene:2332,FMR1,Gene,FMR1,,MONDO_grouped|NCBI,
Gene:2414,FRA7G,Gene,FRA7G,,MONDO_grouped|NCBI,
Gene:2530,FUT8,Gene,FUT8,,MONDO_grouped|NCBI|REACTOME,
Gene:2596,GAP43,Gene,GAP43,,MONDO|MONDO_grouped|NCBI|REACTOME,
Gene:2647,BLOC1S1,Gene,BLOC1S1,,MONDO_grouped|NCBI|REACTOME,
Gene:2670,GFAP,Gene,GFAP,,MONDO_grouped|NCBI|REACTOME,
Gene:2674,GFRA1,Gene,GFRA1,,MONDO_grouped|NCBI|REACTOME,
Gene:2676,GFRA3,Gene,GFRA3,,MONDO_grouped|NCBI|REACTOME,
Gene:2703,GJA8,Gene,GJA8,,MONDO_grouped|NCBI|REACTOME,
Gene:2774,GNAL,Gene,GNAL,,MONDO_grouped|NCBI|REACTOME,
Gene:2775,GNAO1,Gene,GNAO1,,MONDO|MONDO_grouped|NCBI|REACTOME,
Gene:2778,GNAS,Gene,GNAS,,MONDO|MONDO_grouped|NCBI|REACTOME,
Gene:2784,GNB3,Gene,GNB3,,MONDO_grouped|NCBI|REACTOME,
Gene:2823,GPM6A,Gene,GPM6A,,MONDO|MONDO_grouped|NCBI,
Gene:2870,GRK6,Gene,GRK6,,MONDO_grouped|NCBI|REACTOME,
Gene:2873,GPS1,Gene,GPS1,,MONDO_grouped|NCBI|REACTOME,
Gene:2887,GRB10,Gene,GRB10,,MONDO_grouped|NCBI|REACTOME,
Gene:2894,GRID1,Gene,GRID1,,MONDO|MONDO_grouped|NCBI,
Gene:2896,GRN,Gene,GRN,,MONDO_grouped|NCBI|REACTOME,
Gene:3009,H1-5,Gene,H1-5,,MONDO|MONDO_grouped|NCBI|REACTOME,
Gene:3014,H2AX,Gene,H2AX,,MONDO|MONDO_grouped|NCBI|REACTOME,
Gene:3084,NRG1,Gene,NRG1,,MONDO|MONDO_grouped|NCBI|REACTOME,
Gene:3107,HLA-C,Gene,HLA-C,,MONDO_grouped|NCBI|REACTOME,
Gene:3133,HLA-E,Gene,HLA-E,,MONDO_grouped|NCBI|REACTOME,
Gene:3137,HLA-J,Gene,HLA-J,,MONDO_grouped|NCBI,
Gene:3159,HMGA1,Gene,HMGA1,,MONDO_grouped|NCBI|REACTOME,
Gene:3303,HSPA1A,Gene,HSPA1A,,MONDO|MONDO_grouped|NCBI|REACTOME,
Gene:3304,HSPA1B,Gene,HSPA1B,,MONDO|MONDO_grouped|NCBI|REACTOME,
Gene:3305,HSPA1L,Gene,HSPA1L,,MONDO_grouped|NCBI|REACTOME,
Gene:3313,HSPA9,Gene,HSPA9,,MONDO|MONDO_grouped|NCBI|REACTOME,
Gene:3481,IGF2,Gene,IGF2,,MONDO|MONDO_grouped|NCBI|REACTOME,
Gene:3587,IL10RA,Gene,IL10RA,,MONDO_grouped|NCBI|REACTOME,
Gene:3606,IL18,Gene,IL18,,MONDO|MONDO_grouped|NCBI|REACTOME,
Gene:3632,INPP5A,Gene,INPP5A,,MONDO_grouped|NCBI|REACTOME,
Gene:3684,ITGAM,Gene,ITGAM,,MONDO_grouped|NCBI|REACTOME,
Gene:3714,JAG2,Gene,JAG2,,MONDO|MONDO_grouped|NCBI|REACTOME,
Gene:3720,JARID2,Gene,JARID2,,MONDO_grouped|NCBI|REACTOME,
Gene:3790,KCNS3,Gene,KCNS3,,MONDO_grouped|NCBI|REACTOME,
Gene:3796,KIF2A,Gene,KIF2A,,MONDO_grouped|NCBI|REACTOME,
Gene:3836,KPNA1,Gene,KPNA1,,MONDO_grouped|NCBI|REACTOME,
Gene:3839,KPNA3,Gene,KPNA3,,MONDO_grouped|NCBI|REACTOME,
Gene:3843,IPO5,Gene,IPO5,,MONDO|MONDO_grouped|NCBI|REACTOME,
Gene:3908,LAMA2,Gene,LAMA2,,MONDO|MONDO_grouped|NCBI|REACTOME,
Gene:3927,LASP1,Gene,LASP1,,MONDO_grouped|NCBI,
Gene:3952,LEP,Gene,LEP,,MONDO|MONDO_grouped|NCBI|REACTOME,
Gene:3977,LIFR,Gene,LIFR,,MONDO|MONDO_grouped|NCBI|REACTOME,
Gene:4009,LMX1A,Gene,LMX1A,,MONDO_grouped|NCBI,
Gene:4010,LMX1B,Gene,LMX1B,,MONDO_grouped|NCBI,
Gene:4045,LSAMP,Gene,LSAMP,,MONDO_grouped|NCBI|REACTOME,
Gene:4090,SMAD5,Gene,SMAD5,,MONDO_grouped|NCBI|REACTOME,
Gene:4099,MAG,Gene,MAG,,MONDO_grouped|NCBI|REACTOME,
Gene:4135,MAP6,Gene,MAP6,,MONDO_grouped|NCBI,
Gene:4154,MBNL1,Gene,MBNL1,,MONDO|MONDO_grouped|NCBI,
Gene:4155,MBP,Gene,MBP,,MONDO_grouped|NCBI|REACTOME,
Gene:4192,MDK,Gene,MDK,,MONDO_grouped|NCBI|REACTOME,
Gene:4277,MICB,Gene,MICB,,MONDO_grouped|NCBI|REACTOME,
Gene:4297,KMT2A,Gene,KMT2A,,MONDO|MONDO_grouped|NCBI|REACTOME,
Gene:4308,TRPM1,Gene,TRPM1,,MONDO_grouped|NCBI|REACTOME,
Gene:4340,MOG,Gene,MOG,,MONDO_grouped|NCBI,
Gene:4645,MYO5B,Gene,MYO5B,,MONDO|MONDO_grouped|NCBI|REACTOME,
Gene:4650,MYO9B,Gene,MYO9B,,MONDO|MONDO_grouped|NCBI|REACTOME,
Gene:4684,NCAM1,Gene,NCAM1,,MONDO_grouped|NCBI|REACTOME,
Gene:4693,NDP,Gene,NDP,,MONDO_grouped|NCBI,
Gene:4747,NEFL,Gene,NEFL,,MONDO_grouped|NCBI|REACTOME,
Gene:4762,NEUROG1,Gene,NEUROG1,,MONDO_grouped|NCBI,
Gene:4804,NGFR,Gene,NGFR,,MONDO|MONDO_grouped|NCBI|REACTOME,
Gene:4855,NOTCH4,Gene,NOTCH4,,MONDO|MONDO_grouped|NCBI|REACTOME,
Gene:4861,NPAS1,Gene,NPAS1,,MONDO_grouped|NCBI,
Gene:4862,NPAS2,Gene,NPAS2,,MONDO_grouped|NCBI|REACTOME,
Gene:4900,NRGN,Gene,NRGN,,MONDO_grouped|NCBI|REACTOME,
Gene:4908,NTF3,Gene,NTF3,,MONDO_grouped|NCBI|REACTOME,
Gene:4922,NTS,Gene,NTS,,MONDO_grouped|NCBI|REACTOME,
Gene:4923,NTSR1,Gene,NTSR1,,MONDO_grouped|NCBI|REACTOME,
Gene:4929,NR4A2,Gene,NR4A2,,MONDO|MONDO_grouped|NCBI|REACTOME,
Gene:4976,OPA1,Gene,OPA1,,MONDO_grouped|NCBI|REACTOME,
Gene:4978,OPCML,Gene,OPCML,,MONDO|MONDO_grouped|NCBI|REACTOME,
Gene:5048,PAFAH1B1,Gene,PAFAH1B1,,MONDO_grouped|NCBI|REACTOME,
Gene:5074,PAWR,Gene,PAWR,,MONDO|MONDO_grouped|NCBI,
Gene:5080,PAX6,Gene,PAX6,,MONDO|MONDO_grouped|NCBI|REACTOME,
Gene:5100,PCDH8,Gene,PCDH8,,MONDO|MONDO_grouped|NCBI,
Gene:5108,PCM1,Gene,PCM1,,MONDO_grouped|NCBI|REACTOME,
Gene:5116,PCNT,Gene,PCNT,,MONDO_grouped|NCBI|REACTOME,
Gene:5173,PDYN,Gene,PDYN,,MONDO_grouped|NCBI|REACTOME,
Gene:5174,PDZK1,Gene,PDZK1,,MONDO|MONDO_grouped|NCBI,
Gene:5274,SERPINI1,Gene,SERPINI1,,MONDO_grouped|NCBI,
Gene:5297,PI4KA,Gene,PI4KA,,MONDO_grouped|NCBI|REACTOME,
Gene:5305,PIP4K2A,Gene,PIP4K2A,,MONDO_grouped|NCBI|REACTOME,
Gene:5309,PITX3,Gene,PITX3,,MONDO|MONDO_grouped|NCBI,
Gene:5348,FXYD1,Gene,FXYD1,,MONDO_grouped|NCBI|REACTOME,
Gene:5354,PLP1,Gene,PLP1,,MONDO_grouped|NCBI,
Gene:5362,PLXNA2,Gene,PLXNA2,,MONDO_grouped|NCBI|REACTOME,
Gene:5533,PPP3CC,Gene,PPP3CC,,MONDO_grouped|NCBI|REACTOME,
Gene:5609,MAP2K7,Gene,MAP2K7,,MONDO|MONDO_grouped|NCBI|REACTOME,
Gene:5617,PRL,Gene,PRL,,MONDO_grouped|NCBI|REACTOME,
Gene:5649,RELN,Gene,RELN,,MONDO_grouped|NCBI|REACTOME,
Gene:5662,PSD,Gene,PSD,,MONDO_grouped|NCBI,
Gene:5664,PSEN2,Gene,PSEN2,,MONDO_grouped|NCBI|REACTOME,
Gene:5786,PTPRA,Gene,PTPRA,,MONDO_grouped|NCBI|REACTOME,
Gene:5803,PTPRZ1,Gene,PTPRZ1,,MONDO_grouped|NCBI|REACTOME,
Gene:5978,REST,Gene,REST,,MONDO_grouped|NCBI|REACTOME,
Gene:5997,RGS2,Gene,RGS2,,MONDO|MONDO_grouped|NCBI|REACTOME,
Gene:6002,RGS12,Gene,RGS12,,MONDO_grouped|NCBI|REACTOME,
Gene:6007,RHD,Gene,RHD,,MONDO|MONDO_grouped|NCBI|REACTOME,
Gene:6311,ATXN2,Gene,ATXN2,,MONDO_grouped|NCBI,
Gene:6482,ST3GAL1,Gene,ST3GAL1,,MONDO_grouped|NCBI|REACTOME,
Gene:6586,SLIT3,Gene,SLIT3,,MONDO_grouped|NCBI|REACTOME,
Gene:6595,SMARCA2,Gene,SMARCA2,,MONDO_grouped|NCBI|REACTOME,
Gene:6620,SNCB,Gene,SNCB,,MONDO_grouped|NCBI|REACTOME,
Gene:6660,SOX5,Gene,SOX5,,MONDO_grouped|NCBI,
Gene:6663,SOX10,Gene,SOX10,,MONDO_grouped|NCBI|REACTOME,
Gene:6667,SP1,Gene,SP1,,MONDO_grouped|NCBI|REACTOME,
Gene:6671,SP4,Gene,SP4,,MONDO_grouped|NCBI,
Gene:6712,SPTBN2,Gene,SPTBN2,,MONDO|MONDO_grouped|NCBI|REACTOME,
Gene:6721,SREBF2,Gene,SREBF2,,MONDO|MONDO_grouped|NCBI|REACTOME,
Gene:6750,SST,Gene,SST,,MONDO_grouped|NCBI|REACTOME,
Gene:6804,STX1A,Gene,STX1A,,MONDO_grouped|NCBI|REACTOME,
Gene:6812,STXBP1,Gene,STXBP1,,MONDO_grouped|NCBI|REACTOME,
Gene:6854,SYN2,Gene,SYN2,,MONDO_grouped|NCBI|REACTOME,
Gene:6855,SYP,Gene,SYP,,MONDO|MONDO_grouped|NCBI|REACTOME,
Gene:6863,TAC1,Gene,TAC1,,MONDO_grouped|NCBI|REACTOME,
Gene:6891,TAP2,Gene,TAP2,,MONDO_grouped|NCBI|REACTOME,
Gene:6892,TAPBP,Gene,TAPBP,,MONDO_grouped|NCBI|REACTOME,
Gene:6899,TBX1,Gene,TBX1,,MONDO|MONDO_grouped|NCBI,
Gene:6908,TBP,Gene,TBP,,MONDO_grouped|NCBI|REACTOME,
Gene:6925,TCF4,Gene,TCF4,,MONDO|MONDO_grouped|NCBI|REACTOME,
Gene:6934,TCF7L2,Gene,TCF7L2,,MONDO|MONDO_grouped|NCBI|REACTOME,
Gene:7057,THBS1,Gene,THBS1,,MONDO|MONDO_grouped|NCBI|REACTOME,
Gene:7098,TLR3,Gene,TLR3,,MONDO_grouped|NCBI|REACTOME,
Gene:7101,NR2E1,Gene,NR2E1,,MONDO_grouped|NCBI|REACTOME,
Gene:7103,TSPAN8,Gene,TSPAN8,,MONDO_grouped|NCBI,
Gene:7122,CLDN5,Gene,CLDN5,,MONDO_grouped|NCBI|REACTOME,
Gene:7148,TNXB,Gene,TNXB,,MONDO_grouped|NCBI|REACTOME,
Gene:7351,UCP2,Gene,UCP2,,MONDO_grouped|NCBI|REACTOME,
Gene:7353,UFD1,Gene,UFD1,,MONDO_grouped|NCBI|REACTOME,
Gene:7432,VIP,Gene,VIP,,MONDO|MONDO_grouped|NCBI|REACTOME,
Gene:7434,VIPR2,Gene,VIPR2,,MONDO_grouped|NCBI|REACTOME,
Gene:7444,VRK2,Gene,VRK2,,MONDO_grouped|NCBI|REACTOME,
Gene:7447,VSNL1,Gene,VSNL1,,MONDO_grouped|NCBI,
Gene:7494,XBP1,Gene,XBP1,,MONDO|MONDO_grouped|NCBI|REACTOME,
Gene:7515,XRCC1,Gene,XRCC1,,MONDO|MONDO_grouped|NCBI|REACTOME,
Gene:7546,ZIC2,Gene,ZIC2,,MONDO|MONDO_grouped|NCBI,
Gene:7625,ZNF74,Gene,ZNF74,,MONDO_grouped|NCBI|REACTOME,
Gene:7804,LRP8,Gene,LRP8,,MONDO_grouped|NCBI|REACTOME,
Gene:7976,FZD3,Gene,FZD3,,MONDO_grouped|NCBI|REACTOME,
Gene:8038,ADAM12,Gene,ADAM12,,MONDO|MONDO_grouped|NCBI|REACTOME,
Gene:8128,ST8SIA2,Gene,ST8SIA2,,MONDO_grouped|NCBI|REACTOME,
Gene:8214,DGCR6,Gene,DGCR6,,MONDO_grouped|NCBI,
Gene:8220,ESS2,Gene,ESS2,,MONDO_grouped|NCBI,
Gene:8224,SYN3,Gene,SYN3,,MONDO_grouped|NCBI|REACTOME,
Gene:8295,TRRAP,Gene,TRRAP,,MONDO_grouped|NCBI|REACTOME,
Gene:8315,BRAP,Gene,BRAP,,MONDO_grouped|NCBI|REACTOME,
Gene:8379,MAD1L1,Gene,MAD1L1,,MONDO|MONDO_grouped|NCBI|REACTOME,
Gene:8443,GNPAT,Gene,GNPAT,,MONDO_grouped|NCBI|REACTOME,
Gene:8490,RGS5,Gene,RGS5,,MONDO_grouped|NCBI|REACTOME,
Gene:8516,ITGA8,Gene,ITGA8,,MONDO|MONDO_grouped|NCBI|REACTOME,
Gene:8528,DDO,Gene,DDO,,MONDO|MONDO_grouped|NCBI|REACTOME,
Gene:8553,BHLHE40,Gene,BHLHE40,,MONDO_grouped|NCBI|REACTOME,
Gene:8564,KMO,Gene,KMO,,MONDO_grouped|NCBI|REACTOME,
Gene:8605,PLA2G4C,Gene,PLA2G4C,,MONDO_grouped|NCBI|REACTOME,
Gene:8633,UNC5C,Gene,UNC5C,,MONDO_grouped|NCBI|REACTOME,
Gene:8741,TNFSF13,Gene,TNFSF13,,MONDO|MONDO_grouped|NCBI|REACTOME,
Gene:8787,RGS9,Gene,RGS9,,MONDO_grouped|NCBI|REACTOME,
Gene:8809,IL18R1,Gene,IL18R1,,MONDO_grouped|NCBI|REACTOME,
Gene:8831,SYNGAP1,Gene,SYNGAP1,,MONDO_grouped|NCBI|REACTOME,
Gene:8835,SOCS2,Gene,SOCS2,,MONDO|MONDO_grouped|NCBI|REACTOME,
Gene:8929,PHOX2B,Gene,PHOX2B,,MONDO_grouped|NCBI,
Gene:8932,MBD2,Gene,MBD2,,MONDO|MONDO_grouped|NCBI|REACTOME,
Gene:8940,TOP3B,Gene,TOP3B,,MONDO_grouped|NCBI,
Gene:8991,SELENBP1,Gene,SELENBP1,,MONDO|MONDO_grouped|NCBI,
Gene:9019,MPZL1,Gene,MPZL1,,MONDO_grouped|NCBI,
Gene:9145,SYNGR1,Gene,SYNGR1,,MONDO_grouped|NCBI|REACTOME,
Gene:9168,TMSB10,Gene,TMSB10,,MONDO_grouped|NCBI,
Gene:9223,MAGI1,Gene,MAGI1,,MONDO_grouped|NCBI,
Gene:9228,DLGAP2,Gene,DLGAP2,,MONDO_grouped|NCBI,
Gene:9229,DLGAP1,Gene,DLGAP1,,MONDO_grouped|NCBI|REACTOME,
Gene:9248,GPR50,Gene,GPR50,,MONDO_grouped|NCBI,
Gene:9253,NUMBL,Gene,NUMBL,,MONDO_grouped|NCBI,
Gene:9342,SNAP29,Gene,SNAP29,,MONDO_grouped|NCBI|REACTOME,
Gene:9348,NDST3,Gene,NDST3,,MONDO|MONDO_grouped|NCBI|REACTOME,
Gene:9369,NRXN3,Gene,NRXN3,,MONDO_grouped|NCBI|REACTOME,
Gene:9373,PLAA,Gene,PLAA,,MONDO_grouped|NCBI,
Gene:9378,NRXN1,Gene,NRXN1,,MONDO_grouped|NCBI|REACTOME,
Gene:9379,NRXN2,Gene,NRXN2,,MONDO_grouped|NCBI|REACTOME,
Gene:9444,QKI,Gene,QKI,,MONDO|MONDO_grouped|NCBI|REACTOME,
Gene:9455,HOMER2,Gene,HOMER2,,MONDO_grouped|NCBI|REACTOME,
Gene:9456,HOMER1,Gene,HOMER1,,MONDO_grouped|NCBI|REACTOME,
Gene:9463,PICK1,Gene,PICK1,,MONDO_grouped|NCBI|REACTOME,
Gene:9481,SLC25A27,Gene,SLC25A27,,MONDO_grouped|NCBI|REACTOME,
Gene:9508,ADAMTS3,Gene,ADAMTS3,,MONDO_grouped|NCBI|REACTOME,
Gene:9575,CLOCK,Gene,CLOCK,,MONDO_grouped|NCBI|REACTOME,
Gene:9600,PITPNM1,Gene,PITPNM1,,MONDO_grouped|NCBI|REACTOME,
Gene:9638,FEZ1,Gene,FEZ1,,MONDO_grouped|NCBI,
Gene:9644,SH3PXD2A,Gene,SH3PXD2A,,MONDO_grouped|NCBI|REACTOME,
Gene:9699,RIMS2,Gene,RIMS2,,MONDO_grouped|NCBI,
Gene:9722,NOS1AP,Gene,NOS1AP,,MONDO_grouped|NCBI,
Gene:9732,DOCK4,Gene,DOCK4,,MONDO_grouped|NCBI|REACTOME,
Gene:9739,SETD1A,Gene,SETD1A,,MONDO_grouped|NCBI|REACTOME,
Gene:9743,ARHGAP32,Gene,ARHGAP32,,MONDO_grouped|NCBI|REACTOME,
Gene:9783,RIMS3,Gene,RIMS3,,MONDO_grouped|NCBI,
Gene:9821,RB1CC1,Gene,RB1CC1,,MONDO|MONDO_grouped|NCBI|REACTOME,
Gene:9826,ARHGEF11,Gene,ARHGEF11,,MONDO_grouped|NCBI|REACTOME,
Gene:9863,MAGI2,Gene,MAGI2,,MONDO_grouped|NCBI|REACTOME,
Gene:9869,SETDB1,Gene,SETDB1,,MONDO|MONDO_grouped|NCBI|REACTOME,
Gene:9901,SRGAP3,Gene,SRGAP3,,MONDO|MONDO_grouped|NCBI|REACTOME,
Gene:9947,MAGEC1,Gene,MAGEC1,,MONDO_grouped|NCBI,
Gene:9968,MED12,Gene,MED12,,MONDO|MONDO_grouped|NCBI|REACTOME,
Gene:9993,DGCR2,Gene,DGCR2,,MONDO_grouped|NCBI,
Gene:10048,RANBP9,Gene,RANBP9,,MONDO_grouped|NCBI|REACTOME,
Gene:10151,HNRNPA3P1,Gene,HNRNPA3P1,,MONDO_grouped|NCBI,
Gene:10215,OLIG2,Gene,OLIG2,,MONDO_grouped|NCBI,
Gene:10279,PRSS16,Gene,PRSS16,,MONDO_grouped|NCBI,
Gene:10326,SIRPB1,Gene,SIRPB1,,MONDO_grouped|NCBI|REACTOME,
Gene:10371,SEMA3A,Gene,SEMA3A,,MONDO|MONDO_grouped|NCBI|REACTOME,
Gene:10400,PEMT,Gene,PEMT,,MONDO_grouped|NCBI|REACTOME,
Gene:10602,CDC42EP3,Gene,CDC42EP3,,MONDO_grouped|NCBI|REACTOME,
Gene:10611,PDLIM5,Gene,PDLIM5,,MONDO_grouped|NCBI|REACTOME,
Gene:10641,NPRL2,Gene,NPRL2,,MONDO_grouped|NCBI|REACTOME,
Gene:10644,IGF2BP2,Gene,IGF2BP2,,MONDO_grouped|NCBI|REACTOME,
Gene:10659,CELF2,Gene,CELF2,,MONDO|MONDO_grouped|NCBI,
Gene:10664,CTCF,Gene,CTCF,,MONDO_grouped|NCBI|REACTOME,
Gene:10675,CSPG5,Gene,CSPG5,,MONDO_grouped|NCBI|REACTOME,
Gene:10678,B3GNT2,Gene,B3GNT2,,MONDO_grouped|NCBI|REACTOME,
Gene:10718,NRG3,Gene,NRG3,,MONDO_grouped|NCBI|REACTOME,
Gene:10743,RAI1,Gene,RAI1,,MONDO_grouped|NCBI|REACTOME,
Gene:10752,CHL1,Gene,CHL1,,MONDO|MONDO_grouped|NCBI|REACTOME,
Gene:10772,SRSF10,Gene,SRSF10,,MONDO|MONDO_grouped|NCBI|REACTOME,
Gene:10806,SDCCAG8,Gene,SDCCAG8,,MONDO_grouped|NCBI|REACTOME,
Gene:10814,CPLX2,Gene,CPLX2,,MONDO_grouped|NCBI,
Gene:10815,CPLX1,Gene,CPLX1,,MONDO_grouped|NCBI|REACTOME,
Gene:10859,LILRB1,Gene,LILRB1,,MONDO_grouped|NCBI|REACTOME,
Gene:10891,PPARGC1A,Gene,PPARGC1A,,MONDO_grouped|NCBI|REACTOME,
Gene:11099,PTPN21,Gene,PTPN21,,MONDO_grouped|NCBI,
Gene:11167,FSTL1,Gene,FSTL1,,MONDO_grouped|NCBI|REACTOME,
Gene:11278,KLF12,Gene,KLF12,,MONDO_grouped|NCBI,
Gene:11337,GABARAP,Gene,GABARAP,,MONDO_grouped|NCBI|REACTOME,
Gene:22850,ADNP2,Gene,ADNP2,,MONDO_grouped|NCBI,
Gene:22854,NTNG1,Gene,NTNG1,,MONDO|MONDO_grouped|NCBI|REACTOME,
Gene:22871,NLGN1,Gene,NLGN1,,MONDO_grouped|NCBI|REACTOME,
Gene:22874,PLEKHA6,Gene,PLEKHA6,,MONDO_grouped|NCBI|REACTOME,
Gene:22904,SBNO2,Gene,SBNO2,,MONDO_grouped|NCBI,
Gene:22906,TRAK1,Gene,TRAK1,,MONDO_grouped|NCBI|REACTOME,
Gene:23026,MYO16,Gene,MYO16,,MONDO_grouped|NCBI,
Gene:23040,MYT1L,Gene,MYT1L,,MONDO_grouped|NCBI,
Gene:23114,NFASC,Gene,NFASC,,MONDO_grouped|NCBI|REACTOME,
Gene:23191,CYFIP1,Gene,CYFIP1,,MONDO_grouped|NCBI|REACTOME,
Gene:23208,SYT11,Gene,SYT11,,MONDO_grouped|NCBI|REACTOME,
Gene:23209,MLC1,Gene,MLC1,,MONDO_grouped|NCBI,
Gene:23228,PLCL2,Gene,PLCL2,,MONDO_grouped|NCBI,
Gene:23236,PLCB1,Gene,PLCB1,,MONDO|MONDO_grouped|NCBI|REACTOME,
Gene:23237,ARC,Gene,ARC,,MONDO_grouped|NCBI|REACTOME,
Gene:23245,ASTN2,Gene,ASTN2,,MONDO|MONDO_grouped|NCBI,
Gene:23305,ACSL6,Gene,ACSL6,,MONDO_grouped|NCBI|REACTOME,
Gene:23339,VPS39,Gene,VPS39,,MONDO|MONDO_grouped|NCBI,
Gene:23362,PSD3,Gene,PSD3,,MONDO_grouped|NCBI,
Gene:23394,ADNP,Gene,ADNP,,MONDO_grouped|NCBI,
Gene:23405,DICER1,Gene,DICER1,,MONDO|MONDO_grouped|NCBI|REACTOME,
Gene:23500,DAAM2,Gene,DAAM2,,MONDO_grouped|NCBI,
Gene:23551,RASD2,Gene,RASD2,,MONDO_grouped|NCBI,
Gene:23600,AMACR,Gene,AMACR,,MONDO|MONDO_grouped|NCBI|REACTOME,
Gene:23731,TMEM245,Gene,TMEM245,,MONDO_grouped|NCBI,
Gene:23774,BRD1,Gene,BRD1,,MONDO_grouped|NCBI|REACTOME,
Gene:23780,APOL2,Gene,APOL2,,MONDO_grouped|NCBI,
Gene:25830,SULT4A1,Gene,SULT4A1,,MONDO_grouped|NCBI|REACTOME,
Gene:26011,TENM4,Gene,TENM4,,MONDO_grouped|NCBI,
Gene:26047,CNTNAP2,Gene,CNTNAP2,,MONDO_grouped|NCBI,
Gene:26053,AUTS2,Gene,AUTS2,,MONDO_grouped|NCBI|REACTOME,
Gene:26223,FBXL21P,Gene,FBXL21P,,MONDO_grouped|NCBI,
Gene:26468,LHX6,Gene,LHX6,,MONDO_grouped|NCBI,
Gene:26528,DAZAP1,Gene,DAZAP1,,MONDO|MONDO_grouped|NCBI,
Gene:27013,CNPPD1,Gene,CNPPD1,,MONDO|MONDO_grouped|NCBI,
Gene:27020,NPTN,Gene,NPTN,,MONDO_grouped|NCBI|REACTOME,
Gene:27037,TRMT2A,Gene,TRMT2A,,MONDO|MONDO_grouped|NCBI,
Gene:27121,DKK4,Gene,DKK4,,MONDO_grouped|NCBI|REACTOME,
Gene:27122,DKK3,Gene,DKK3,,MONDO_grouped|NCBI,
Gene:27184,DISC2,Gene,DISC2,,MONDO_grouped|NCBI,
Gene:27185,DISC1,Gene,DISC1,,MONDO_grouped|NCBI,
Gene:27189,IL17C,Gene,IL17C,,MONDO_grouped|NCBI|REACTOME,
Gene:27201,GPR78,Gene,GPR78,,MONDO_grouped|NCBI,
Gene:27253,PCDH17,Gene,PCDH17,,MONDO_grouped|NCBI,
Gene:29115,SAP30BP,Gene,SAP30BP,,MONDO_grouped|NCBI|REACTOME,
Gene:29801,ZDHHC8,Gene,ZDHHC8,,MONDO_grouped|NCBI|REACTOME,
Gene:29947,DNMT3L,Gene,DNMT3L,,MONDO_grouped|NCBI|REACTOME,
Gene:29949,IL19,Gene,IL19,,MONDO_grouped|NCBI|REACTOME,
Gene:30816,ERVW-1,Gene,ERVW-1,,MONDO_grouped|NCBI,
Gene:50944,SHANK1,Gene,SHANK1,,MONDO|MONDO_grouped|NCBI|REACTOME,
Gene:51090,PLLP,Gene,PLLP,,MONDO_grouped|NCBI,
Gene:51150,SDF4,Gene,SDF4,,MONDO|MONDO_grouped|NCBI,
Gene:51299,NRN1,Gene,NRN1,,MONDO_grouped|NCBI|REACTOME,
Gene:51473,DCDC2,Gene,DCDC2,,MONDO_grouped|NCBI,
Gene:51586,MED15,Gene,MED15,,MONDO_grouped|NCBI|REACTOME,
Gene:51735,RAPGEF6,Gene,RAPGEF6,,MONDO_grouped|NCBI,
Gene:53335,BCL11A,Gene,BCL11A,,MONDO|MONDO_grouped|NCBI,
Gene:53826,FXYD6,Gene,FXYD6,,MONDO_grouped|NCBI|REACTOME,
Gene:54487,DGCR8,Gene,DGCR8,,MONDO_grouped|NCBI|REACTOME,
Gene:54584,GNB1L,Gene,GNB1L,,MONDO|MONDO_grouped|NCBI,
Gene:54719,RNANC,Gene,RNANC,,MONDO_grouped|NCBI,
Gene:54806,AHI1,Gene,AHI1,,MONDO_grouped|NCBI|REACTOME,
Gene:54808,DYM,Gene,DYM,,MONDO_grouped|NCBI,
Gene:54820,NDE1,Gene,NDE1,,MONDO_grouped|NCBI|REACTOME,
Gene:54986,ULK4,Gene,ULK4,,MONDO_grouped|NCBI,
Gene:55193,PBRM1,Gene,PBRM1,,MONDO|MONDO_grouped|NCBI|REACTOME,
Gene:55206,SBNO1,Gene,SBNO1,,MONDO|MONDO_grouped|NCBI,
Gene:55213,RCBTB1,Gene,RCBTB1,,MONDO_grouped|NCBI,
Gene:55626,AMBRA1,Gene,AMBRA1,,MONDO_grouped|NCBI|REACTOME,
Gene:55717,WDR11,Gene,WDR11,,MONDO_grouped|NCBI|REACTOME,
Gene:55733,HHAT,Gene,HHAT,,MONDO_grouped|NCBI|REACTOME,
Gene:55737,VPS35,Gene,VPS35,,MONDO_grouped|NCBI|REACTOME,
Gene:55741,EDEM2,Gene,EDEM2,,MONDO_grouped|NCBI|REACTOME,
Gene:55752,SEPTIN11,Gene,SEPTIN11,,MONDO_grouped|NCBI,
Gene:55784,MCTP2,Gene,MCTP2,,MONDO_grouped|NCBI,
Gene:55808,ST6GALNAC1,Gene,ST6GALNAC1,,MONDO_grouped|NCBI|REACTOME,
Gene:55824,PAG1,Gene,PAG1,,MONDO_grouped|NCBI|REACTOME,
Gene:56301,SLC7A10,Gene,SLC7A10,,MONDO_grouped|NCBI|REACTOME,
Gene:56990,CDC42SE2,Gene,CDC42SE2,,MONDO_grouped|NCBI|REACTOME,
Gene:57030,SLC17A7,Gene,SLC17A7,,MONDO_grouped|NCBI|REACTOME,
Gene:57084,SLC17A6,Gene,SLC17A6,,MONDO|MONDO_grouped|NCBI|REACTOME,
Gene:57088,PLSCR4,Gene,PLSCR4,,MONDO_grouped|NCBI,
Gene:57128,LYRM4,Gene,LYRM4,,MONDO_grouped|NCBI|REACTOME,
Gene:57142,RTN4,Gene,RTN4,,MONDO|MONDO_grouped|NCBI|REACTOME,
Gene:57188,ADAMTSL3,Gene,ADAMTSL3,,MONDO|MONDO_grouped|NCBI|REACTOME,
Gene:57532,NUFIP2,Gene,NUFIP2,,MONDO_grouped|NCBI,
Gene:57555,NLGN2,Gene,NLGN2,,MONDO_grouped|NCBI|REACTOME,
Gene:57576,KIF17,Gene,KIF17,,MONDO_grouped|NCBI|REACTOME,
Gene:58510,PRODH2,Gene,PRODH2,,MONDO_grouped|NCBI|REACTOME,
Gene:60493,FASTKD5,Gene,FASTKD5,,MONDO_grouped|NCBI,
Gene:63876,PKNOX2,Gene,PKNOX2,,MONDO|MONDO_grouped|NCBI,
Gene:64067,NPAS3,Gene,NPAS3,,MONDO_grouped|NCBI,
Gene:64288,ZSCAN31,Gene,ZSCAN31,,MONDO_grouped|NCBI,
Gene:64478,CSMD1,Gene,CSMD1,,MONDO|MONDO_grouped|NCBI,
Gene:64850,ETNPPL,Gene,ETNPPL,,MONDO_grouped|NCBI|REACTOME,
Gene:65018,PINK1,Gene,PINK1,,MONDO_grouped|NCBI|REACTOME,
Gene:65078,RTN4R,Gene,RTN4R,,MONDO_grouped|NCBI|REACTOME,
Gene:65267,WNK3,Gene,WNK3,,MONDO_grouped|NCBI|REACTOME,
Gene:79080,CCDC86,Gene,CCDC86,,MONDO_grouped|NCBI,
Gene:79137,RETREG2,Gene,RETREG2,,MONDO_grouped|NCBI,
Gene:80025,PANK2,Gene,PANK2,,MONDO_grouped|NCBI|REACTOME,
Gene:80312,TET1,Gene,TET1,,MONDO_grouped|NCBI|REACTOME,
Gene:80323,CCDC68,Gene,CCDC68,,MONDO_grouped|NCBI,
Gene:80832,APOL4,Gene,APOL4,,MONDO_grouped|NCBI,
Gene:81562,LMAN2L,Gene,LMAN2L,,MONDO_grouped|NCBI|REACTOME,
Gene:81565,NDEL1,Gene,NDEL1,,MONDO_grouped|NCBI|REACTOME,
Gene:81567,TXNDC5,Gene,TXNDC5,,MONDO|MONDO_grouped|NCBI|REACTOME,
Gene:81792,ADAMTS12,Gene,ADAMTS12,,MONDO_grouped|NCBI|REACTOME,
Gene:83999,KREMEN1,Gene,KREMEN1,,MONDO_grouped|NCBI|REACTOME,
Gene:84062,DTNBP1,Gene,DTNBP1,,MONDO_grouped|NCBI|REACTOME,
Gene:84148,KAT8,Gene,KAT8,,MONDO_grouped|NCBI|REACTOME,
Gene:84152,PPP1R1B,Gene,PPP1R1B,,MONDO_grouped|NCBI|REACTOME,
Gene:84466,MEGF10,Gene,MEGF10,,MONDO_grouped|NCBI,
Gene:84539,MCHR2,Gene,MCHR2,,MONDO_grouped|NCBI|REACTOME,
Gene:84547,PGBD1,Gene,PGBD1,,MONDO_grouped|NCBI,
Gene:84628,NTNG2,Gene,NTNG2,,MONDO_grouped|NCBI|REACTOME,
Gene:84678,KDM2B,Gene,KDM2B,,MONDO_grouped|NCBI|REACTOME,
Gene:84687,PPP1R9B,Gene,PPP1R9B,,MONDO_grouped|NCBI,
Gene:84867,PTPN5,Gene,PTPN5,,MONDO_grouped|NCBI|REACTOME,
Gene:84952,CGNL1,Gene,CGNL1,,MONDO_grouped|NCBI,
Gene:85358,SHANK3,Gene,SHANK3,,MONDO_grouped|NCBI,
Gene:85439,STON2,Gene,STON2,,MONDO_grouped|NCBI|REACTOME,
Gene:85458,DIXDC1,Gene,DIXDC1,,MONDO_grouped|NCBI,
Gene:86123,YWHAZP5,Gene,YWHAZP5,,MONDO_grouped|NCBI,
Gene:89781,HPS4,Gene,HPS4,,MONDO_grouped|NCBI|REACTOME,
Gene:89796,NAV1,Gene,NAV1,,MONDO_grouped|NCBI,
Gene:90139,TSPAN18,Gene,TSPAN18,,MONDO_grouped|NCBI,
Gene:90141,EFCAB11,Gene,EFCAB11,,MONDO_grouped|NCBI,
Gene:90273,CEACAM21,Gene,CEACAM21,,MONDO_grouped|NCBI,
Gene:90952,ESAM,Gene,ESAM,,MONDO_grouped|NCBI|REACTOME,
Gene:91752,ZNF804A,Gene,ZNF804A,,MONDO|MONDO_grouped|NCBI,
Gene:93663,ARHGAP18,Gene,ARHGAP18,,MONDO_grouped|NCBI|REACTOME,
Gene:93986,FOXP2,Gene,FOXP2,,MONDO_grouped|NCBI,
Gene:114781,BTBD9,Gene,BTBD9,,MONDO_grouped|NCBI,
Gene:114784,CSMD2,Gene,CSMD2,,MONDO_grouped|NCBI,
Gene:115111,SLC26A7,Gene,SLC26A7,,MONDO_grouped|NCBI|REACTOME,
Gene:115207,KCTD12,Gene,KCTD12,,MONDO_grouped|NCBI,
Gene:116285,ACSM1,Gene,ACSM1,,MONDO|MONDO_grouped|NCBI|REACTOME,
Gene:116369,SLC26A8,Gene,SLC26A8,,MONDO_grouped|NCBI,
Gene:118490,MSS51,Gene,MSS51,,MONDO_grouped|NCBI,
Gene:119749,OR4C46,Gene,OR4C46,,MONDO_grouped|NCBI|REACTOME,
Gene:127933,UHMK1,Gene,UHMK1,,MONDO_grouped|NCBI|REACTOME,
Gene:131177,FAM3D,Gene,FAM3D,,MONDO_grouped|NCBI,
Gene:134829,CLVS2,Gene,CLVS2,,MONDO_grouped|NCBI|REACTOME,
Gene:135152,B3GAT2,Gene,B3GAT2,,MONDO_grouped|NCBI|REACTOME,
Gene:140902,R3HDML,Gene,R3HDML,,MONDO_grouped|NCBI,
Gene:146279,TEKT5,Gene,TEKT5,,MONDO_grouped|NCBI,
Gene:147657,ZNF480,Gene,ZNF480,,MONDO|MONDO_grouped|NCBI|REACTOME,
Gene:147929,ZNF565,Gene,ZNF565,,MONDO_grouped|NCBI|REACTOME,
Gene:149111,CNIH3,Gene,CNIH3,,MONDO_grouped|NCBI|REACTOME,
Gene:149420,PDIK1L,Gene,PDIK1L,,MONDO_grouped|NCBI,
Gene:151295,SLC23A3,Gene,SLC23A3,,MONDO_grouped|NCBI,
Gene:154664,ABCA13,Gene,ABCA13,,MONDO|MONDO_grouped|NCBI|REACTOME,
Gene:161436,EML5,Gene,EML5,,MONDO_grouped|NCBI,
Gene:166378,SPATA5,Gene,SPATA5,,MONDO_grouped|NCBI,
Gene:169166,SNX31,Gene,SNX31,,MONDO_grouped|NCBI,
Gene:200933,FBXO45,Gene,FBXO45,,MONDO_grouped|NCBI,
Gene:202333,CMYA5,Gene,CMYA5,,MONDO_grouped|NCBI,
Gene:203062,TSNARE1,Gene,TSNARE1,,MONDO_grouped|NCBI,
Gene:203228,C9orf72,Gene,C9ORF72,,MONDO_grouped|NCBI,
Gene:219790,RTKN2,Gene,RTKN2,,MONDO_grouped|NCBI,
Gene:220988,HNRNPA3,Gene,HNRNPA3,,MONDO_grouped|NCBI|REACTOME,
Gene:221393,ADGRF4,Gene,ADGRF4,,MONDO|MONDO_grouped|NCBI,
Gene:222698,NKAPL,Gene,NKAPL,,MONDO_grouped|NCBI,
Gene:223117,SEMA3D,Gene,SEMA3D,,MONDO_grouped|NCBI,
Gene:246744,STH,Gene,STH,,MONDO_grouped|NCBI,
Gene:255101,CFAP65,Gene,CFAP65,,MONDO_grouped|NCBI,
Gene:259173,ALS2CL,Gene,ALS2CL,,MONDO|MONDO_grouped|NCBI|REACTOME,
Gene:259217,HSPA12A,Gene,HSPA12A,,MONDO_grouped|NCBI|REACTOME,
Gene:266553,OFCC1,Gene,OFCC1,,MONDO_grouped|NCBI,
Gene:266727,MDGA1,Gene,MDGA1,,MONDO_grouped|NCBI|REACTOME,
Gene:266743,NPAS4,Gene,NPAS4,,MONDO_grouped|NCBI,
Gene:267012,DAOA,Gene,DAOA,,MONDO_grouped|NCBI,
Gene:282617,IFNL3,Gene,IFNL3,,MONDO_grouped|NCBI|REACTOME,
Gene:282706,DAOA-AS1,Gene,DAOA-AS1,,MONDO_grouped|NCBI,
Gene:339230,CCDC137,Gene,CCDC137,,MONDO_grouped|NCBI,
Gene:347730,LRRTM1,Gene,LRRTM1,,MONDO_grouped|NCBI|REACTOME,
Gene:348327,ZNF530,Gene,ZNF530,,MONDO_grouped|NCBI|REACTOME,
Gene:387032,ZKSCAN4,Gene,ZKSCAN4,,MONDO_grouped|NCBI|REACTOME,
Gene:387509,GPR153,Gene,GPR153,,MONDO_grouped|NCBI,
Gene:388552,BLOC1S3,Gene,BLOC1S3,,MONDO_grouped|NCBI|REACTOME,
Gene:400765,MIR137HG,Gene,MIR137HG,,MONDO_grouped|NCBI,
Gene:406901,MIR107,Gene,MIR107,,MONDO_grouped|NCBI,
Gene:406928,MIR137,Gene,MIR137,,MONDO_grouped|NCBI,
Gene:406952,MIR17,Gene,MIR17,,MONDO_grouped|NCBI,
Gene:406961,MIR185,Gene,MIR185,,MONDO_grouped|NCBI,
Gene:406989,MIR206,Gene,MIR206,,MONDO|MONDO_grouped|NCBI,
Gene:407003,MIR219A2,Gene,MIR219A2,,MONDO_grouped|NCBI,
Gene:407034,MIR30E,Gene,MIR30E,,MONDO_grouped|NCBI,
Gene:442721,LMOD2,Gene,LMOD2,,MONDO_grouped|NCBI,
Gene:442900,MIR326,Gene,MIR326,,MONDO_grouped|NCBI,
Gene:442901,MIR328,Gene,MIR328,,MONDO_grouped|NCBI,
Gene:442911,MIR346,Gene,MIR346,,MONDO|MONDO_grouped|NCBI,
Gene:449489,DFNB47,Gene,DFNB47,,MONDO_grouped|NCBI,
Gene:494331,MIR382,Gene,MIR382,,MONDO_grouped|NCBI,
Gene:574451,MIR432,Gene,MIR432,,MONDO|MONDO_grouped|NCBI,
Gene:574456,MIR497,Gene,MIR497,,MONDO|MONDO_grouped|NCBI,
Gene:594857,NPS,Gene,NPS,,MONDO_grouped|NCBI|REACTOME,
Gene:613212,CTXN3,Gene,CTXN3,,MONDO_grouped|NCBI,
Gene:619465,ERVK-8,Gene,ERVK-8,,MONDO_grouped|NCBI,
Gene:641372,ACOT6,Gene,ACOT6,,MONDO_grouped|NCBI|REACTOME,
Gene:692200,SNORD103C,Gene,SNORD103C,,MONDO_grouped|NCBI,
Gene:100131814,LINC00271,Gene,LINC00271,,MONDO_grouped|NCBI,
Gene:100137049,PLA2G4B,Gene,PLA2G4B,,MONDO_grouped|NCBI|REACTOME,
Gene:100188856,DEL22Q11.2,Gene,DEL22Q11.2,,MONDO_grouped|NCBI,
Gene:100302690,DLG2-AS1,Gene,DLG2-AS1,,MONDO_grouped|NCBI,
Gene:100303453,TSNAX-DISC1,Gene,TSNAX-DISC1,,MONDO_grouped|NCBI,
Gene:100616452,MIR2682,Gene,MIR2682,,MONDO_grouped|NCBI,
Gene:100616496,ERVW-4,Gene,ERVW-4,,MONDO_grouped|NCBI,
Gene:72,ACTG2,Gene,ACTG2,,MONDO|NCBI|REACTOME,
Gene:143,PARP4,Gene,PARP4,,MONDO|NCBI|REACTOME,
Gene:242,ALOX12B,Gene,ALOX12B,,MONDO|NCBI|REACTOME,
Gene:430,ASCL2,Gene,ASCL2,,MONDO|NCBI,
Gene:578,BAK1,Gene,BAK1,,MONDO|NCBI|REACTOME,
Gene:581,BAX,Gene,BAX,,MONDO|NCBI|REACTOME,
Gene:902,CCNH,Gene,CCNH,,MONDO|MONDO_grouped|NCBI|REACTOME,
Gene:1045,CDX2,Gene,CDX2,,MONDO|NCBI|REACTOME,
Gene:1410,CRYAB,Gene,CRYAB,,MONDO|NCBI|REACTOME,
Gene:1670,DEFA5,Gene,DEFA5,,MONDO|NCBI|REACTOME,
Gene:1755,DMBT1,Gene,DMBT1,,MONDO|NCBI|REACTOME,
Gene:2122,MECOM,Gene,MECOM,,MONDO|NCBI|REACTOME,
Gene:2535,FZD2,Gene,FZD2,,MONDO|NCBI|REACTOME,
Gene:2641,GCG,Gene,GCG,,MONDO|NCBI|REACTOME,
Gene:2982,GUCY1A1,Gene,GUCY1A1,,MONDO|NCBI|REACTOME,
Gene:3158,HMGCS2,Gene,HMGCS2,,MONDO|NCBI|REACTOME,
Gene:3280,HES1,Gene,HES1,,MONDO|NCBI|REACTOME,
Gene:3399,ID3,Gene,ID3,,MONDO|NCBI|REACTOME,
Gene:3679,ITGA7,Gene,ITGA7,,MONDO|NCBI|REACTOME,
Gene:4171,MCM2,Gene,MCM2,,MONDO|MONDO_grouped|NCBI|REACTOME,
Gene:4224,MEP1A,Gene,MEP1A,,MONDO|NCBI,
Gene:4288,MKI67,Gene,MKI67,,MONDO|MONDO_grouped|NCBI,
Gene:4292,MLH1,Gene,MLH1,,MONDO|NCBI|REACTOME,
Gene:4595,MUTYH,Gene,MUTYH,,MONDO|NCBI|REACTOME,
Gene:4851,NOTCH1,Gene,NOTCH1,,MONDO|NCBI|REACTOME,
Gene:4904,YBX1,Gene,YBX1,,MONDO|NCBI|REACTOME,
Gene:5071,PRKN,Gene,PRKN,,MONDO|NCBI|REACTOME,
Gene:5121,PCP4,Gene,PCP4,,MONDO|NCBI,
Gene:5795,PTPRJ,Gene,PTPRJ,,MONDO|NCBI|REACTOME,
Gene:5981,RFC1,Gene,RFC1,,MONDO|NCBI|REACTOME,
Gene:6364,CCL20,Gene,CCL20,,MONDO|NCBI|REACTOME,
Gene:6941,TCF19,Gene,TCF19,,MONDO|MONDO_grouped|NCBI,
Gene:7158,TP53BP1,Gene,TP53BP1,,MONDO|NCBI|REACTOME,
Gene:7490,WT1,Gene,WT1,,MONDO|NCBI|REACTOME,
Gene:8313,AXIN2,Gene,AXIN2,,MONDO|MONDO_grouped|NCBI|REACTOME,
Gene:8314,BAP1,Gene,BAP1,,MONDO|MONDO_grouped|NCBI|REACTOME,
Gene:8320,EOMES,Gene,EOMES,,MONDO|NCBI,
Gene:8434,RECK,Gene,RECK,,MONDO|NCBI|REACTOME,
Gene:8549,LGR5,Gene,LGR5,,MONDO|NCBI|REACTOME,
Gene:8626,TP63,Gene,TP63,,MONDO|NCBI|REACTOME,
Gene:8668,EIF3I,Gene,EIF3I,,MONDO|NCBI|REACTOME,
Gene:8743,TNFSF10,Gene,TNFSF10,,MONDO|MONDO_grouped|NCBI|REACTOME,
Gene:8797,TNFRSF10A,Gene,TNFRSF10A,,MONDO|NCBI|REACTOME,
Gene:8842,PROM1,Gene,PROM1,,MONDO|NCBI,
Gene:9235,IL32,Gene,IL32,,MONDO|NCBI|REACTOME,
Gene:10765,KDM5B,Gene,KDM5B,,MONDO|NCBI|REACTOME,
Gene:11156,PTP4A3,Gene,PTP4A3,,MONDO|NCBI,
Gene:23028,KDM1A,Gene,KDM1A,,MONDO|NCBI|REACTOME,
Gene:23186,RCOR1,Gene,RCOR1,,MONDO|NCBI|REACTOME,
Gene:23476,BRD4,Gene,BRD4,,MONDO|NCBI|REACTOME,
Gene:25788,RAD54B,Gene,RAD54B,,MONDO|NCBI,
Gene:29950,SERTAD1,Gene,SERTAD1,,MONDO|NCBI,
Gene:30011,SH3KBP1,Gene,SH3KBP1,,MONDO|NCBI|REACTOME,
Gene:50507,NOX4,Gene,NOX4,,MONDO|NCBI|REACTOME,
Gene:54739,XAF1,Gene,XAF1,,MONDO|NCBI|REACTOME,
Gene:57381,RHOJ,Gene,RHOJ,,MONDO|NCBI|REACTOME,
Gene:57447,NDRG2,Gene,NDRG2,,MONDO|NCBI,
Gene:60487,TRMT11,Gene,TRMT11,,MONDO|MONDO_grouped|NCBI|REACTOME,
Gene:80196,RNF34,Gene,RNF34,,MONDO|NCBI|REACTOME,
Gene:90355,MACIR,Gene,MACIR,,MONDO|MONDO_grouped|NCBI,
Gene:407008,MIR223,Gene,MIR223,,MONDO|NCBI,
Gene:407054,MIR98,Gene,MIR98,,MONDO|NCBI,
Gene:553158,PRR5-ARHGAP8,Gene,PRR5-ARHGAP8,,MONDO|NCBI,
Gene:100507056,CCAT1,Gene,CCAT1,,MONDO|NCBI,
Gene:1027,CDKN1B,Gene,CDKN1B,,MONDO|MONDO_grouped|NCBI|REACTOME,
Gene:7325,UBE2E2,Gene,UBE2E2,,MONDO|MONDO_grouped|NCBI|REACTOME,
Gene:54968,TMEM70,Gene,TMEM70,,MONDO|MONDO_grouped|NCBI,
Gene:356,FASLG,Gene,FASLG,,MONDO|NCBI|REACTOME,
Gene:675,BRCA2,Gene,BRCA2,,MONDO|NCBI|REACTOME,
Gene:810,CALML3,Gene,CALML3,,MONDO|NCBI,
Gene:864,RUNX3,Gene,RUNX3,,MONDO|MONDO_grouped|NCBI|REACTOME,
Gene:900,CCNG1,Gene,CCNG1,,MONDO|NCBI|REACTOME,
Gene:1012,CDH13,Gene,CDH13,,MONDO|MONDO_grouped|NCBI|REACTOME,
Gene:1029,CDKN2A,Gene,CDKN2A,,MONDO|MONDO_grouped|NCBI|REACTOME,
Gene:1212,CLTB,Gene,CLTB,,MONDO|NCBI|REACTOME,
Gene:1291,COL6A1,Gene,COL6A1,,MONDO|NCBI|REACTOME,
Gene:1326,MAP3K8,Gene,MAP3K8,,MONDO|NCBI|REACTOME,
Gene:1490,CCN2,Gene,CCN2,,MONDO|NCBI|REACTOME,
Gene:1776,DNASE1L3,Gene,DNASE1L3,,MONDO|MONDO_grouped|NCBI,
Gene:1796,DOK1,Gene,DOK1,,MONDO|NCBI|REACTOME,
Gene:1958,EGR1,Gene,EGR1,,MONDO|MONDO_grouped|NCBI|REACTOME,
Gene:2067,ERCC1,Gene,ERCC1,,MONDO|NCBI|REACTOME,
Gene:2074,ERCC6,Gene,ERCC6,,MONDO|NCBI|REACTOME,
Gene:2202,EFEMP1,Gene,EFEMP1,,MONDO|NCBI|REACTOME,
Gene:2254,FGF9,Gene,FGF9,,MONDO|NCBI|REACTOME,
Gene:2305,FOXM1,Gene,FOXM1,,MONDO|MONDO_grouped|NCBI|REACTOME,
Gene:2354,FOSB,Gene,FOSB,,MONDO|MONDO_grouped|NCBI|REACTOME,
Gene:2355,FOSL2,Gene,FOSL2,,MONDO|NCBI,
Gene:2627,GATA6,Gene,GATA6,,MONDO|NCBI|REACTOME,
Gene:2705,GJB1,Gene,GJB1,,MONDO|MONDO_grouped|NCBI|REACTOME,
Gene:2886,GRB7,Gene,GRB7,,MONDO|NCBI|REACTOME,
Gene:3476,IGBP1,Gene,IGBP1,,MONDO|MONDO_grouped|NCBI,
Gene:3491,CCN1,Gene,CCN1,,MONDO|MONDO_grouped|NCBI|REACTOME,
Gene:3659,IRF1,Gene,IRF1,,MONDO|NCBI|REACTOME,
Gene:3726,JUNB,Gene,JUNB,,MONDO|NCBI|REACTOME,
Gene:3727,JUND,Gene,JUND,,MONDO|NCBI|REACTOME,
Gene:3950,LECT2,Gene,LECT2,,MONDO|NCBI,
Gene:4082,MARCKS,Gene,MARCKS,,MONDO|NCBI|REACTOME,
Gene:4354,MPP1,Gene,MPP1,,MONDO|NCBI|REACTOME,
Gene:4800,NFYA,Gene,NFYA,,MONDO|NCBI|REACTOME,
Gene:4853,NOTCH2,Gene,NOTCH2,,MONDO|NCBI|REACTOME,
Gene:4854,NOTCH3,Gene,NOTCH3,,MONDO|MONDO_grouped|NCBI|REACTOME,
Gene:4878,NPPA,Gene,NPPA,,MONDO|NCBI|REACTOME,
Gene:4968,OGG1,Gene,OGG1,,MONDO|NCBI|REACTOME,
Gene:5002,SLC22A18,Gene,SLC22A18,,MONDO|NCBI|REACTOME,
Gene:5519,PPP2R1B,Gene,PPP2R1B,,MONDO|NCBI|REACTOME,
Gene:5654,HTRA1,Gene,HTRA1,,MONDO|NCBI|REACTOME,
Gene:5757,PTMA,Gene,PTMA,,MONDO|NCBI,
Gene:5885,RAD21,Gene,RAD21,,MONDO|NCBI|REACTOME,
Gene:5893,RAD52,Gene,RAD52,,MONDO|NCBI|REACTOME,
Gene:6016,RIT1,Gene,RIT1,,MONDO|NCBI|REACTOME,
Gene:6091,ROBO1,Gene,ROBO1,,MONDO|MONDO_grouped|NCBI|REACTOME,
Gene:6362,CCL18,Gene,CCL18,,MONDO|NCBI,
Gene:6439,SFTPB,Gene,SFTPB,,MONDO|NCBI|REACTOME,
Gene:6520,SLC3A2,Gene,SLC3A2,,MONDO|NCBI|REACTOME,
Gene:6599,SMARCC1,Gene,SMARCC1,,MONDO|NCBI|REACTOME,
Gene:6657,SOX2,Gene,SOX2,,MONDO|NCBI|REACTOME,
Gene:6662,SOX9,Gene,SOX9,,MONDO|NCBI|REACTOME,
Gene:6696,SPP1,Gene,SPP1,,MONDO|NCBI|REACTOME,
Gene:6776,STAT5A,Gene,STAT5A,,MONDO|NCBI|REACTOME,
Gene:6786,STIM1,Gene,STIM1,,MONDO|NCBI|REACTOME,
Gene:6794,STK11,Gene,STK11,,MONDO|NCBI|REACTOME,
Gene:7011,TEP1,Gene,TEP1,,MONDO|NCBI,
Gene:7306,TYRP1,Gene,TYRP1,,MONDO|NCBI|REACTOME,
Gene:7428,VHL,Gene,VHL,,MONDO|NCBI|REACTOME,
Gene:7474,WNT5A,Gene,WNT5A,,MONDO|NCBI|REACTOME,
Gene:7508,XPC,Gene,XPC,,MONDO|MONDO_grouped|NCBI|REACTOME,
Gene:7850,IL1R2,Gene,IL1R2,,MONDO|NCBI|REACTOME,
Gene:8572,PDLIM4,Gene,PDLIM4,,MONDO|NCBI,
Gene:8635,RNASET2,Gene,RNASET2,,MONDO|NCBI|REACTOME,
Gene:9046,DOK2,Gene,DOK2,,MONDO|NCBI|REACTOME,
Gene:9547,CXCL14,Gene,CXCL14,,MONDO|MONDO_grouped|NCBI,
Gene:9592,IER2,Gene,IER2,,MONDO|NCBI,
Gene:9635,CLCA2,Gene,CLCA2,,MONDO|NCBI|REACTOME,
Gene:9728,SECISBP2L,Gene,SECISBP2L,,MONDO|NCBI,
Gene:9922,IQSEC1,Gene,IQSEC1,,MONDO|NCBI,
Gene:10253,SPRY2,Gene,SPRY2,,MONDO|NCBI|REACTOME,
Gene:10592,SMC2,Gene,SMC2,,MONDO|NCBI|REACTOME,
Gene:10919,EHMT2,Gene,EHMT2,,MONDO|NCBI|REACTOME,
Gene:11009,IL24,Gene,IL24,,MONDO|NCBI|REACTOME,
Gene:11063,SOX30,Gene,SOX30,,MONDO|NCBI,
Gene:11122,PTPRT,Gene,PTPRT,,MONDO|NCBI,
Gene:11186,RASSF1,Gene,RASSF1,,MONDO|NCBI,
Gene:11274,USP18,Gene,USP18,,MONDO|NCBI|REACTOME,
Gene:23462,HEY1,Gene,HEY1,,MONDO|NCBI|REACTOME,
Gene:25898,RCHY1,Gene,RCHY1,,MONDO|NCBI|REACTOME,
Gene:27044,SND1,Gene,SND1,,MONDO|NCBI|REACTOME,
Gene:27250,PDCD4,Gene,PDCD4,,MONDO|NCBI|REACTOME,
Gene:29108,PYCARD,Gene,PYCARD,,MONDO|MONDO_grouped|NCBI|REACTOME,
Gene:29923,HILPDA,Gene,HILPDA,,MONDO|NCBI|REACTOME,
Gene:51092,SIDT2,Gene,SIDT2,,MONDO|NCBI,
Gene:51363,CHST15,Gene,CHST15,,MONDO|NCBI|REACTOME,
Gene:51614,ERGIC3,Gene,ERGIC3,,MONDO|NCBI,
Gene:51750,RTEL1,Gene,RTEL1,,MONDO|NCBI|REACTOME,
Gene:55076,TMEM45A,Gene,TMEM45A,,MONDO|NCBI,
Gene:55259,CASC1,Gene,CASC1,,MONDO|NCBI,
Gene:55840,EAF2,Gene,EAF2,,MONDO|MONDO_grouped|NCBI|REACTOME,
Gene:60370,AVPI1,Gene,AVPI1,,MONDO|NCBI,
Gene:60529,ALX4,Gene,ALX4,,MONDO|NCBI,
Gene:60673,ATG101,Gene,ATG101,,MONDO|NCBI|REACTOME,
Gene:79365,BHLHE41,Gene,BHLHE41,,MONDO|NCBI|REACTOME,
Gene:79930,DOK3,Gene,DOK3,,MONDO|NCBI|REACTOME,
Gene:79991,STN1,Gene,STN1,,MONDO|NCBI|REACTOME,
Gene:80157,CWH43,Gene,CWH43,,MONDO|NCBI,
Gene:81037,CLPTM1L,Gene,CLPTM1L,,MONDO|NCBI,
Gene:84864,RIOX2,Gene,RIOX2,,MONDO|NCBI|REACTOME,
Gene:153090,DAB2IP,Gene,DAB2IP,,MONDO|NCBI|REACTOME,
Gene:160492,LMNTD1,Gene,LMNTD1,,MONDO|NCBI,
Gene:253260,RICTOR,Gene,RICTOR,,MONDO|NCBI|REACTOME,
Gene:253650,ANKRD18A,Gene,ANKRD18A,,MONDO|NCBI,
Gene:400931,MIRLET7BHG,Gene,MIRLET7BHG,,MONDO|NCBI,
Gene:406902,MIR10A,Gene,MIR10A,,MONDO|NCBI,
Gene:406914,MIR127,Gene,MIR127,,MONDO|NCBI,
Gene:406927,MIR136,Gene,MIR136,,MONDO|NCBI,
Gene:406938,MIR146A,Gene,MIR146A,,MONDO|NCBI,
Gene:406946,MIR154,Gene,MIR154,,MONDO|NCBI,
Gene:406947,MIR155,Gene,MIR155,,MONDO|NCBI,
Gene:406968,MIR193A,Gene,MIR193A,,MONDO|NCBI,
Gene:406991,MIR21,Gene,MIR21,,MONDO|NCBI,
Gene:407007,MIR222,Gene,MIR222,,MONDO|NCBI,
Gene:407009,MIR224,Gene,MIR224,,MONDO|NCBI,
Gene:407029,MIR30A,Gene,MIR30A,,MONDO|NCBI,
Gene:407035,MIR31,Gene,MIR31,,MONDO|NCBI,
Gene:407041,MIR34B,Gene,MIR34B,,MONDO|NCBI,
Gene:407042,MIR34C,Gene,MIR34C,,MONDO|NCBI,
Gene:442896,MIR302D,Gene,MIR302D,,MONDO|NCBI,
Gene:442914,MIR369,Gene,MIR369,,MONDO|NCBI,
Gene:442915,MIR370,Gene,MIR370,,MONDO|NCBI,
Gene:541471,MIR4435-2HG,Gene,MIR4435-2HG,,MONDO|NCBI,
Gene:574413,MIR409,Gene,MIR409,,MONDO|NCBI,
Gene:574434,MIR410,Gene,MIR410,,MONDO|NCBI,
Gene:574445,MIR511,Gene,MIR511,,MONDO|NCBI,
Gene:574452,MIR494,Gene,MIR494,,MONDO|NCBI,
Gene:664616,MIR487B,Gene,MIR487B,,MONDO|NCBI,
Gene:100126327,MIR938,Gene,MIR938,,MONDO|NCBI,
Gene:118,ADD1,Gene,ADD1,,MONDO|MONDO_grouped|NCBI|REACTOME,
Gene:174,AFP,Gene,AFP,,MONDO|MONDO_grouped|NCBI|REACTOME,
Gene:319,APOF,Gene,APOF,,MONDO|MONDO_grouped|NCBI|REACTOME,
Gene:699,BUB1,Gene,BUB1,,MONDO|MONDO_grouped|NCBI|REACTOME,
Gene:701,BUB1B,Gene,BUB1B,,MONDO|MONDO_grouped|NCBI|REACTOME,
Gene:891,CCNB1,Gene,CCNB1,,MONDO|MONDO_grouped|NCBI|REACTOME,
Gene:898,CCNE1,Gene,CCNE1,,MONDO|MONDO_grouped|NCBI|REACTOME,
Gene:899,CCNF,Gene,CCNF,,MONDO|MONDO_grouped|NCBI|REACTOME,
Gene:922,CD5L,Gene,CD5L,,MONDO|MONDO_grouped|NCBI,
Gene:947,CD34,Gene,CD34,,MONDO|MONDO_grouped|NCBI|REACTOME,
Gene:990,CDC6,Gene,CDC6,,MONDO|MONDO_grouped|NCBI|REACTOME,
Gene:991,CDC20,Gene,CDC20,,MONDO|MONDO_grouped|NCBI|REACTOME,
Gene:1031,CDKN2C,Gene,CDKN2C,,MONDO|MONDO_grouped|NCBI|REACTOME,
Gene:1033,CDKN3,Gene,CDKN3,,MONDO|MONDO_grouped|NCBI,
Gene:1050,CEBPA,Gene,CEBPA,,MONDO|MONDO_grouped|NCBI|REACTOME,
Gene:1052,CEBPD,Gene,CEBPD,,MONDO|MONDO_grouped|NCBI|REACTOME,
Gene:1058,CENPA,Gene,CENPA,,MONDO|MONDO_grouped|NCBI|REACTOME,
Gene:1063,CENPF,Gene,CENPF,,MONDO|MONDO_grouped|NCBI|REACTOME,
Gene:1230,CCR1,Gene,CCR1,,MONDO|MONDO_grouped|NCBI|REACTOME,
Gene:1306,COL15A1,Gene,COL15A1,,MONDO|MONDO_grouped|NCBI|REACTOME,
Gene:1393,CRHBP,Gene,CRHBP,,MONDO|MONDO_grouped|NCBI|REACTOME,
Gene:1464,CSPG4,Gene,CSPG4,,MONDO|MONDO_grouped|NCBI|REACTOME,
Gene:1540,CYLD,Gene,CYLD,,MONDO|MONDO_grouped|NCBI|REACTOME,
Gene:1634,DCN,Gene,DCN,,MONDO|MONDO_grouped|NCBI|REACTOME,
Gene:1869,E2F1,Gene,E2F1,,MONDO|MONDO_grouped|NCBI|REACTOME,
Gene:1893,ECM1,Gene,ECM1,,MONDO|MONDO_grouped|NCBI|REACTOME,
Gene:1894,ECT2,Gene,ECT2,,MONDO|MONDO_grouped|NCBI|REACTOME,
Gene:1951,CELSR3,Gene,CELSR3,,MONDO|MONDO_grouped|NCBI,
Gene:2056,EPO,Gene,EPO,,MONDO|MONDO_grouped|NCBI|REACTOME,
Gene:2108,ETFA,Gene,ETFA,,MONDO|MONDO_grouped|NCBI|REACTOME,
Gene:2177,FANCD2,Gene,FANCD2,,MONDO|MONDO_grouped|NCBI|REACTOME,
Gene:2220,FCN2,Gene,FCN2,,MONDO|MONDO_grouped|NCBI|REACTOME,
Gene:2248,FGF3,Gene,FGF3,,MONDO|MONDO_grouped|NCBI|REACTOME,
Gene:2658,GDF2,Gene,GDF2,,MONDO|MONDO_grouped|NCBI|REACTOME,
Gene:2719,GPC3,Gene,GPC3,,MONDO|MONDO_grouped|NCBI|REACTOME,
Gene:2735,GLI1,Gene,GLI1,,MONDO|MONDO_grouped|NCBI|REACTOME,
Gene:2781,GNAZ,Gene,GNAZ,,MONDO|MONDO_grouped|NCBI|REACTOME,
Gene:2810,SFN,Gene,SFN,,MONDO|MONDO_grouped|NCBI|REACTOME,
Gene:2998,GYS2,Gene,GYS2,,MONDO|MONDO_grouped|NCBI|REACTOME,
Gene:3083,HGFAC,Gene,HGFAC,,MONDO|MONDO_grouped|NCBI|REACTOME,
Gene:3148,HMGB2,Gene,HMGB2,,MONDO|MONDO_grouped|NCBI|REACTOME,
Gene:3209,HOXA13,Gene,HOXA13,,MONDO|MONDO_grouped|NCBI,
Gene:3235,HOXD9,Gene,HOXD9,,MONDO|MONDO_grouped|NCBI,
Gene:3439,IFNA1,Gene,IFNA1,,MONDO|MONDO_grouped|NCBI|REACTOME,
Gene:3556,IL1RAP,Gene,IL1RAP,,MONDO|MONDO_grouped|NCBI|REACTOME,
Gene:3660,IRF2,Gene,IRF2,,MONDO|MONDO_grouped|NCBI|REACTOME,
Gene:3833,KIFC1,Gene,KIFC1,,MONDO|MONDO_grouped|NCBI|REACTOME,
Gene:3925,STMN1,Gene,STMN1,,MONDO|MONDO_grouped|NCBI|REACTOME,
Gene:3931,LCAT,Gene,LCAT,,MONDO|MONDO_grouped|NCBI|REACTOME,
Gene:3954,LETM1,Gene,LETM1,,MONDO|MONDO_grouped|NCBI|REACTOME,
Gene:4085,MAD2L1,Gene,MAD2L1,,MONDO|MONDO_grouped|NCBI|REACTOME,
Gene:4100,MAGEA1,Gene,MAGEA1,,MONDO|MONDO_grouped|NCBI,
Gene:4102,MAGEA3,Gene,MAGEA3,,MONDO|MONDO_grouped|NCBI,
Gene:4105,MAGEA6,Gene,MAGEA6,,MONDO|MONDO_grouped|NCBI,
Gene:4204,MECP2,Gene,MECP2,,MONDO|MONDO_grouped|NCBI|REACTOME,
Gene:4439,MSH5,Gene,MSH5,,MONDO|MONDO_grouped|NCBI|REACTOME,
Gene:4605,MYBL2,Gene,MYBL2,,MONDO|MONDO_grouped|NCBI|REACTOME,
Gene:4780,NFE2L2,Gene,NFE2L2,,MONDO|MONDO_grouped|NCBI|REACTOME,
Gene:4796,TONSL,Gene,TONSL,,MONDO|MONDO_grouped|NCBI,
Gene:4998,ORC1,Gene,ORC1,,MONDO|MONDO_grouped|NCBI|REACTOME,
Gene:5157,PDGFRL,Gene,PDGFRL,,MONDO|MONDO_grouped|NCBI,
Gene:5199,CFP,Gene,CFP,,MONDO|MONDO_grouped|NCBI|REACTOME,
Gene:5218,CDK14,Gene,CDK14,,MONDO|MONDO_grouped|NCBI,
Gene:5307,PITX1,Gene,PITX1,,MONDO|MONDO_grouped|NCBI,
Gene:5317,PKP1,Gene,PKP1,,MONDO|MONDO_grouped|NCBI|REACTOME,
Gene:5502,PPP1R1A,Gene,PPP1R1A,,MONDO|MONDO_grouped|NCBI,
Gene:5836,PYGL,Gene,PYGL,,MONDO|MONDO_grouped|NCBI|REACTOME,
Gene:6319,SCD,Gene,SCD,,MONDO|MONDO_grouped|NCBI|REACTOME,
Gene:6358,CCL14,Gene,CCL14,,MONDO|MONDO_grouped|NCBI,
Gene:6422,SFRP1,Gene,SFRP1,,MONDO|MONDO_grouped|NCBI|REACTOME,
Gene:6469,SHH,Gene,SHH,,MONDO|MONDO_grouped|NCBI|REACTOME,
Gene:6502,SKP2,Gene,SKP2,,MONDO|MONDO_grouped|NCBI|REACTOME,
Gene:6756,SSX1,Gene,SSX1,,MONDO|MONDO_grouped|NCBI,
Gene:6772,STAT1,Gene,STAT1,,MONDO|MONDO_grouped|NCBI|REACTOME,
Gene:6775,STAT4,Gene,STAT4,,MONDO|MONDO_grouped|NCBI|REACTOME,
Gene:6888,TALDO1,Gene,TALDO1,,MONDO|MONDO_grouped|NCBI|REACTOME,
Gene:7039,TGFA,Gene,TGFA,,MONDO|MONDO_grouped|NCBI|REACTOME,
Gene:7070,THY1,Gene,THY1,,MONDO|MONDO_grouped|NCBI|REACTOME,
Gene:7248,TSC1,Gene,TSC1,,MONDO|MONDO_grouped|NCBI|REACTOME,
Gene:7433,VIPR1,Gene,VIPR1,,MONDO|MONDO_grouped|NCBI|REACTOME,
Gene:7538,ZFP36,Gene,ZFP36,,MONDO|MONDO_grouped|NCBI|REACTOME,
Gene:7571,ZNF23,Gene,ZNF23,,MONDO|MONDO_grouped|NCBI|REACTOME,
Gene:7832,BTG2,Gene,BTG2,,MONDO|MONDO_grouped|NCBI|REACTOME,
Gene:7980,TFPI2,Gene,TFPI2,,MONDO|MONDO_grouped|NCBI,
Gene:8208,CHAF1B,Gene,CHAF1B,,MONDO|MONDO_grouped|NCBI,
Gene:8289,ARID1A,Gene,ARID1A,,MONDO|MONDO_grouped|NCBI|REACTOME,
Gene:8318,CDC45,Gene,CDC45,,MONDO|MONDO_grouped|NCBI|REACTOME,
Gene:8406,SRPX,Gene,SRPX,,MONDO|MONDO_grouped|NCBI,
Gene:8431,NR0B2,Gene,NR0B2,,MONDO|MONDO_grouped|NCBI|REACTOME,
Gene:8438,RAD54L,Gene,RAD54L,,MONDO|MONDO_grouped|NCBI,
Gene:8660,IRS2,Gene,IRS2,,MONDO|MONDO_grouped|NCBI|REACTOME,
Gene:8667,EIF3H,Gene,EIF3H,,MONDO|MONDO_grouped|NCBI|REACTOME,
Gene:8720,MBTPS1,Gene,MBTPS1,,MONDO|MONDO_grouped|NCBI|REACTOME,
Gene:8805,TRIM24,Gene,TRIM24,,MONDO|MONDO_grouped|NCBI|REACTOME,
Gene:8821,INPP4B,Gene,INPP4B,,MONDO|MONDO_grouped|NCBI|REACTOME,
Gene:8862,APLN,Gene,APLN,,MONDO|MONDO_grouped|NCBI|REACTOME,
Gene:8900,CCNA1,Gene,CCNA1,,MONDO|MONDO_grouped|NCBI|REACTOME,
Gene:9021,SOCS3,Gene,SOCS3,,MONDO|MONDO_grouped|NCBI|REACTOME,
Gene:9055,PRC1,Gene,PRC1,,MONDO|MONDO_grouped|NCBI|REACTOME,
Gene:9077,DIRAS3,Gene,DIRAS3,,MONDO|MONDO_grouped|NCBI,
Gene:9099,USP2,Gene,USP2,,MONDO|MONDO_grouped|NCBI|REACTOME,
Gene:9133,CCNB2,Gene,CCNB2,,MONDO|MONDO_grouped|NCBI|REACTOME,
Gene:9156,EXO1,Gene,EXO1,,MONDO|MONDO_grouped|NCBI|REACTOME,
Gene:9232,PTTG1,Gene,PTTG1,,MONDO|MONDO_grouped|NCBI|REACTOME,
Gene:9319,TRIP13,Gene,TRIP13,,MONDO|MONDO_grouped|NCBI,
Gene:9353,SLIT2,Gene,SLIT2,,MONDO|MONDO_grouped|NCBI|REACTOME,
Gene:9493,KIF23,Gene,KIF23,,MONDO|MONDO_grouped|NCBI|REACTOME,
Gene:9510,ADAMTS1,Gene,ADAMTS1,,MONDO|MONDO_grouped|NCBI|REACTOME,
Gene:9518,GDF15,Gene,GDF15,,MONDO|MONDO_grouped|NCBI,
Gene:9636,ISG15,Gene,ISG15,,MONDO|MONDO_grouped|NCBI|REACTOME,
Gene:9681,DEPDC5,Gene,DEPDC5,,MONDO|MONDO_grouped|NCBI|REACTOME,
Gene:9757,KMT2B,Gene,KMT2B,,MONDO|MONDO_grouped|NCBI|REACTOME,
Gene:9768,PCLAF,Gene,PCLAF,,MONDO|MONDO_grouped|NCBI|REACTOME,
Gene:9787,DLGAP5,Gene,DLGAP5,,MONDO|MONDO_grouped|NCBI|REACTOME,
Gene:9824,ARHGAP11A,Gene,ARHGAP11A,,MONDO|MONDO_grouped|NCBI|REACTOME,
Gene:9829,DNAJC6,Gene,DNAJC6,,MONDO|MONDO_grouped|NCBI|REACTOME,
Gene:9837,GINS1,Gene,GINS1,,MONDO|MONDO_grouped|NCBI|REACTOME,
Gene:9920,KBTBD11,Gene,KBTBD11,,MONDO|MONDO_grouped|NCBI,
Gene:9928,KIF14,Gene,KIF14,,MONDO|MONDO_grouped|NCBI|REACTOME,
Gene:10024,TROAP,Gene,TROAP,,MONDO|MONDO_grouped|NCBI,
Gene:10112,KIF20A,Gene,KIF20A,,MONDO|MONDO_grouped|NCBI|REACTOME,
Gene:10293,TRAIP,Gene,TRAIP,,MONDO|MONDO_grouped|NCBI|REACTOME,
Gene:10332,CLEC4M,Gene,CLEC4M,,MONDO|MONDO_grouped|NCBI,
Gene:10403,NDC80,Gene,NDC80,,MONDO|MONDO_grouped|NCBI|REACTOME,
Gene:10413,YAP1,Gene,YAP1,,MONDO|MONDO_grouped|NCBI|REACTOME,
Gene:10460,TACC3,Gene,TACC3,,MONDO|MONDO_grouped|NCBI|REACTOME,
Gene:10476,ATP5PD,Gene,ATP5PD,,MONDO|MONDO_grouped|NCBI|REACTOME,
Gene:10486,CAP2,Gene,CAP2,,MONDO|MONDO_grouped|NCBI|REACTOME,
Gene:10533,ATG7,Gene,ATG7,,MONDO|MONDO_grouped|NCBI|REACTOME,
Gene:10537,UBD,Gene,UBD,,MONDO|MONDO_grouped|NCBI|REACTOME,
Gene:10584,COLEC10,Gene,COLEC10,,MONDO|MONDO_grouped|NCBI|REACTOME,
Gene:10642,IGF2BP1,Gene,IGF2BP1,,MONDO|MONDO_grouped|NCBI|REACTOME,
Gene:10643,IGF2BP3,Gene,IGF2BP3,,MONDO|MONDO_grouped|NCBI|REACTOME,
Gene:10788,IQGAP2,Gene,IQGAP2,,MONDO|MONDO_grouped|NCBI|REACTOME,
Gene:10894,LYVE1,Gene,LYVE1,,MONDO|MONDO_grouped|NCBI|REACTOME,
Gene:10961,ERP29,Gene,ERP29,,MONDO|MONDO_grouped|NCBI,
Gene:10987,COPS5,Gene,COPS5,,MONDO|MONDO_grouped|NCBI|REACTOME,
Gene:10990,LILRB5,Gene,LILRB5,,MONDO|MONDO_grouped|NCBI|REACTOME,
Gene:11065,UBE2C,Gene,UBE2C,,MONDO|MONDO_grouped|NCBI|REACTOME,
Gene:11082,ESM1,Gene,ESM1,,MONDO|MONDO_grouped|NCBI,
Gene:11130,ZWINT,Gene,ZWINT,,MONDO|MONDO_grouped|NCBI|REACTOME,
Gene:11185,INMT,Gene,INMT,,MONDO|MONDO_grouped|NCBI|REACTOME,
Gene:11318,GPR182,Gene,GPR182,,MONDO|MONDO_grouped|NCBI,
Gene:11326,VSIG4,Gene,VSIG4,,MONDO|MONDO_grouped|NCBI,
Gene:22822,PHLDA1,Gene,PHLDA1,,MONDO|MONDO_grouped|NCBI|REACTOME,
Gene:22849,CPEB3,Gene,CPEB3,,MONDO|MONDO_grouped|NCBI,
Gene:22937,SCAP,Gene,SCAP,,MONDO|MONDO_grouped|NCBI|REACTOME,
Gene:22974,TPX2,Gene,TPX2,,MONDO|MONDO_grouped|NCBI|REACTOME,
Gene:22994,CEP131,Gene,CEP131,,MONDO|MONDO_grouped|NCBI|REACTOME,
Gene:23397,NCAPH,Gene,NCAPH,,MONDO|MONDO_grouped|NCBI|REACTOME,
Gene:24137,KIF4A,Gene,KIF4A,,MONDO|MONDO_grouped|NCBI|REACTOME,
Gene:25891,PAMR1,Gene,PAMR1,,MONDO|MONDO_grouped|NCBI,
Gene:25903,OLFML2B,Gene,OLFML2B,,MONDO|MONDO_grouped|NCBI,
Gene:27085,MTBP,Gene,MTBP,,MONDO|MONDO_grouped|NCBI,
Gene:28982,FLVCR1,Gene,FLVCR1,,MONDO|MONDO_grouped|NCBI|REACTOME,
Gene:29089,UBE2T,Gene,UBE2T,,MONDO|MONDO_grouped|NCBI|REACTOME,
Gene:29127,RACGAP1,Gene,RACGAP1,,MONDO|MONDO_grouped|NCBI|REACTOME,
Gene:29128,UHRF1,Gene,UHRF1,,MONDO|MONDO_grouped|NCBI|REACTOME,
Gene:30845,EHD3,Gene,EHD3,,MONDO|MONDO_grouped|NCBI|REACTOME,
Gene:51053,GMNN,Gene,GMNN,,MONDO|MONDO_grouped|NCBI|REACTOME,
Gene:51085,MLXIPL,Gene,MLXIPL,,MONDO|MONDO_grouped|NCBI|REACTOME,
Gene:51191,HERC5,Gene,HERC5,,MONDO|MONDO_grouped|NCBI|REACTOME,
Gene:51201,ZDHHC2,Gene,ZDHHC2,,MONDO|MONDO_grouped|NCBI|REACTOME,
Gene:51203,NUSAP1,Gene,NUSAP1,,MONDO|MONDO_grouped|NCBI,
Gene:51266,CLEC1B,Gene,CLEC1B,,MONDO|MONDO_grouped|NCBI|REACTOME,
Gene:51302,CYP39A1,Gene,CYP39A1,,MONDO|MONDO_grouped|NCBI|REACTOME,
Gene:51316,PLAC8,Gene,PLAC8,,MONDO|MONDO_grouped|NCBI|REACTOME,
Gene:51360,MBTPS2,Gene,MBTPS2,,MONDO|MONDO_grouped|NCBI|REACTOME,
Gene:51438,MAGEC2,Gene,MAGEC2,,MONDO|MONDO_grouped|NCBI,
Gene:51441,YTHDF2,Gene,YTHDF2,,MONDO|MONDO_grouped|NCBI,
Gene:51512,GTSE1,Gene,GTSE1,,MONDO|MONDO_grouped|NCBI|REACTOME,
Gene:51514,DTL,Gene,DTL,,MONDO|MONDO_grouped|NCBI|REACTOME,
Gene:54443,ANLN,Gene,ANLN,,MONDO|MONDO_grouped|NCBI|REACTOME,
Gene:55143,CDCA8,Gene,CDCA8,,MONDO|MONDO_grouped|NCBI|REACTOME,
Gene:55165,CEP55,Gene,CEP55,,MONDO|MONDO_grouped|NCBI,
Gene:55215,FANCI,Gene,FANCI,,MONDO|MONDO_grouped|NCBI|REACTOME,
Gene:55227,LRRC1,Gene,LRRC1,,MONDO|MONDO_grouped|NCBI|REACTOME,
Gene:55247,NEIL3,Gene,NEIL3,,MONDO|MONDO_grouped|NCBI|REACTOME,
Gene:55355,HJURP,Gene,HJURP,,MONDO|MONDO_grouped|NCBI|REACTOME,
Gene:55379,LRRC59,Gene,LRRC59,,MONDO|MONDO_grouped|NCBI,
Gene:55388,MCM10,Gene,MCM10,,MONDO|MONDO_grouped|NCBI|REACTOME,
Gene:55635,DEPDC1,Gene,DEPDC1,,MONDO|MONDO_grouped|NCBI,
Gene:55723,ASF1B,Gene,ASF1B,,MONDO|MONDO_grouped|NCBI,
Gene:55789,DEPDC1B,Gene,DEPDC1B,,MONDO|MONDO_grouped|NCBI|REACTOME,
Gene:55872,PBK,Gene,PBK,,MONDO|MONDO_grouped|NCBI,
Gene:56892,TCIM,Gene,TCIM,,MONDO|MONDO_grouped|NCBI,
Gene:56992,KIF15,Gene,KIF15,,MONDO|MONDO_grouped|NCBI|REACTOME,
Gene:57125,PLXDC1,Gene,PLXDC1,,MONDO|MONDO_grouped|NCBI,
Gene:57393,CLTRN,Gene,CLTRN,,MONDO|MONDO_grouped|NCBI|REACTOME,
Gene:57405,SPC25,Gene,SPC25,,MONDO|MONDO_grouped|NCBI|REACTOME,
Gene:57492,ARID1B,Gene,ARID1B,,MONDO|MONDO_grouped|NCBI|REACTOME,
Gene:57509,MTUS1,Gene,MTUS1,,MONDO|MONDO_grouped|NCBI,
Gene:57512,GPR158,Gene,GPR158,,MONDO|MONDO_grouped|NCBI,
Gene:57733,GBA3,Gene,GBA3,,MONDO|MONDO_grouped|NCBI|REACTOME,
Gene:58508,KMT2C,Gene,KMT2C,,MONDO|MONDO_grouped|NCBI|REACTOME,
Gene:64151,NCAPG,Gene,NCAPG,,MONDO|MONDO_grouped|NCBI|REACTOME,
Gene:64399,HHIP,Gene,HHIP,,MONDO|MONDO_grouped|NCBI|REACTOME,
Gene:64651,CSRNP1,Gene,CSRNP1,,MONDO|MONDO_grouped|NCBI,
Gene:65010,SLC26A6,Gene,SLC26A6,,MONDO|MONDO_grouped|NCBI|REACTOME,
Gene:79019,CENPM,Gene,CENPM,,MONDO|MONDO_grouped|NCBI|REACTOME,
Gene:79574,EPS8L3,Gene,EPS8L3,,MONDO|MONDO_grouped|NCBI,
Gene:79682,CENPU,Gene,CENPU,,MONDO|MONDO_grouped|NCBI|REACTOME,
Gene:79733,E2F8,Gene,E2F8,,MONDO|MONDO_grouped|NCBI|REACTOME,
Gene:79742,DIPK2B,Gene,DIPK2B,,MONDO|MONDO_grouped|NCBI,
Gene:79831,KDM8,Gene,KDM8,,MONDO|MONDO_grouped|NCBI,
Gene:79968,WDR76,Gene,WDR76,,MONDO|MONDO_grouped|NCBI,
Gene:80028,FBXL18,Gene,FBXL18,,MONDO|MONDO_grouped|NCBI,
Gene:80168,MOGAT2,Gene,MOGAT2,,MONDO|MONDO_grouped|NCBI|REACTOME,
Gene:80178,TEDC2,Gene,TEDC2,,MONDO|MONDO_grouped|NCBI,
Gene:80381,CD276,Gene,CD276,,MONDO|MONDO_grouped|NCBI,
Gene:81610,FAM83D,Gene,FAM83D,,MONDO|MONDO_grouped|NCBI,
Gene:81620,CDT1,Gene,CDT1,,MONDO|MONDO_grouped|NCBI|REACTOME,
Gene:81930,KIF18A,Gene,KIF18A,,MONDO|MONDO_grouped|NCBI|REACTOME,
Gene:83394,PITPNM3,Gene,PITPNM3,,MONDO|MONDO_grouped|NCBI|REACTOME,
Gene:83461,CDCA3,Gene,CDCA3,,MONDO|MONDO_grouped|NCBI,
Gene:83483,PLVAP,Gene,PLVAP,,MONDO|MONDO_grouped|NCBI,
Gene:83540,NUF2,Gene,NUF2,,MONDO|MONDO_grouped|NCBI|REACTOME,
Gene:83597,RTP3,Gene,RTP3,,MONDO|MONDO_grouped|NCBI|REACTOME,
Gene:83854,ANGPTL6,Gene,ANGPTL6,,MONDO|MONDO_grouped|NCBI,
Gene:83875,BCO2,Gene,BCO2,,MONDO|MONDO_grouped|NCBI|REACTOME,
Gene:83876,MRO,Gene,MRO,,MONDO|MONDO_grouped|NCBI,
Gene:83932,SPRTN,Gene,SPRTN,,MONDO|MONDO_grouped|NCBI|REACTOME,
Gene:83940,TATDN1,Gene,TATDN1,,MONDO|MONDO_grouped|NCBI,
Gene:84107,ZIC4,Gene,ZIC4,,MONDO|MONDO_grouped|NCBI,
Gene:84735,CNDP1,Gene,CNDP1,,MONDO|MONDO_grouped|NCBI,
Gene:84870,RSPO3,Gene,RSPO3,,MONDO|MONDO_grouped|NCBI|REACTOME,
Gene:84873,ADGRG7,Gene,ADGRG7,,MONDO|MONDO_grouped|NCBI,
Gene:84879,MFSD2A,Gene,MFSD2A,,MONDO|MONDO_grouped|NCBI|REACTOME,
Gene:84904,ARHGEF39,Gene,ARHGEF39,,MONDO|MONDO_grouped|NCBI|REACTOME,
Gene:85416,ZIC5,Gene,ZIC5,,MONDO|MONDO_grouped|NCBI,
Gene:85445,CNTNAP4,Gene,CNTNAP4,,MONDO|MONDO_grouped|NCBI,
Gene:85480,TSLP,Gene,TSLP,,MONDO|MONDO_grouped|NCBI|REACTOME,
Gene:87178,PNPT1,Gene,PNPT1,,MONDO|MONDO_grouped|NCBI,
Gene:89885,FATE1,Gene,FATE1,,MONDO|MONDO_grouped|NCBI,
Gene:90381,TICRR,Gene,TICRR,,MONDO|MONDO_grouped|NCBI,
Gene:91937,TIMD4,Gene,TIMD4,,MONDO|MONDO_grouped|NCBI,
Gene:113130,CDCA5,Gene,CDCA5,,MONDO|MONDO_grouped|NCBI|REACTOME,
Gene:114804,RNF157,Gene,RNF157,,MONDO|MONDO_grouped|NCBI,
Gene:114990,VASN,Gene,VASN,,MONDO|MONDO_grouped|NCBI,
Gene:117145,THEM4,Gene,THEM4,,MONDO|MONDO_grouped|NCBI|REACTOME,
Gene:128239,IQGAP3,Gene,IQGAP3,,MONDO|MONDO_grouped|NCBI|REACTOME,
Gene:131669,UROC1,Gene,UROC1,,MONDO|MONDO_grouped|NCBI|REACTOME,
Gene:138009,DCAF4L2,Gene,DCAF4L2,,MONDO|MONDO_grouped|NCBI,
Gene:139420,PPP4R3C,Gene,PPP4R3C,,MONDO|MONDO_grouped|NCBI,
Gene:143941,TTC36,Gene,TTC36,,MONDO|MONDO_grouped|NCBI,
Gene:146909,KIF18B,Gene,KIF18B,,MONDO|MONDO_grouped|NCBI|REACTOME,
Gene:147372,CCBE1,Gene,CCBE1,,MONDO|MONDO_grouped|NCBI,
Gene:150468,CKAP2L,Gene,CKAP2L,,MONDO|MONDO_grouped|NCBI,
Gene:157313,CDCA2,Gene,CDCA2,,MONDO|MONDO_grouped|NCBI,
Gene:168667,BMPER,Gene,BMPER,,MONDO|MONDO_grouped|NCBI,
Gene:169611,OLFML2A,Gene,OLFML2A,,MONDO|MONDO_grouped|NCBI,
Gene:170392,OIT3,Gene,OIT3,,MONDO|MONDO_grouped|NCBI,
Gene:170712,COX7B2,Gene,COX7B2,,MONDO|MONDO_grouped|NCBI,
Gene:196528,ARID2,Gene,ARID2,,MONDO|MONDO_grouped|NCBI|REACTOME,
Gene:197358,NLRC3,Gene,NLRC3,,MONDO|MONDO_grouped|NCBI|REACTOME,
Gene:220134,SKA1,Gene,SKA1,,MONDO|MONDO_grouped|NCBI|REACTOME,
Gene:221150,SKA3,Gene,SKA3,,MONDO|MONDO_grouped|NCBI,
Gene:259266,ASPM,Gene,ASPM,,MONDO|MONDO_grouped|NCBI,
Gene:283600,SLC25A47,Gene,SLC25A47,,MONDO|MONDO_grouped|NCBI,
Gene:284403,WDR62,Gene,WDR62,,MONDO|MONDO_grouped|NCBI,
Gene:338005,LINC00221,Gene,LINC00221,,MONDO|MONDO_grouped|NCBI,
Gene:339390,CLEC4G,Gene,CLEC4G,,MONDO|MONDO_grouped|NCBI|REACTOME,
Gene:374393,FAM111B,Gene,FAM111B,,MONDO|MONDO_grouped|NCBI,
Gene:387103,CENPW,Gene,CENPW,,MONDO|MONDO_grouped|NCBI|REACTOME,
Gene:389558,FAM180A,Gene,FAM180A,,MONDO|MONDO_grouped|NCBI,
Gene:400258,C14orf180,Gene,C14ORF180,,MONDO|MONDO_grouped|NCBI,
Gene:406906,MIR122,Gene,MIR122,,MONDO|MONDO_grouped|NCBI,
Gene:574473,MIR520B,Gene,MIR520B,,MONDO|MONDO_grouped|NCBI,
Gene:653067,XAGE1B,Gene,XAGE1B,,MONDO|MONDO_grouped|NCBI,
Gene:653820,FAM72B,Gene,FAM72B,,MONDO|MONDO_grouped|NCBI,
Gene:664612,MIR539,Gene,MIR539,,MONDO|MONDO_grouped|NCBI,
Gene:693200,MIR615,Gene,MIR615,,MONDO|MONDO_grouped|NCBI,
Gene:723961,INS-IGF2,Gene,INS-IGF2,,MONDO|MONDO_grouped|NCBI,
Gene:100124700,HOTAIR,Gene,HOTAIR,,MONDO|MONDO_grouped|NCBI,
Gene:100126334,MIR885,Gene,MIR885,,MONDO|MONDO_grouped|NCBI,
Gene:100507436,MICA,Gene,MICA,,MONDO|MONDO_grouped|NCBI|REACTOME,
Gene:105416157,NKILA,Gene,NKILA,,MONDO|MONDO_grouped|NCBI,
Gene:29,ABR,Gene,ABR,,MONDO|NCBI|REACTOME,
Gene:463,ZFHX3,Gene,ZFHX3,,MONDO|NCBI|REACTOME,
Gene:545,ATR,Gene,ATR,,MONDO|NCBI|REACTOME,
Gene:655,BMP7,Gene,BMP7,,MONDO|NCBI|REACTOME,
Gene:664,BNIP3,Gene,BNIP3,,MONDO|NCBI,
Gene:678,ZFP36L2,Gene,ZFP36L2,,MONDO|NCBI,
Gene:796,CALCA,Gene,CALCA,,MONDO|NCBI|REACTOME,
Gene:858,CAV2,Gene,CAV2,,MONDO|NCBI|REACTOME,
Gene:861,RUNX1,Gene,RUNX1,,MONDO|NCBI|REACTOME,
Gene:996,CDC27,Gene,CDC27,,MONDO|NCBI|REACTOME,
Gene:999,CDH1,Gene,CDH1,,MONDO|NCBI|REACTOME,
Gene:1010,CDH12,Gene,CDH12,,MONDO|NCBI|REACTOME,
Gene:1105,CHD1,Gene,CHD1,,MONDO|NCBI|REACTOME,
Gene:1107,CHD3,Gene,CHD3,,MONDO|NCBI|REACTOME,
Gene:1200,TPP1,Gene,TPP1,,MONDO|NCBI|REACTOME,
Gene:1266,CNN3,Gene,CNN3,,MONDO|NCBI,
Gene:1289,COL5A1,Gene,COL5A1,,MONDO|NCBI|REACTOME,
Gene:1316,KLF6,Gene,KLF6,,MONDO|NCBI,
Gene:1365,CLDN3,Gene,CLDN3,,MONDO|NCBI|REACTOME,
Gene:1366,CLDN7,Gene,CLDN7,,MONDO|NCBI|REACTOME,
Gene:1469,CST1,Gene,CST1,,MONDO|NCBI,
Gene:1474,CST6,Gene,CST6,,MONDO|NCBI,
Gene:1488,CTBP2,Gene,CTBP2,,MONDO|NCBI|REACTOME,
Gene:1605,DAG1,Gene,DAG1,,MONDO|NCBI|REACTOME,
Gene:1647,GADD45A,Gene,GADD45A,,MONDO|NCBI|REACTOME,
Gene:1672,DEFB1,Gene,DEFB1,,MONDO|NCBI|REACTOME,
Gene:1775,DNASE1L2,Gene,DNASE1L2,,MONDO|NCBI,
Gene:2012,EMP1,Gene,EMP1,,MONDO|NCBI,
Gene:2014,EMP3,Gene,EMP3,,MONDO|NCBI,
Gene:2068,ERCC2,Gene,ERCC2,,MONDO|NCBI|REACTOME,
Gene:2077,ERF,Gene,ERF,,MONDO|NCBI|REACTOME,
Gene:2078,ERG,Gene,ERG,,MONDO|NCBI,
Gene:2115,ETV1,Gene,ETV1,,MONDO|NCBI,
Gene:2117,ETV3,Gene,ETV3,,MONDO|NCBI,
Gene:2118,ETV4,Gene,ETV4,,MONDO|NCBI|REACTOME,
Gene:2119,ETV5,Gene,ETV5,,MONDO|NCBI,
Gene:2130,EWSR1,Gene,EWSR1,,MONDO|NCBI,
Gene:2192,FBLN1,Gene,FBLN1,,MONDO|NCBI|REACTOME,
Gene:2255,FGF10,Gene,FGF10,,MONDO|NCBI|REACTOME,
Gene:2296,FOXC1,Gene,FOXC1,,MONDO|NCBI,
Gene:2308,FOXO1,Gene,FOXO1,,MONDO|NCBI|REACTOME,
Gene:2591,GALNT3,Gene,GALNT3,,MONDO|NCBI|REACTOME,
Gene:2650,GCNT1,Gene,GCNT1,,MONDO|NCBI|REACTOME,
Gene:2787,GNG5,Gene,GNG5,,MONDO|NCBI|REACTOME,
Gene:2803,GOLGA4,Gene,GOLGA4,,MONDO|NCBI|REACTOME,
Gene:2925,GRPR,Gene,GRPR,,MONDO|NCBI|REACTOME,
Gene:3047,HBG1,Gene,HBG1,,MONDO|NCBI|REACTOME,
Gene:3048,HBG2,Gene,HBG2,,MONDO|NCBI|REACTOME,
Gene:3169,FOXA1,Gene,FOXA1,,MONDO|NCBI|REACTOME,
Gene:3171,FOXA3,Gene,FOXA3,,MONDO|NCBI|REACTOME,
Gene:3219,HOXB9,Gene,HOXB9,,MONDO|NCBI,
Gene:3232,HOXD3,Gene,HOXD3,,MONDO|NCBI|REACTOME,
Gene:3572,IL6ST,Gene,IL6ST,,MONDO|NCBI|REACTOME,
Gene:3603,IL16,Gene,IL16,,MONDO|NCBI|REACTOME,
Gene:3817,KLK2,Gene,KLK2,,MONDO|NCBI|REACTOME,
Gene:3913,LAMB2,Gene,LAMB2,,MONDO|NCBI|REACTOME,
Gene:4152,MBD1,Gene,MBD1,,MONDO|NCBI|REACTOME,
Gene:4437,MSH3,Gene,MSH3,,MONDO|NCBI|REACTOME,
Gene:4477,MSMB,Gene,MSMB,,MONDO|NCBI,
Gene:4481,MSR1,Gene,MSR1,,MONDO|NCBI|REACTOME,
Gene:4585,MUC4,Gene,MUC4,,MONDO|NCBI|REACTOME,
Gene:4601,MXI1,Gene,MXI1,,MONDO|NCBI,
Gene:4610,MYCL,Gene,MYCL,,MONDO|NCBI,
Gene:4683,NBN,Gene,NBN,,MONDO|NCBI|REACTOME,
Gene:4782,NFIC,Gene,NFIC,,MONDO|NCBI|REACTOME,
Gene:4824,NKX3-1,Gene,NKX3-1,,MONDO|NCBI,
Gene:4849,CNOT3,Gene,CNOT3,,MONDO|NCBI|REACTOME,
Gene:5179,PENK,Gene,PENK,,MONDO|NCBI|REACTOME,
Gene:5273,SERPINB10,Gene,SERPINB10,,MONDO|NCBI|REACTOME,
Gene:5378,PMS1,Gene,PMS1,,MONDO|NCBI,
Gene:5396,PRRX1,Gene,PRRX1,,MONDO|NCBI,
Gene:5420,PODXL,Gene,PODXL,,MONDO|NCBI,
Gene:5493,PPL,Gene,PPL,,MONDO|NCBI|REACTOME,
Gene:5611,DNAJC3,Gene,DNAJC3,,MONDO|NCBI|REACTOME,
Gene:5621,PRNP,Gene,PRNP,,MONDO|NCBI|REACTOME,
Gene:5744,PTHLH,Gene,PTHLH,,MONDO|NCBI|REACTOME,
Gene:5788,PTPRC,Gene,PTPRC,,MONDO|NCBI|REACTOME,
Gene:5796,PTPRK,Gene,PTPRK,,MONDO|NCBI|REACTOME,
Gene:5819,NECTIN2,Gene,NECTIN2,,MONDO|NCBI|REACTOME,
Gene:5887,RAD23B,Gene,RAD23B,,MONDO|NCBI|REACTOME,
Gene:5896,RAG1,Gene,RAG1,,MONDO|NCBI|REACTOME,
Gene:5926,ARID4A,Gene,ARID4A,,MONDO|NCBI|REACTOME,
Gene:6019,RLN2,Gene,RLN2,,MONDO|NCBI|REACTOME,
Gene:6041,RNASEL,Gene,RNASEL,,MONDO|NCBI|REACTOME,
Gene:6092,ROBO2,Gene,ROBO2,,MONDO|NCBI|REACTOME,
Gene:6136,RPL12,Gene,RPL12,,MONDO|NCBI|REACTOME,
Gene:6185,RPN2,Gene,RPN2,,MONDO|NCBI|REACTOME,
Gene:6237,RRAS,Gene,RRAS,,MONDO|NCBI|REACTOME,
Gene:6293,VPS52,Gene,VPS52,,MONDO|NCBI|REACTOME,
Gene:6296,ACSM3,Gene,ACSM3,,MONDO|NCBI|REACTOME,
Gene:6376,CX3CL1,Gene,CX3CL1,,MONDO|NCBI|REACTOME,
Gene:6453,ITSN1,Gene,ITSN1,,MONDO|NCBI|REACTOME,
Gene:6522,SLC4A2,Gene,SLC4A2,,MONDO|NCBI|REACTOME,
Gene:6594,SMARCA1,Gene,SMARCA1,,MONDO|NCBI,
Gene:6690,SPINK1,Gene,SPINK1,,MONDO|NCBI,
Gene:6695,SPOCK1,Gene,SPOCK1,,MONDO|NCBI,
Gene:6746,SSR2,Gene,SSR2,,MONDO|NCBI|REACTOME,
Gene:6757,SSX2,Gene,SSX2,,MONDO|NCBI,
Gene:6836,SURF4,Gene,SURF4,,MONDO|NCBI|REACTOME,
Gene:6885,MAP3K7,Gene,MAP3K7,,MONDO|NCBI|REACTOME,
Gene:6926,TBX3,Gene,TBX3,,MONDO|NCBI,
Gene:6928,HNF1B,Gene,HNF1B,,MONDO|NCBI|REACTOME,
Gene:6950,TCP1,Gene,TCP1,,MONDO|NCBI|REACTOME,
Gene:7012,TERC,Gene,TERC,,MONDO|NCBI,
Gene:7079,TIMP4,Gene,TIMP4,,MONDO|NCBI,
Gene:7100,TLR5,Gene,TLR5,,MONDO|NCBI|REACTOME,
Gene:7110,TMF1,Gene,TMF1,,MONDO|NCBI|REACTOME,
Gene:7111,TMOD1,Gene,TMOD1,,MONDO|NCBI|REACTOME,
Gene:7114,TMSB4X,Gene,TMSB4X,,MONDO|NCBI|REACTOME,
Gene:7162,TPBG,Gene,TPBG,,MONDO|NCBI,
Gene:7163,TPD52,Gene,TPD52,,MONDO|NCBI|REACTOME,
Gene:7164,TPD52L1,Gene,TPD52L1,,MONDO|NCBI|REACTOME,
Gene:7185,TRAF1,Gene,TRAF1,,MONDO|NCBI|REACTOME,
Gene:7307,U2AF1,Gene,U2AF1,,MONDO|NCBI|REACTOME,
Gene:7352,UCP3,Gene,UCP3,,MONDO|NCBI|REACTOME,
Gene:7403,KDM6A,Gene,KDM6A,,MONDO|NCBI|REACTOME,
Gene:7430,EZR,Gene,EZR,,MONDO|NCBI|REACTOME,
Gene:7480,WNT10B,Gene,WNT10B,,MONDO|NCBI|REACTOME,
Gene:7704,ZBTB16,Gene,ZBTB16,,MONDO|NCBI|REACTOME,
Gene:7763,ZFAND5,Gene,ZFAND5,,MONDO|NCBI,
Gene:7862,BRPF1,Gene,BRPF1,,MONDO|NCBI|REACTOME,
Gene:7874,USP7,Gene,USP7,,MONDO|NCBI|REACTOME,
Gene:7984,ARHGEF5,Gene,ARHGEF5,,MONDO|NCBI|REACTOME,
Gene:7994,KAT6A,Gene,KAT6A,,MONDO|NCBI|REACTOME,
Gene:8000,PSCA,Gene,PSCA,,MONDO|NCBI|REACTOME,
Gene:8085,KMT2D,Gene,KMT2D,,MONDO|NCBI|REACTOME,
Gene:8086,AAAS,Gene,AAAS,,MONDO|NCBI|REACTOME,
Gene:8202,NCOA3,Gene,NCOA3,,MONDO|NCBI|REACTOME,
Gene:8339,H2BC8,Gene,H2BC8,,MONDO|NCBI|REACTOME,
Gene:8365,H4C8,Gene,H4C8,,MONDO|NCBI|REACTOME,
Gene:8405,SPOP,Gene,SPOP,,MONDO|NCBI|REACTOME,
Gene:8409,UXT,Gene,UXT,,MONDO|NCBI|REACTOME,
Gene:8452,CUL3,Gene,CUL3,,MONDO|NCBI|REACTOME,
Gene:8495,PPFIBP2,Gene,PPFIBP2,,MONDO|NCBI|REACTOME,
Gene:8509,NDST2,Gene,NDST2,,MONDO|NCBI|REACTOME,
Gene:8537,BCAS1,Gene,BCAS1,,MONDO|NCBI,
Gene:8560,DEGS1,Gene,DEGS1,,MONDO|NCBI|REACTOME,
Gene:8615,USO1,Gene,USO1,,MONDO|NCBI|REACTOME,
Gene:8661,EIF3A,Gene,EIF3A,,MONDO|NCBI|REACTOME,
Gene:8785,MATN4,Gene,MATN4,,MONDO|NCBI|REACTOME,
Gene:8804,CREG1,Gene,CREG1,,MONDO|NCBI|REACTOME,
Gene:8829,NRP1,Gene,NRP1,,MONDO|NCBI|REACTOME,
Gene:8895,CPNE3,Gene,CPNE3,,MONDO|NCBI|REACTOME,
Gene:9080,CLDN9,Gene,CLDN9,,MONDO|NCBI|REACTOME,
Gene:9189,ZBED1,Gene,ZBED1,,MONDO|NCBI|REACTOME,
Gene:9203,ZMYM3,Gene,ZMYM3,,MONDO|NCBI,
Gene:9380,GRHPR,Gene,GRHPR,,MONDO|NCBI|REACTOME,
Gene:9420,CYP7B1,Gene,CYP7B1,,MONDO|NCBI|REACTOME,
Gene:9480,ONECUT2,Gene,ONECUT2,,MONDO|NCBI,
Gene:9516,LITAF,Gene,LITAF,,MONDO|NCBI,
Gene:9538,EI24,Gene,EI24,,MONDO|NCBI,
Gene:9564,BCAR1,Gene,BCAR1,,MONDO|NCBI|REACTOME,
Gene:9611,NCOR1,Gene,NCOR1,,MONDO|MONDO_grouped|NCBI|REACTOME,
Gene:9687,GREB1,Gene,GREB1,,MONDO|NCBI|REACTOME,
Gene:9709,HERPUD1,Gene,HERPUD1,,MONDO|NCBI|REACTOME,
Gene:9985,REC8,Gene,REC8,,MONDO|NCBI|REACTOME,
Gene:10040,TOM1L1,Gene,TOM1L1,,MONDO|NCBI,
Gene:10158,PDZK1IP1,Gene,PDZK1IP1,,MONDO|NCBI,
Gene:10207,PATJ,Gene,PATJ,,MONDO|NCBI,
Gene:10263,CDK2AP2,Gene,CDK2AP2,,MONDO|NCBI,
Gene:10333,TLR6,Gene,TLR6,,MONDO|NCBI|REACTOME,
Gene:10397,NDRG1,Gene,NDRG1,,MONDO|MONDO_grouped|NCBI|REACTOME,
Gene:10417,SPON2,Gene,SPON2,,MONDO|NCBI|REACTOME,
Gene:10439,OLFM1,Gene,OLFM1,,MONDO|NCBI,
Gene:10451,VAV3,Gene,VAV3,,MONDO|NCBI|REACTOME,
Gene:10481,HOXB13,Gene,HOXB13,,MONDO|NCBI,
Gene:10514,MYBBP1A,Gene,MYBBP1A,,MONDO|NCBI|REACTOME,
Gene:10516,FBLN5,Gene,FBLN5,,MONDO|NCBI|REACTOME,
Gene:10551,AGR2,Gene,AGR2,,MONDO|NCBI,
Gene:10625,IVNS1ABP,Gene,IVNS1ABP,,MONDO|NCBI,
Gene:10809,STARD10,Gene,STARD10,,MONDO|NCBI|REACTOME,
Gene:10810,WASF3,Gene,WASF3,,MONDO|NCBI|REACTOME,
Gene:10945,KDELR1,Gene,KDELR1,,MONDO|NCBI|REACTOME,
Gene:10948,STARD3,Gene,STARD3,,MONDO|NCBI|REACTOME,
Gene:10951,CBX1,Gene,CBX1,,MONDO|NCBI|REACTOME,
Gene:10955,SERINC3,Gene,SERINC3,,MONDO|NCBI|REACTOME,
Gene:11005,SPINK5,Gene,SPINK5,,MONDO|NCBI|REACTOME,
Gene:11095,ADAMTS8,Gene,ADAMTS8,,MONDO|NCBI|REACTOME,
Gene:11176,BAZ2A,Gene,BAZ2A,,MONDO|NCBI|REACTOME,
Gene:11178,LZTS1,Gene,LZTS1,,MONDO|NCBI,
Gene:11187,PKP3,Gene,PKP3,,MONDO|NCBI|REACTOME,
Gene:11214,AKAP13,Gene,AKAP13,,MONDO|NCBI|REACTOME,
Gene:22853,LMTK2,Gene,LMTK2,,MONDO|NCBI,
Gene:22907,DHX30,Gene,DHX30,,MONDO|NCBI,
Gene:23013,SPEN,Gene,SPEN,,MONDO|NCBI|REACTOME,
Gene:23036,ZNF292,Gene,ZNF292,,MONDO|NCBI,
Gene:23071,ERP44,Gene,ERP44,,MONDO|NCBI|REACTOME,
Gene:23197,FAF2,Gene,FAF2,,MONDO|NCBI|REACTOME,
Gene:23204,ARL6IP1,Gene,ARL6IP1,,MONDO|NCBI,
Gene:23210,JMJD6,Gene,JMJD6,,MONDO|NCBI|REACTOME,
Gene:23244,PDS5A,Gene,PDS5A,,MONDO|NCBI|REACTOME,
Gene:23248,RPRD2,Gene,RPRD2,,MONDO|NCBI|REACTOME,
Gene:23269,MGA,Gene,MGA,,MONDO|NCBI|REACTOME,
Gene:23301,EHBP1,Gene,EHBP1,,MONDO|NCBI,
Gene:23338,JADE2,Gene,JADE2,,MONDO|NCBI|REACTOME,
Gene:23382,AHCYL2,Gene,AHCYL2,,MONDO|NCBI|REACTOME,
Gene:23635,SSBP2,Gene,SSBP2,,MONDO|NCBI,
Gene:23671,TMEFF2,Gene,TMEFF2,,MONDO|NCBI,
Gene:23753,SDF2L1,Gene,SDF2L1,,MONDO|NCBI,
Gene:25792,CIZ1,Gene,CIZ1,,MONDO|NCBI,
Gene:25818,KLK5,Gene,KLK5,,MONDO|NCBI|REACTOME,
Gene:25932,CLIC4,Gene,CLIC4,,MONDO|NCBI,
Gene:26054,SENP6,Gene,SENP6,,MONDO|NCBI,
Gene:26137,ZBTB20,Gene,ZBTB20,,MONDO|NCBI,
Gene:26239,LCE2B,Gene,LCE2B,,MONDO|NCBI|REACTOME,
Gene:26298,EHF,Gene,EHF,,MONDO|NCBI,
Gene:26499,PLEK2,Gene,PLEK2,,MONDO|NCBI,
Gene:27134,TJP3,Gene,TJP3,,MONDO|NCBI,
Gene:27242,TNFRSF21,Gene,TNFRSF21,,MONDO|NCBI|REACTOME,
Gene:27294,DHDH,Gene,DHDH,,MONDO|NCBI,
Gene:28999,KLF15,Gene,KLF15,,MONDO|NCBI|REACTOME,
Gene:29072,SETD2,Gene,SETD2,,MONDO|NCBI|REACTOME,
Gene:29087,THYN1,Gene,THYN1,,MONDO|NCBI,
Gene:29893,PSMC3IP,Gene,PSMC3IP,,MONDO|NCBI|REACTOME,
Gene:30008,EFEMP2,Gene,EFEMP2,,MONDO|NCBI|REACTOME,
Gene:50508,NOX3,Gene,NOX3,,MONDO|NCBI|REACTOME,
Gene:50509,COL5A3,Gene,COL5A3,,MONDO|NCBI|REACTOME,
Gene:50618,ITSN2,Gene,ITSN2,,MONDO|NCBI|REACTOME,
Gene:51084,CRYL1,Gene,CRYL1,,MONDO|NCBI|REACTOME,
Gene:51132,RLIM,Gene,RLIM,,MONDO|NCBI|REACTOME,
Gene:51227,PIGP,Gene,PIGP,,MONDO|NCBI|REACTOME,
Gene:51322,WAC,Gene,WAC,,MONDO|NCBI|REACTOME,
Gene:51341,ZBTB7A,Gene,ZBTB7A,,MONDO|NCBI,
Gene:51651,PTRH2,Gene,PTRH2,,MONDO|NCBI|REACTOME,
Gene:51655,RASD1,Gene,RASD1,,MONDO|NCBI,
Gene:51755,CDK12,Gene,CDK12,,MONDO|NCBI|REACTOME,
Gene:53353,LRP1B,Gene,LRP1B,,MONDO|NCBI,
Gene:53916,RAB4B,Gene,RAB4B,,MONDO|NCBI|REACTOME,
Gene:54361,WNT4,Gene,WNT4,,MONDO|NCBI|REACTOME,
Gene:54431,DNAJC10,Gene,DNAJC10,,MONDO|NCBI,
Gene:54535,CCHCR1,Gene,CCHCR1,,MONDO|NCBI,
Gene:54704,PDP1,Gene,PDP1,,MONDO|NCBI|REACTOME,
Gene:54756,IL17RD,Gene,IL17RD,,MONDO|NCBI|REACTOME,
Gene:54790,TET2,Gene,TET2,,MONDO|NCBI|REACTOME,
Gene:54809,SAMD9,Gene,SAMD9,,MONDO|NCBI,
Gene:54894,RNF43,Gene,RNF43,,MONDO|NCBI|REACTOME,
Gene:54897,CASZ1,Gene,CASZ1,,MONDO|NCBI,
Gene:55035,NOL8,Gene,NOL8,,MONDO|NCBI,
Gene:55072,RNF31,Gene,RNF31,,MONDO|NCBI|REACTOME,
Gene:55198,APPL2,Gene,APPL2,,MONDO|NCBI,
Gene:55210,ATAD3A,Gene,ATAD3A,,MONDO|NCBI,
Gene:55256,ADI1,Gene,ADI1,,MONDO|NCBI|REACTOME,
Gene:55357,TBC1D2,Gene,TBC1D2,,MONDO|NCBI|REACTOME,
Gene:55636,CHD7,Gene,CHD7,,MONDO|NCBI,
Gene:55819,RNF130,Gene,RNF130,,MONDO|NCBI|REACTOME,
Gene:55827,DCAF6,Gene,DCAF6,,MONDO|NCBI|REACTOME,
Gene:55829,SELENOS,Gene,SELENOS,,MONDO|NCBI|REACTOME,
Gene:55870,ASH1L,Gene,ASH1L,,MONDO|MONDO_grouped|NCBI|REACTOME,
Gene:56288,PARD3,Gene,PARD3,,MONDO|NCBI|REACTOME,
Gene:56849,TCEAL7,Gene,TCEAL7,,MONDO|NCBI,
Gene:56916,SMARCAD1,Gene,SMARCAD1,,MONDO|NCBI,
Gene:57185,NIPAL3,Gene,NIPAL3,,MONDO|NCBI|REACTOME,
Gene:57646,USP28,Gene,USP28,,MONDO|NCBI|REACTOME,
Gene:59084,ENPP5,Gene,ENPP5,,MONDO|NCBI,
Gene:59344,ALOXE3,Gene,ALOXE3,,MONDO|NCBI|REACTOME,
Gene:60526,LDAH,Gene,LDAH,,MONDO|NCBI,
Gene:60528,ELAC2,Gene,ELAC2,,MONDO|NCBI|REACTOME,
Gene:64374,SIL1,Gene,SIL1,,MONDO|NCBI,
Gene:64579,NDST4,Gene,NDST4,,MONDO|NCBI|REACTOME,
Gene:79366,HMGN5,Gene,HMGN5,,MONDO|NCBI,
Gene:79689,STEAP4,Gene,STEAP4,,MONDO|NCBI,
Gene:79718,TBL1XR1,Gene,TBL1XR1,,MONDO|NCBI|REACTOME,
Gene:79728,PALB2,Gene,PALB2,,MONDO|NCBI|REACTOME,
Gene:79807,GSTCD,Gene,GSTCD,,MONDO|NCBI,
Gene:83259,PCDH11Y,Gene,PCDH11Y,,MONDO|NCBI,
Gene:83606,GUCD1,Gene,GUCD1,,MONDO|NCBI,
Gene:84181,CHD6,Gene,CHD6,,MONDO|NCBI,
Gene:84519,ACRBP,Gene,ACRBP,,MONDO|NCBI,
Gene:84818,IL17RC,Gene,IL17RC,,MONDO|NCBI|REACTOME,
Gene:90338,ZNF160,Gene,ZNF160,,MONDO|NCBI|REACTOME,
Gene:92105,INTS4,Gene,INTS4,,MONDO|NCBI|REACTOME,
Gene:93611,FBXO44,Gene,FBXO44,,MONDO|NCBI|REACTOME,
Gene:113189,CHST14,Gene,CHST14,,MONDO|NCBI|REACTOME,
Gene:114609,TIRAP,Gene,TIRAP,,MONDO|NCBI|REACTOME,
Gene:116113,FOXP4,Gene,FOXP4,,MONDO|NCBI,
Gene:124222,PAQR4,Gene,PAQR4,,MONDO|NCBI,
Gene:132671,SPATA18,Gene,SPATA18,,MONDO|NCBI,
Gene:135112,NCOA7,Gene,NCOA7,,MONDO|NCBI,
Gene:136991,ASZ1,Gene,ASZ1,,MONDO|NCBI|REACTOME,
Gene:138474,TAF1L,Gene,TAF1L,,MONDO|NCBI|REACTOME,
Gene:143686,SESN3,Gene,SESN3,,MONDO|NCBI|REACTOME,
Gene:148327,CREB3L4,Gene,CREB3L4,,MONDO|NCBI|REACTOME,
Gene:149628,PYHIN1,Gene,PYHIN1,,MONDO|NCBI,
Gene:150084,IGSF5,Gene,IGSF5,,MONDO|NCBI,
Gene:201294,UNC13D,Gene,UNC13D,,MONDO|NCBI|REACTOME,
Gene:221895,JAZF1,Gene,JAZF1,,MONDO|NCBI,
Gene:222546,RFX6,Gene,RFX6,,MONDO|NCBI|REACTOME,
Gene:246778,IL27,Gene,IL27,,MONDO|NCBI|REACTOME,
Gene:283131,NEAT1,Gene,NEAT1,,MONDO|MONDO_grouped|NCBI,
Gene:283237,TTC9C,Gene,TTC9C,,MONDO|NCBI,
Gene:285704,RGMB,Gene,RGMB,,MONDO|NCBI|REACTOME,
Gene:389058,SP5,Gene,SP5,,MONDO|NCBI,
Gene:406899,MIR106A,Gene,MIR106A,,MONDO|NCBI,
Gene:606293,KLKP1,Gene,KLKP1,,MONDO|NCBI,
Gene:100750225,PCAT1,Gene,PCAT1,,MONDO|NCBI,
Gene:101669767,SCHLAP1,Gene,SCHLAP1,,MONDO|NCBI,
Gene:24,ABCA4,Gene,ABCA4,,MONDO|NCBI|REACTOME,
Gene:103,ADAR,Gene,ADAR,,MONDO|NCBI|REACTOME,
Gene:267,AMFR,Gene,AMFR,,MONDO|NCBI|REACTOME,
Gene:286,ANK1,Gene,ANK1,,MONDO|NCBI|REACTOME,
Gene:287,ANK2,Gene,ANK2,,MONDO|NCBI|REACTOME,
Gene:318,NUDT2,Gene,NUDT2,,MONDO|NCBI|REACTOME,
Gene:329,BIRC2,Gene,BIRC2,,MONDO|NCBI|REACTOME,
Gene:343,AQP8,Gene,AQP8,,MONDO|NCBI|REACTOME,
Gene:346,APOC4,Gene,APOC4,,MONDO|NCBI|REACTOME,
Gene:357,SHROOM2,Gene,SHROOM2,,MONDO|NCBI,
Gene:374,AREG,Gene,AREG,,MONDO|NCBI|REACTOME,
Gene:396,ARHGDIA,Gene,ARHGDIA,,MONDO|NCBI|REACTOME,
Gene:489,ATP2A3,Gene,ATP2A3,,MONDO|NCBI|REACTOME,
Gene:580,BARD1,Gene,BARD1,,MONDO|NCBI|REACTOME,
Gene:597,BCL2A1,Gene,BCL2A1,,MONDO|NCBI,
Gene:633,BGN,Gene,BGN,,MONDO|NCBI|REACTOME,
Gene:643,CXCR5,Gene,CXCR5,,MONDO|NCBI|REACTOME,
Gene:649,BMP1,Gene,BMP1,,MONDO|NCBI|REACTOME,
Gene:650,BMP2,Gene,BMP2,,MONDO|NCBI|REACTOME,
Gene:741,ZNHIT2,Gene,ZNHIT2,,MONDO|NCBI,
Gene:865,CBFB,Gene,CBFB,,MONDO|NCBI|REACTOME,
Gene:972,CD74,Gene,CD74,,MONDO|NCBI|REACTOME,
Gene:987,LRBA,Gene,LRBA,,MONDO|NCBI,
Gene:1000,CDH2,Gene,CDH2,,MONDO|NCBI|REACTOME,
Gene:1008,CDH10,Gene,CDH10,,MONDO|NCBI|REACTOME,
Gene:1040,CDS1,Gene,CDS1,,MONDO|NCBI|REACTOME,
Gene:1073,CFL2,Gene,CFL2,,MONDO|NCBI,
Gene:1144,CHRND,Gene,CHRND,,MONDO|NCBI|REACTOME,
Gene:1180,CLCN1,Gene,CLCN1,,MONDO|NCBI|REACTOME,
Gene:1260,CNGA2,Gene,CNGA2,,MONDO|NCBI|REACTOME,
Gene:1294,COL7A1,Gene,COL7A1,,MONDO|NCBI|REACTOME,
Gene:1301,COL11A1,Gene,COL11A1,,MONDO|NCBI|REACTOME,
Gene:1310,COL19A1,Gene,COL19A1,,MONDO|NCBI|REACTOME,
Gene:1364,CLDN4,Gene,CLDN4,,MONDO|NCBI|REACTOME,
Gene:1394,CRHR1,Gene,CRHR1,,MONDO|NCBI|REACTOME,
Gene:1406,CRX,Gene,CRX,,MONDO|NCBI,
Gene:1409,CRYAA,Gene,CRYAA,,MONDO|NCBI,
Gene:1435,CSF1,Gene,CSF1,,MONDO|NCBI|REACTOME,
Gene:1440,CSF3,Gene,CSF3,,MONDO|MONDO_grouped|NCBI|REACTOME,
Gene:1453,CSNK1D,Gene,CSNK1D,,MONDO|NCBI|REACTOME,
Gene:1472,CST4,Gene,CST4,,MONDO|NCBI,
Gene:1523,CUX1,Gene,CUX1,,MONDO|NCBI|REACTOME,
Gene:1649,DDIT3,Gene,DDIT3,,MONDO|NCBI|REACTOME,
Gene:1654,DDX3X,Gene,DDX3X,,MONDO|NCBI|REACTOME,
Gene:1662,DDX10,Gene,DDX10,,MONDO|NCBI,
Gene:1674,DES,Gene,DES,,MONDO|NCBI|REACTOME,
Gene:1770,DNAH9,Gene,DNAH9,,MONDO|NCBI,
Gene:1798,DPAGT1,Gene,DPAGT1,,MONDO|NCBI|REACTOME,
Gene:1825,DSC3,Gene,DSC3,,MONDO|NCBI|REACTOME,
Gene:1857,DVL3,Gene,DVL3,,MONDO|NCBI|REACTOME,
Gene:1933,EEF1B2,Gene,EEF1B2,,MONDO|NCBI|REACTOME,
Gene:1942,EFNA1,Gene,EFNA1,,MONDO|NCBI|REACTOME,
Gene:1974,EIF4A2,Gene,EIF4A2,,MONDO|NCBI|REACTOME,
Gene:2004,ELK3,Gene,ELK3,,MONDO|NCBI,
Gene:2033,EP300,Gene,EP300,,MONDO|NCBI|REACTOME,
Gene:2063,NR2F6,Gene,NR2F6,,MONDO|NCBI|REACTOME,
Gene:2069,EREG,Gene,EREG,,MONDO|NCBI|REACTOME,
Gene:2071,ERCC3,Gene,ERCC3,,MONDO|NCBI|REACTOME,
Gene:2091,FBL,Gene,FBL,,MONDO|NCBI|REACTOME,
Gene:2114,ETS2,Gene,ETS2,,MONDO|NCBI|REACTOME,
Gene:2218,FKTN,Gene,FKTN,,MONDO|NCBI,
Gene:2274,FHL2,Gene,FHL2,,MONDO|NCBI|REACTOME,
Gene:2317,FLNB,Gene,FLNB,,MONDO|NCBI|REACTOME,
Gene:2521,FUS,Gene,FUS,,MONDO|NCBI|REACTOME,
Gene:2538,G6PC,Gene,G6PC,G6PC1,MONDO|NCBI|REACTOME,
Gene:2549,GAB1,Gene,GAB1,,MONDO|NCBI|REACTOME,
Gene:2625,GATA3,Gene,GATA3,,MONDO|NCBI|REACTOME,
Gene:2662,GDF10,Gene,GDF10,,MONDO|NCBI,
Gene:2771,GNAI2,Gene,GNAI2,,MONDO|NCBI|REACTOME,
Gene:2804,GOLGB1,Gene,GOLGB1,,MONDO|NCBI|REACTOME,
Gene:2817,GPC1,Gene,GPC1,,MONDO|NCBI|REACTOME,
Gene:2831,NPBWR1,Gene,NPBWR1,,MONDO|NCBI|REACTOME,
Gene:2837,UTS2R,Gene,UTS2R,,MONDO|NCBI|REACTOME,
Gene:2916,GRM6,Gene,GRM6,,MONDO|NCBI|REACTOME,
Gene:2920,CXCL2,Gene,CXCL2,,MONDO|NCBI|REACTOME,
Gene:2921,CXCL3,Gene,CXCL3,,MONDO|NCBI|REACTOME,
Gene:2956,MSH6,Gene,MSH6,,MONDO|NCBI|REACTOME,
Gene:2957,GTF2A1,Gene,GTF2A1,,MONDO|NCBI|REACTOME,
Gene:2986,GUCY2F,Gene,GUCY2F,,MONDO|NCBI|REACTOME,
Gene:3002,GZMB,Gene,GZMB,,MONDO|NCBI|REACTOME,
Gene:3006,H1-2,Gene,H1-2,,MONDO|NCBI|REACTOME,
Gene:3032,HADHB,Gene,HADHB,,MONDO|NCBI|REACTOME,
Gene:3069,HDLBP,Gene,HDLBP,,MONDO|NCBI|REACTOME,
Gene:3087,HHEX,Gene,HHEX,,MONDO|NCBI,
Gene:3090,HIC1,Gene,HIC1,,MONDO|NCBI|REACTOME,
Gene:3101,HK3,Gene,HK3,,MONDO|NCBI|REACTOME,
Gene:3200,HOXA3,Gene,HOXA3,,MONDO|NCBI|REACTOME,
Gene:3201,HOXA4,Gene,HOXA4,,MONDO|NCBI|REACTOME,
Gene:3237,HOXD11,Gene,HOXD11,,MONDO|NCBI,
Gene:3381,IBSP,Gene,IBSP,,MONDO|NCBI|REACTOME,
Gene:3394,IRF8,Gene,IRF8,,MONDO|NCBI|REACTOME,
Gene:3431,SP110,Gene,SP110,,MONDO|NCBI,
Gene:3680,ITGA9,Gene,ITGA9,,MONDO|NCBI|REACTOME,
Gene:3841,KPNA5,Gene,KPNA5,,MONDO|NCBI|REACTOME,
Gene:3875,KRT18,Gene,KRT18,,MONDO|MONDO_grouped|NCBI|REACTOME,
Gene:3895,KTN1,Gene,KTN1,,MONDO|NCBI|REACTOME,
Gene:3991,LIPE,Gene,LIPE,,MONDO|NCBI|REACTOME,
Gene:3993,LLGL2,Gene,LLGL2,,MONDO|NCBI,
Gene:3996,LLGL1,Gene,LLGL1,,MONDO|NCBI,
Gene:4007,PRICKLE3,Gene,PRICKLE3,,MONDO|NCBI,
Gene:4017,LOXL2,Gene,LOXL2,,MONDO|NCBI|REACTOME,
Gene:4046,LSP1,Gene,LSP1,,MONDO|NCBI,
Gene:4103,MAGEA4,Gene,MAGEA4,,MONDO|NCBI,
Gene:4118,MAL,Gene,MAL,,MONDO|NCBI,
Gene:4123,MAN2C1,Gene,MAN2C1,,MONDO|NCBI|REACTOME,
Gene:4194,MDM4,Gene,MDM4,,MONDO|NCBI|REACTOME,
Gene:4211,MEIS1,Gene,MEIS1,,MONDO|NCBI|REACTOME,
Gene:4240,MFGE8,Gene,MFGE8,,MONDO|NCBI|REACTOME,
Gene:4253,MIA2,Gene,MIA2,,MONDO|NCBI|REACTOME,
Gene:4283,CXCL9,Gene,CXCL9,,MONDO|NCBI|REACTOME,
Gene:4299,AFF1,Gene,AFF1,,MONDO|NCBI,
Gene:4361,MRE11,Gene,MRE11,,MONDO|NCBI|REACTOME,
Gene:4440,MSI1,Gene,MSI1,,MONDO|NCBI|REACTOME,
Gene:4485,MST1,Gene,MST1,,MONDO|NCBI|REACTOME,
Gene:4619,MYH1,Gene,MYH1,,MONDO|NCBI,
Gene:4654,MYOD1,Gene,MYOD1,,MONDO|NCBI|REACTOME,
Gene:4660,PPP1R12B,Gene,PPP1R12B,,MONDO|NCBI|REACTOME,
Gene:4734,NEDD4,Gene,NEDD4,,MONDO|NCBI|REACTOME,
Gene:4763,NF1,Gene,NF1,,MONDO|NCBI|REACTOME,
Gene:4771,NF2,Gene,NF2,,MONDO|NCBI|REACTOME,
Gene:4802,NFYC,Gene,NFYC,,MONDO|NCBI|REACTOME,
Gene:4810,NHS,Gene,NHS,,MONDO|NCBI|REACTOME,
Gene:4829,NMBR,Gene,NMBR,,MONDO|NCBI|REACTOME,
Gene:4897,NRCAM,Gene,NRCAM,,MONDO|NCBI|REACTOME,
Gene:4919,ROR1,Gene,ROR1,,MONDO|NCBI|REACTOME,
Gene:4928,NUP98,Gene,NUP98,,MONDO|NCBI|REACTOME,
Gene:4948,OCA2,Gene,OCA2,,MONDO|NCBI|REACTOME,
Gene:5154,PDGFA,Gene,PDGFA,,MONDO|NCBI|REACTOME,
Gene:5187,PER1,Gene,PER1,,MONDO|NCBI|REACTOME,
Gene:5205,ATP8B1,Gene,ATP8B1,,MONDO|NCBI|REACTOME,
Gene:5257,PHKB,Gene,PHKB,,MONDO|NCBI|REACTOME,
Gene:5270,SERPINE2,Gene,SERPINE2,,MONDO|NCBI|REACTOME,
Gene:5358,PLS3,Gene,PLS3,,MONDO|NCBI,
Gene:5364,PLXNB1,Gene,PLXNB1,,MONDO|NCBI|REACTOME,
Gene:5407,PNLIPRP1,Gene,PNLIPRP1,,MONDO|NCBI|REACTOME,
Gene:5429,POLH,Gene,POLH,,MONDO|NCBI|REACTOME,
Gene:5435,POLR2F,Gene,POLR2F,,MONDO|NCBI|REACTOME,
Gene:5464,PPA1,Gene,PPA1,,MONDO|NCBI|REACTOME,
Gene:5506,PPP1R3A,Gene,PPP1R3A,,MONDO|NCBI,
Gene:5631,PRPS1,Gene,PRPS1,,MONDO|NCBI|REACTOME,
Gene:5638,PRRG1,Gene,PRRG1,,MONDO|NCBI,
Gene:5655,KLK10,Gene,KLK10,,MONDO|NCBI,
Gene:5784,PTPN14,Gene,PTPN14,,MONDO|NCBI|REACTOME,
Gene:5789,PTPRD,Gene,PTPRD,,MONDO|NCBI|REACTOME,
Gene:5889,RAD51C,Gene,RAD51C,,MONDO|NCBI|REACTOME,
Gene:5890,RAD51B,Gene,RAD51B,,MONDO|NCBI|REACTOME,
Gene:5909,RAP1GAP,Gene,RAP1GAP,,MONDO|NCBI|REACTOME,
Gene:5924,RASGRF2,Gene,RASGRF2,,MONDO|NCBI|REACTOME,
Gene:5935,RBM3,Gene,RBM3,,MONDO|NCBI,
Gene:5965,RECQL,Gene,RECQL,,MONDO|NCBI,
Gene:5984,RFC4,Gene,RFC4,,MONDO|NCBI|REACTOME,
Gene:5990,RFX2,Gene,RFX2,,MONDO|NCBI,
Gene:6160,RPL31,Gene,RPL31,,MONDO|NCBI|REACTOME,
Gene:6181,RPLP2,Gene,RPLP2,,MONDO|NCBI|REACTOME,
Gene:6191,RPS4X,Gene,RPS4X,,MONDO|NCBI|REACTOME,
Gene:6199,RPS6KB2,Gene,RPS6KB2,,MONDO|NCBI|REACTOME,
Gene:6201,RPS7,Gene,RPS7,,MONDO|NCBI|REACTOME,
Gene:6236,RRAD,Gene,RRAD,,MONDO|NCBI|REACTOME,
Gene:6249,CLIP1,Gene,CLIP1,,MONDO|NCBI|REACTOME,
Gene:6342,SCP2,Gene,SCP2,,MONDO|NCBI|REACTOME,
Gene:6416,MAP2K4,Gene,MAP2K4,,MONDO|NCBI|REACTOME,
Gene:6423,SFRP2,Gene,SFRP2,,MONDO|NCBI|REACTOME,
Gene:6425,SFRP5,Gene,SFRP5,,MONDO|NCBI,
Gene:6492,SIM1,Gene,SIM1,,MONDO|NCBI,
Gene:6499,SKIV2L,Gene,SKIV2L,,MONDO|NCBI|REACTOME,
Gene:6504,SLAMF1,Gene,SLAMF1,,MONDO|NCBI,
Gene:6547,SLC8A3,Gene,SLC8A3,,MONDO|NCBI|REACTOME,
Gene:6549,SLC9A2,Gene,SLC9A2,,MONDO|NCBI|REACTOME,
Gene:6591,SNAI2,Gene,SNAI2,,MONDO|NCBI|REACTOME,
Gene:6602,SMARCD1,Gene,SMARCD1,,MONDO|NCBI|REACTOME,
Gene:6615,SNAI1,Gene,SNAI1,,MONDO|NCBI|REACTOME,
Gene:6623,SNCG,Gene,SNCG,,MONDO|NCBI,
Gene:6653,SORL1,Gene,SORL1,,MONDO|NCBI|REACTOME,
Gene:6683,SPAST,Gene,SPAST,,MONDO|NCBI|REACTOME,
Gene:6709,SPTAN1,Gene,SPTAN1,,MONDO|NCBI|REACTOME,
Gene:6811,STX5,Gene,STX5,,MONDO|NCBI|REACTOME,
Gene:6834,SURF1,Gene,SURF1,,MONDO|NCBI|REACTOME,
Gene:6935,ZEB1,Gene,ZEB1,,MONDO|NCBI|REACTOME,
Gene:6944,VPS72,Gene,VPS72,,MONDO|NCBI|REACTOME,
Gene:7007,TECTA,Gene,TECTA,,MONDO|NCBI|REACTOME,
Gene:7020,TFAP2A,Gene,TFAP2A,,MONDO|NCBI|REACTOME,
Gene:7059,THBS3,Gene,THBS3,,MONDO|NCBI|REACTOME,
Gene:7087,ICAM5,Gene,ICAM5,,MONDO|NCBI|REACTOME,
Gene:7090,TLE3,Gene,TLE3,,MONDO|NCBI|REACTOME,
Gene:7092,TLL1,Gene,TLL1,,MONDO|NCBI|REACTOME,
Gene:7106,TSPAN4,Gene,TSPAN4,,MONDO|NCBI,
Gene:7145,TNS1,Gene,TNS1,,MONDO|NCBI,
Gene:7159,TP53BP2,Gene,TP53BP2,,MONDO|NCBI|REACTOME,
Gene:7179,TPTE,Gene,TPTE,,MONDO|NCBI|REACTOME,
Gene:7223,TRPC4,Gene,TRPC4,,MONDO|NCBI|REACTOME,
Gene:7267,TTC3,Gene,TTC3,,MONDO|NCBI,
Gene:7348,UPK1B,Gene,UPK1B,,MONDO|NCBI,
Gene:7355,SLC35A2,Gene,SLC35A2,,MONDO|NCBI|REACTOME,
Gene:7424,VEGFC,Gene,VEGFC,,MONDO|NCBI|REACTOME,
Gene:7468,NSD2,Gene,NSD2,,MONDO|NCBI|REACTOME,
Gene:7516,XRCC2,Gene,XRCC2,,MONDO|NCBI|REACTOME,
Gene:7517,XRCC3,Gene,XRCC3,,MONDO|NCBI|REACTOME,
Gene:7570,ZNF22,Gene,ZNF22,,MONDO|NCBI,
Gene:7627,ZNF75A,Gene,ZNF75A,,MONDO|NCBI|REACTOME,
Gene:7818,DAP3,Gene,DAP3,,MONDO|NCBI|REACTOME,
Gene:7913,DEK,Gene,DEK,,MONDO|NCBI|REACTOME,
Gene:7916,PRRC2A,Gene,PRRC2A,,MONDO|NCBI,
Gene:8021,NUP214,Gene,NUP214,,MONDO|NCBI|REACTOME,
Gene:8065,CUL5,Gene,CUL5,,MONDO|NCBI|REACTOME,
Gene:8076,MFAP5,Gene,MFAP5,,MONDO|NCBI|REACTOME,
Gene:8087,FXR1,Gene,FXR1,,MONDO|NCBI|REACTOME,
Gene:8291,DYSF,Gene,DYSF,,MONDO|NCBI|REACTOME,
Gene:8347,H2BC4,Gene,H2BC4,,MONDO|NCBI|REACTOME,
Gene:8359,H4C1,Gene,H4C1,,MONDO|NCBI|REACTOME,
Gene:8412,BCAR3,Gene,BCAR3,,MONDO|NCBI,
Gene:8493,PPM1D,Gene,PPM1D,,MONDO|NCBI|REACTOME,
Gene:8518,ELP1,Gene,ELP1,,MONDO|NCBI|REACTOME,
Gene:8563,THOC5,Gene,THOC5,,MONDO|NCBI|REACTOME,
Gene:8614,STC2,Gene,STC2,,MONDO|NCBI|REACTOME,
Gene:8636,SSNA1,Gene,SSNA1,,MONDO|NCBI|REACTOME,
Gene:8863,PER3,Gene,PER3,,MONDO|NCBI,
Gene:8864,PER2,Gene,PER2,,MONDO|NCBI|REACTOME,
Gene:8871,SYNJ2,Gene,SYNJ2,,MONDO|NCBI|REACTOME,
Gene:8886,DDX18,Gene,DDX18,,MONDO|NCBI,
Gene:8887,TAX1BP1,Gene,TAX1BP1,,MONDO|NCBI|REACTOME,
Gene:8894,EIF2S2,Gene,EIF2S2,,MONDO|NCBI|REACTOME,
Gene:8897,MTMR3,Gene,MTMR3,,MONDO|NCBI|REACTOME,
Gene:8907,AP1M1,Gene,AP1M1,,MONDO|NCBI|REACTOME,
Gene:8914,TIMELESS,Gene,TIMELESS,,MONDO|NCBI|REACTOME,
Gene:8924,HERC2,Gene,HERC2,,MONDO|NCBI|REACTOME,
Gene:8997,KALRN,Gene,KALRN,,MONDO|NCBI|REACTOME,
Gene:9048,ARTN,Gene,ARTN,,MONDO|NCBI|REACTOME,
Gene:9076,CLDN1,Gene,CLDN1,,MONDO|NCBI|REACTOME,
Gene:9118,INA,Gene,INA,,MONDO|NCBI,
Gene:9136,RRP9,Gene,RRP9,,MONDO|NCBI|REACTOME,
Gene:9185,REPS2,Gene,REPS2,,MONDO|NCBI|REACTOME,
Gene:9208,LRRFIP1,Gene,LRRFIP1,,MONDO|NCBI|REACTOME,
Gene:9260,PDLIM7,Gene,PDLIM7,,MONDO|NCBI|REACTOME,
Gene:9282,MED14,Gene,MED14,,MONDO|NCBI|REACTOME,
Gene:9381,OTOF,Gene,OTOF,,MONDO|NCBI|REACTOME,
Gene:9411,ARHGAP29,Gene,ARHGAP29,,MONDO|NCBI|REACTOME,
Gene:9462,RASAL2,Gene,RASAL2,,MONDO|NCBI|REACTOME,
Gene:9472,AKAP6,Gene,AKAP6,,MONDO|NCBI,
Gene:9473,THEMIS2,Gene,THEMIS2,,MONDO|NCBI,
Gene:9540,TP53I3,Gene,TP53I3,,MONDO|NCBI|REACTOME,
Gene:9576,SPAG6,Gene,SPAG6,,MONDO|NCBI,
Gene:9582,APOBEC3B,Gene,APOBEC3B,,MONDO|NCBI|REACTOME,
Gene:9590,AKAP12,Gene,AKAP12,,MONDO|NCBI|REACTOME,
Gene:9623,TCL1B,Gene,TCL1B,,MONDO|NCBI,
Gene:9647,PPM1F,Gene,PPM1F,,MONDO|NCBI|REACTOME,
Gene:9668,ZNF432,Gene,ZNF432,,MONDO|NCBI|REACTOME,
Gene:9726,ZNF646,Gene,ZNF646,,MONDO|NCBI,
Gene:9744,ACAP1,Gene,ACAP1,,MONDO|NCBI,
Gene:9754,STARD8,Gene,STARD8,,MONDO|NCBI|REACTOME,
Gene:9801,MRPL19,Gene,MRPL19,,MONDO|NCBI|REACTOME,
Gene:9811,CTIF,Gene,CTIF,,MONDO|NCBI,
Gene:9839,ZEB2,Gene,ZEB2,,MONDO|NCBI,
Gene:9877,ZC3H11A,Gene,ZC3H11A,,MONDO|NCBI|REACTOME,
Gene:9884,LRRC37A,Gene,LRRC37A,,MONDO|NCBI,
Gene:9908,G3BP2,Gene,G3BP2,,MONDO|NCBI,
Gene:9940,DLEC1,Gene,DLEC1,,MONDO|NCBI,
Gene:9986,RCE1,Gene,RCE1,,MONDO|NCBI|REACTOME,
Gene:10010,TANK,Gene,TANK,,MONDO|NCBI|REACTOME,
Gene:10045,SH2D3A,Gene,SH2D3A,,MONDO|NCBI,
Gene:10058,ABCB6,Gene,ABCB6,,MONDO|NCBI|REACTOME,
Gene:10139,ARFRP1,Gene,ARFRP1,,MONDO|NCBI|REACTOME,
Gene:10142,AKAP9,Gene,AKAP9,,MONDO|NCBI|REACTOME,
Gene:10160,FARP1,Gene,FARP1,,MONDO|NCBI|REACTOME,
Gene:10178,TENM1,Gene,TENM1,,MONDO|NCBI,
Gene:10236,HNRNPR,Gene,HNRNPR,,MONDO|NCBI|REACTOME,
Gene:10270,AKAP8,Gene,AKAP8,,MONDO|NCBI,
Gene:10276,NET1,Gene,NET1,,MONDO|NCBI|REACTOME,
Gene:10297,APC2,Gene,APC2,,MONDO|NCBI,
Gene:10318,TNIP1,Gene,TNIP1,,MONDO|NCBI|REACTOME,
Gene:10343,PKDREJ,Gene,PKDREJ,,MONDO|NCBI,
Gene:10480,EIF3M,Gene,EIF3M,,MONDO|NCBI|REACTOME,
Gene:10542,LAMTOR5,Gene,LAMTOR5,,MONDO|NCBI|REACTOME,
Gene:10564,ARFGEF2,Gene,ARFGEF2,,MONDO|NCBI|REACTOME,
Gene:10579,TACC2,Gene,TACC2,,MONDO|NCBI,
Gene:10580,SORBS1,Gene,SORBS1,,MONDO|NCBI|REACTOME,
Gene:10660,LBX1,Gene,LBX1,,MONDO|NCBI,
Gene:10712,FAM189B,Gene,FAM189B,,MONDO|NCBI,
Gene:10916,MAGED2,Gene,MAGED2,,MONDO|NCBI|REACTOME,
Gene:10940,POP1,Gene,POP1,,MONDO|NCBI|REACTOME,
Gene:11018,TMED1,Gene,TMED1,,MONDO|NCBI,
Gene:11041,B4GAT1,Gene,B4GAT1,,MONDO|NCBI|REACTOME,
Gene:11067,DEPP1,Gene,DEPP1,,MONDO|NCBI,
Gene:11118,BTN3A2,Gene,BTN3A2,,MONDO|NCBI|REACTOME,
Gene:11129,CLASRP,Gene,CLASRP,,MONDO|NCBI,
Gene:11179,ZNF277,Gene,ZNF277,,MONDO|NCBI,
Gene:11193,WBP4,Gene,WBP4,,MONDO|NCBI|REACTOME,
Gene:11227,GALNT5,Gene,GALNT5,,MONDO|NCBI|REACTOME,
Gene:11250,GPR45,Gene,GPR45,,MONDO|NCBI|REACTOME,
Gene:22795,NID2,Gene,NID2,,MONDO|NCBI|REACTOME,
Gene:22843,PPM1E,Gene,PPM1E,,MONDO|NCBI|REACTOME,
Gene:22844,FRMPD1,Gene,FRMPD1,,MONDO|NCBI,
Gene:22878,TRAPPC8,Gene,TRAPPC8,,MONDO|NCBI|REACTOME,
Gene:22891,ZNF365,Gene,ZNF365,,MONDO|NCBI,
Gene:22943,DKK1,Gene,DKK1,,MONDO|NCBI|REACTOME,
Gene:22948,CCT5,Gene,CCT5,,MONDO|NCBI|REACTOME,
Gene:22982,DIP2C,Gene,DIP2C,,MONDO|NCBI,
Gene:23008,KLHDC10,Gene,KLHDC10,,MONDO|NCBI,
Gene:23033,DOP1A,Gene,DOP1A,,MONDO|NCBI,
Gene:23054,NCOA6,Gene,NCOA6,,MONDO|NCBI|REACTOME,
Gene:23061,TBC1D9B,Gene,TBC1D9B,,MONDO|NCBI,
Gene:23101,MCF2L2,Gene,MCF2L2,,MONDO|NCBI,
Gene:23127,COLGALT2,Gene,COLGALT2,,MONDO|NCBI|REACTOME,
Gene:23136,EPB41L3,Gene,EPB41L3,,MONDO|NCBI|REACTOME,
Gene:23152,CIC,Gene,CIC,,MONDO|NCBI,
Gene:23163,GGA3,Gene,GGA3,,MONDO|NCBI|REACTOME,
Gene:23174,ZCCHC14,Gene,ZCCHC14,,MONDO|NCBI,
Gene:23179,RGL1,Gene,RGL1,,MONDO|NCBI|REACTOME,
Gene:23224,SYNE2,Gene,SYNE2,,MONDO|NCBI|REACTOME,
Gene:23345,SYNE1,Gene,SYNE1,,MONDO|NCBI|REACTOME,
Gene:23406,COTL1,Gene,COTL1,,MONDO|NCBI|REACTOME,
Gene:23456,ABCB10,Gene,ABCB10,,MONDO|NCBI|REACTOME,
Gene:23493,HEY2,Gene,HEY2,,MONDO|NCBI|REACTOME,
Gene:23499,MACF1,Gene,MACF1,,MONDO|NCBI,
Gene:23503,ZFYVE26,Gene,ZFYVE26,,MONDO|NCBI,
Gene:23522,KAT6B,Gene,KAT6B,,MONDO|NCBI|REACTOME,
Gene:23528,ZNF281,Gene,ZNF281,,MONDO|NCBI,
Gene:23650,TRIM29,Gene,TRIM29,,MONDO|NCBI|REACTOME,
Gene:23673,STX12,Gene,STX12,,MONDO|NCBI,
Gene:23705,CADM1,Gene,CADM1,,MONDO|NCBI|REACTOME,
Gene:24149,ZNF318,Gene,ZNF318,,MONDO|NCBI,
Gene:25836,NIPBL,Gene,NIPBL,,MONDO|NCBI|REACTOME,
Gene:26037,SIPA1L1,Gene,SIPA1L1,,MONDO|NCBI|REACTOME,
Gene:26038,CHD5,Gene,CHD5,,MONDO|NCBI,
Gene:26040,SETBP1,Gene,SETBP1,,MONDO|NCBI,
Gene:26060,APPL1,Gene,APPL1,,MONDO|NCBI|REACTOME,
Gene:26088,GGA1,Gene,GGA1,,MONDO|NCBI|REACTOME,
Gene:26092,TOR1AIP1,Gene,TOR1AIP1,,MONDO|NCBI|REACTOME,
Gene:26150,RIBC2,Gene,RIBC2,,MONDO|NCBI,
Gene:26269,FBXO8,Gene,FBXO8,,MONDO|NCBI,
Gene:26280,IL1RAPL2,Gene,IL1RAPL2,,MONDO|NCBI|REACTOME,
Gene:26286,ARFGAP3,Gene,ARFGAP3,,MONDO|NCBI|REACTOME,
Gene:26504,CNNM4,Gene,CNNM4,,MONDO|NCBI,
Gene:26508,HEYL,Gene,HEYL,,MONDO|NCBI|REACTOME,
Gene:26986,PABPC1,Gene,PABPC1,,MONDO|NCBI|REACTOME,
Gene:27098,CLUL1,Gene,CLUL1,,MONDO|NCBI,
Gene:27246,RNF115,Gene,RNF115,,MONDO|NCBI|REACTOME,
Gene:27255,CNTN6,Gene,CNTN6,,MONDO|NCBI|REACTOME,
Gene:27324,TOX3,Gene,TOX3,,MONDO|MONDO_grouped|NCBI,
Gene:27333,GOLIM4,Gene,GOLIM4,,MONDO|NCBI|REACTOME,
Gene:27340,UTP20,Gene,UTP20,,MONDO|NCBI|REACTOME,
Gene:28316,CDH20,Gene,CDH20,,MONDO|NCBI,
Gene:28514,DLL1,Gene,DLL1,,MONDO|NCBI|REACTOME,
Gene:28957,MRPS28,Gene,MRPS28,,MONDO|NCBI|REACTOME,
Gene:28998,MRPL13,Gene,MRPL13,,MONDO|NCBI|REACTOME,
Gene:29789,OLA1,Gene,OLA1,,MONDO|NCBI|REACTOME,
Gene:29942,PURG,Gene,PURG,,MONDO|NCBI,
Gene:30818,KCNIP3,Gene,KCNIP3,,MONDO|NCBI|REACTOME,
Gene:30849,PIK3R4,Gene,PIK3R4,,MONDO|NCBI|REACTOME,
Gene:50485,SMARCAL1,Gene,SMARCAL1,,MONDO|NCBI,
Gene:50649,ARHGEF4,Gene,ARHGEF4,,MONDO|NCBI|REACTOME,
Gene:50838,TAS2R13,Gene,TAS2R13,,MONDO|NCBI|REACTOME,
Gene:50943,FOXP3,Gene,FOXP3,,MONDO|NCBI|REACTOME,
Gene:51076,CUTC,Gene,CUTC,,MONDO|NCBI|REACTOME,
Gene:51081,MRPS7,Gene,MRPS7,,MONDO|NCBI|REACTOME,
Gene:51112,TRAPPC12,Gene,TRAPPC12,,MONDO|NCBI|REACTOME,
Gene:51129,ANGPTL4,Gene,ANGPTL4,,MONDO|NCBI|REACTOME,
Gene:51167,CYB5R4,Gene,CYB5R4,,MONDO|NCBI|REACTOME,
Gene:51182,HSPA14,Gene,HSPA14,,MONDO|NCBI|REACTOME,
Gene:51314,NME8,Gene,NME8,,MONDO|NCBI,
Gene:51350,KRT76,Gene,KRT76,,MONDO|NCBI|REACTOME,
Gene:51361,HOOK1,Gene,HOOK1,,MONDO|NCBI,
Gene:51433,ANAPC5,Gene,ANAPC5,,MONDO|NCBI|REACTOME,
Gene:51466,EVL,Gene,EVL,,MONDO|NCBI|REACTOME,
Gene:51533,PHF7,Gene,PHF7,,MONDO|NCBI,
Gene:51535,PPHLN1,Gene,PPHLN1,,MONDO|NCBI,
Gene:51649,MRPS23,Gene,MRPS23,,MONDO|NCBI|REACTOME,
Gene:51692,CPSF3,Gene,CPSF3,,MONDO|NCBI|REACTOME,
Gene:51741,WWOX,Gene,WWOX,,MONDO|NCBI|REACTOME,
Gene:51763,INPP5K,Gene,INPP5K,,MONDO|NCBI|REACTOME,
Gene:51804,SIX4,Gene,SIX4,,MONDO|NCBI,
Gene:54437,SEMA5B,Gene,SEMA5B,,MONDO|NCBI|REACTOME,
Gene:54475,NLE1,Gene,NLE1,,MONDO|NCBI,
Gene:54567,DLL4,Gene,DLL4,,MONDO|NCBI|REACTOME,
Gene:54848,ARHGEF38,Gene,ARHGEF38,,MONDO|NCBI|REACTOME,
Gene:54929,TMEM161A,Gene,TMEM161A,,MONDO|NCBI,
Gene:54995,OXSM,Gene,OXSM,,MONDO|NCBI,
Gene:55005,RMND1,Gene,RMND1,,MONDO|NCBI,
Gene:55110,MAGOHB,Gene,MAGOHB,,MONDO|NCBI|REACTOME,
Gene:55140,ELP3,Gene,ELP3,,MONDO|NCBI|REACTOME,
Gene:55146,ZDHHC4,Gene,ZDHHC4,,MONDO|NCBI,
Gene:55183,RIF1,Gene,RIF1,,MONDO|NCBI|REACTOME,
Gene:55197,RPRD1A,Gene,RPRD1A,,MONDO|NCBI|REACTOME,
Gene:55205,ZNF532,Gene,ZNF532,,MONDO|NCBI,
Gene:55245,UQCC1,Gene,UQCC1,,MONDO|NCBI,
Gene:55248,PACC1,Gene,PACC1,,MONDO|NCBI,
Gene:55254,TMEM39A,Gene,TMEM39A,,MONDO|NCBI,
Gene:55294,FBXW7,Gene,FBXW7,,MONDO|NCBI|REACTOME,
Gene:55342,STRBP,Gene,STRBP,,MONDO|NCBI,
Gene:55554,KLK15,Gene,KLK15,,MONDO|NCBI,
Gene:55613,MTMR8,Gene,MTMR8,,MONDO|NCBI|REACTOME,
Gene:55614,KIF16B,Gene,KIF16B,,MONDO|NCBI|REACTOME,
Gene:55728,N4BP2,Gene,N4BP2,,MONDO|NCBI,
Gene:55734,ZFP64,Gene,ZFP64,,MONDO|NCBI,
Gene:55746,NUP133,Gene,NUP133,,MONDO|NCBI|REACTOME,
Gene:55760,DHX32,Gene,DHX32,,MONDO|NCBI,
Gene:55809,TRERF1,Gene,TRERF1,,MONDO|NCBI,
Gene:55818,KDM3A,Gene,KDM3A,,MONDO|NCBI|REACTOME,
Gene:55876,GSDMB,Gene,GSDMB,,MONDO|NCBI,
Gene:55959,SULF2,Gene,SULF2,,MONDO|NCBI,
Gene:56100,PCDHGB6,Gene,PCDHGB6,,MONDO|NCBI,
Gene:56121,PCDHB15,Gene,PCDHB15,,MONDO|NCBI,
Gene:56180,MOSPD1,Gene,MOSPD1,,MONDO|NCBI,
Gene:56287,GKN1,Gene,GKN1,,MONDO|NCBI,
Gene:56666,PANX2,Gene,PANX2,,MONDO|NCBI|REACTOME,
Gene:56929,FEM1C,Gene,FEM1C,,MONDO|NCBI|REACTOME,
Gene:56942,CMC2,Gene,CMC2,,MONDO|NCBI|REACTOME,
Gene:56945,MRPS22,Gene,MRPS22,,MONDO|NCBI|REACTOME,
Gene:56946,EMSY,Gene,EMSY,,MONDO|NCBI,
Gene:57178,ZMIZ1,Gene,ZMIZ1,,MONDO|NCBI,
Gene:57192,MCOLN1,Gene,MCOLN1,,MONDO|NCBI|REACTOME,
Gene:57452,GALNT16,Gene,GALNT16,,MONDO|NCBI|REACTOME,
Gene:57535,KIAA1324,Gene,KIAA1324,,MONDO|NCBI,
Gene:57554,LRRC7,Gene,LRRC7,,MONDO|NCBI,
Gene:57561,ARRDC3,Gene,ARRDC3,,MONDO|NCBI,
Gene:57595,PDZD4,Gene,PDZD4,,MONDO|NCBI,
Gene:57643,ZSWIM5,Gene,ZSWIM5,,MONDO|NCBI,
Gene:57692,MAGEE1,Gene,MAGEE1,,MONDO|NCBI,
Gene:57724,EPG5,Gene,EPG5,,MONDO|NCBI,
Gene:58189,WFDC1,Gene,WFDC1,,MONDO|NCBI,
Gene:58505,OSTC,Gene,OSTC,,MONDO|NCBI,
Gene:59352,LGR6,Gene,LGR6,,MONDO|NCBI|REACTOME,
Gene:60626,RIC8A,Gene,RIC8A,,MONDO|NCBI,
Gene:63035,BCORL1,Gene,BCORL1,,MONDO|NCBI,
Gene:63926,ANKEF1,Gene,ANKEF1,,MONDO|NCBI,
Gene:63939,FAM217B,Gene,FAM217B,,MONDO|NCBI,
Gene:63943,FKBPL,Gene,FKBPL,,MONDO|NCBI|REACTOME,
Gene:63967,CLSPN,Gene,CLSPN,,MONDO|NCBI|REACTOME,
Gene:64411,ARAP3,Gene,ARAP3,,MONDO|NCBI|REACTOME,
Gene:64755,C16orf58,Gene,C16ORF58,,MONDO|NCBI,
Gene:64778,FNDC3B,Gene,FNDC3B,,MONDO|NCBI,
Gene:64780,MICAL1,Gene,MICAL1,,MONDO|NCBI|REACTOME,
Gene:64881,PCDH20,Gene,PCDH20,,MONDO|NCBI,
Gene:65005,MRPL9,Gene,MRPL9,,MONDO|NCBI|REACTOME,
Gene:65059,RAPH1,Gene,RAPH1,,MONDO|NCBI,
Gene:65125,WNK1,Gene,WNK1,,MONDO|NCBI|REACTOME,
Gene:79072,FASTKD3,Gene,FASTKD3,,MONDO|NCBI,
Gene:79659,DYNC2H1,Gene,DYNC2H1,,MONDO|NCBI|REACTOME,
Gene:79677,SMC6,Gene,SMC6,,MONDO|NCBI|REACTOME,
Gene:79694,MANEA,Gene,MANEA,,MONDO|NCBI|REACTOME,
Gene:79723,SUV39H2,Gene,SUV39H2,,MONDO|NCBI|REACTOME,
Gene:79759,ZNF668,Gene,ZNF668,,MONDO|NCBI|REACTOME,
Gene:79770,TXNDC15,Gene,TXNDC15,,MONDO|NCBI,
Gene:79813,EHMT1,Gene,EHMT1,,MONDO|NCBI|REACTOME,
Gene:79836,LONRF3,Gene,LONRF3,,MONDO|NCBI,
Gene:79842,ZBTB3,Gene,ZBTB3,,MONDO|NCBI,
Gene:80018,NAA25,Gene,NAA25,,MONDO|NCBI,
Gene:80230,RUFY1,Gene,RUFY1,,MONDO|NCBI|REACTOME,
Gene:80304,WDCP,Gene,WDCP,,MONDO|NCBI,
Gene:80306,MED28,Gene,MED28,,MONDO|NCBI|REACTOME,
Gene:80324,PUS1,Gene,PUS1,,MONDO|NCBI|REACTOME,
Gene:80332,ADAM33,Gene,ADAM33,,MONDO|NCBI,
Gene:80774,LIMD2,Gene,LIMD2,,MONDO|NCBI,
Gene:80818,ZNF436,Gene,ZNF436,,MONDO|NCBI|REACTOME,
Gene:80863,PRRT1,Gene,PRRT1,,MONDO|NCBI,
Gene:81494,CFHR5,Gene,CFHR5,,MONDO|NCBI|REACTOME,
Gene:81628,TSC22D4,Gene,TSC22D4,,MONDO|NCBI,
Gene:81797,OR12D3,Gene,OR12D3,,MONDO|NCBI|REACTOME,
Gene:83416,FCRL5,Gene,FCRL5,,MONDO|NCBI,
Gene:83439,TCF7L1,Gene,TCF7L1,,MONDO|NCBI|REACTOME,
Gene:83479,DDX59,Gene,DDX59,,MONDO|NCBI,
Gene:83548,COG3,Gene,COG3,,MONDO|NCBI|REACTOME,
Gene:83729,INHBE,Gene,INHBE,,MONDO|NCBI|REACTOME,
Gene:83734,ATG10,Gene,ATG10,,MONDO|NCBI|REACTOME,
Gene:83741,TFAP2D,Gene,TFAP2D,,MONDO|NCBI|REACTOME,
Gene:83990,BRIP1,Gene,BRIP1,,MONDO|NCBI|REACTOME,
Gene:84033,OBSCN,Gene,OBSCN,,MONDO|NCBI|REACTOME,
Gene:84075,FSCB,Gene,FSCB,,MONDO|NCBI,
Gene:84142,ABRAXAS1,Gene,ABRAXAS1,,MONDO|NCBI|REACTOME,
Gene:84146,ZNF644,Gene,ZNF644,,MONDO|NCBI,
Gene:84166,NLRC5,Gene,NLRC5,,MONDO|NCBI|REACTOME,
Gene:84215,ZNF541,Gene,ZNF541,,MONDO|NCBI,
Gene:84258,SYT3,Gene,SYT3,,MONDO|NCBI,
Gene:84273,NOA1,Gene,NOA1,,MONDO|NCBI,
Gene:84376,HOOK3,Gene,HOOK3,,MONDO|NCBI,
Gene:84445,LZTS2,Gene,LZTS2,,MONDO|NCBI,
Gene:84456,L3MBTL3,Gene,L3MBTL3,,MONDO|NCBI,
Gene:84541,KBTBD8,Gene,KBTBD8,,MONDO|NCBI|REACTOME,
Gene:84725,PLEKHA8,Gene,PLEKHA8,,MONDO|NCBI|REACTOME,
Gene:84804,MFSD9,Gene,MFSD9,,MONDO|NCBI,
Gene:84866,TMEM25,Gene,TMEM25,,MONDO|NCBI,
Gene:84899,TMTC4,Gene,TMTC4,,MONDO|NCBI,
Gene:85236,H2BC12,Gene,H2BC12,,MONDO|NCBI|REACTOME,
Gene:85377,MICALL1,Gene,MICALL1,,MONDO|NCBI,
Gene:90353,CTU1,Gene,CTU1,,MONDO|NCBI|REACTOME,
Gene:90529,STPG1,Gene,STPG1,,MONDO|NCBI,
Gene:90853,SPOCD1,Gene,SPOCD1,,MONDO|NCBI,
Gene:91074,ANKRD30A,Gene,ANKRD30A,,MONDO|NCBI,
Gene:91179,SCARF2,Gene,SCARF2,,MONDO|NCBI,
Gene:91289,LMF2,Gene,LMF2,,MONDO|NCBI|REACTOME,
Gene:91433,RCCD1,Gene,RCCD1,,MONDO|NCBI,
Gene:91608,RASL10B,Gene,RASL10B,,MONDO|NCBI,
Gene:91653,BOC,Gene,BOC,,MONDO|NCBI|REACTOME,
Gene:91801,ALKBH8,Gene,ALKBH8,,MONDO|NCBI|REACTOME,
Gene:92014,SLC25A51,Gene,SLC25A51,,MONDO|NCBI,
Gene:92140,MTDH,Gene,MTDH,,MONDO|NCBI,
Gene:92270,ATP6AP1L,Gene,ATP6AP1L,,MONDO|NCBI,
Gene:93587,TRMT10A,Gene,TRMT10A,,MONDO|NCBI|REACTOME,
Gene:94005,PIGS,Gene,PIGS,,MONDO|NCBI|REACTOME,
Gene:94234,FOXQ1,Gene,FOXQ1,,MONDO|NCBI,
Gene:113179,ADAT3,Gene,ADAT3,,MONDO|NCBI|REACTOME,
Gene:113510,HELQ,Gene,HELQ,,MONDO|NCBI,
Gene:113828,FAM83F,Gene,FAM83F,,MONDO|NCBI,
Gene:114571,SLC22A9,Gene,SLC22A9,,MONDO|NCBI,
Gene:114815,SORCS1,Gene,SORCS1,,MONDO|NCBI,
Gene:114885,OSBPL11,Gene,OSBPL11,,MONDO|NCBI|REACTOME,
Gene:115352,FCRL3,Gene,FCRL3,,MONDO|NCBI,
Gene:116135,LRRC3B,Gene,LRRC3B,,MONDO|NCBI,
Gene:116986,AGAP2,Gene,AGAP2,,MONDO|NCBI|REACTOME,
Gene:117156,SCGB3A2,Gene,SCGB3A2,,MONDO|NCBI|REACTOME,
Gene:120526,DNAJC24,Gene,DNAJC24,,MONDO|NCBI|REACTOME,
Gene:124989,EFCAB13,Gene,EFCAB13,,MONDO|NCBI,
Gene:125228,FAM210A,Gene,FAM210A,,MONDO|NCBI,
Gene:126205,NLRP8,Gene,NLRP8,,MONDO|NCBI,
Gene:126248,WDR88,Gene,WDR88,,MONDO|NCBI,
Gene:127707,KLHDC7A,Gene,KLHDC7A,,MONDO|NCBI,
Gene:127795,C1orf87,Gene,C1ORF87,,MONDO|NCBI,
Gene:128218,TMEM125,Gene,TMEM125,,MONDO|NCBI,
Gene:130540,FLACC1,Gene,FLACC1,,MONDO|NCBI,
Gene:130872,AHSA2P,Gene,AHSA2P,,MONDO|NCBI,
Gene:131408,FAM131A,Gene,FAM131A,,MONDO|NCBI,
Gene:131965,METTL6,Gene,METTL6,,MONDO|NCBI,
Gene:132112,RTP1,Gene,RTP1,,MONDO|NCBI|REACTOME,
Gene:134218,DNAJC21,Gene,DNAJC21,,MONDO|NCBI,
Gene:134510,UBLCP1,Gene,UBLCP1,,MONDO|NCBI,
Gene:135228,CD109,Gene,CD109,,MONDO|NCBI|REACTOME,
Gene:136647,MPLKIP,Gene,MPLKIP,,MONDO|NCBI,
Gene:138046,RALYL,Gene,RALYL,,MONDO|NCBI,
Gene:138883,OR1N1,Gene,OR1N1,,MONDO|NCBI|REACTOME,
Gene:145447,ABHD12B,Gene,ABHD12B,,MONDO|NCBI,
Gene:146862,UNC45B,Gene,UNC45B,,MONDO|NCBI,
Gene:147463,ANKRD29,Gene,ANKRD29,,MONDO|NCBI,
Gene:148022,TICAM1,Gene,TICAM1,,MONDO|NCBI|REACTOME,
Gene:148266,ZNF569,Gene,ZNF569,,MONDO|NCBI|REACTOME,
Gene:148789,B3GALNT2,Gene,B3GALNT2,,MONDO|NCBI|REACTOME,
Gene:149563,SRARP,Gene,SRARP,,MONDO|NCBI,
Gene:150483,TEKT4,Gene,TEKT4,,MONDO|NCBI,
Gene:151636,DTX3L,Gene,DTX3L,,MONDO|NCBI|REACTOME,
Gene:151647,TAFA4,Gene,TAFA4,,MONDO|NCBI,
Gene:152273,FGD5,Gene,FGD5,,MONDO|NCBI|REACTOME,
Gene:157680,VPS13B,Gene,VPS13B,,MONDO|NCBI,
Gene:158056,MAMDC4,Gene,MAMDC4,,MONDO|NCBI,
Gene:159195,USP54,Gene,USP54,,MONDO|NCBI,
Gene:160897,GPR180,Gene,GPR180,,MONDO|NCBI,
Gene:161424,NOP9,Gene,NOP9,,MONDO|NCBI,
Gene:164656,TMPRSS6,Gene,TMPRSS6,,MONDO|NCBI|REACTOME,
Gene:164781,DAW1,Gene,DAW1,,MONDO|NCBI,
Gene:165904,XIRP1,Gene,XIRP1,,MONDO|NCBI,
Gene:167465,ZNF366,Gene,ZNF366,,MONDO|NCBI,
Gene:170575,GIMAP1,Gene,GIMAP1,,MONDO|NCBI,
Gene:171019,ADAMTS19,Gene,ADAMTS19,,MONDO|NCBI|REACTOME,
Gene:196403,DTX3,Gene,DTX3,,MONDO|NCBI,
Gene:200035,NUDT17,Gene,NUDT17,,MONDO|NCBI,
Gene:200315,APOBEC3A,Gene,APOBEC3A,,MONDO|NCBI|REACTOME,
Gene:203328,SUSD3,Gene,SUSD3,,MONDO|NCBI,
Gene:219749,ZNF25,Gene,ZNF25,,MONDO|NCBI|REACTOME,
Gene:220929,ZNF438,Gene,ZNF438,,MONDO|NCBI,
Gene:221078,NSUN6,Gene,NSUN6,,MONDO|NCBI|REACTOME,
Gene:221458,KIF6,Gene,KIF6,,MONDO|NCBI|REACTOME,
Gene:221687,RNF182,Gene,RNF182,,MONDO|NCBI|REACTOME,
Gene:221749,PXDC1,Gene,PXDC1,,MONDO|NCBI,
Gene:221914,GPC2,Gene,GPC2,,MONDO|NCBI|REACTOME,
Gene:222389,BEND7,Gene,BEND7,,MONDO|NCBI,
Gene:252983,STXBP4,Gene,STXBP4,,MONDO|NCBI,
Gene:253012,HEPACAM2,Gene,HEPACAM2,,MONDO|NCBI,
Gene:254122,SNX32,Gene,SNX32,,MONDO|NCBI,
Gene:256714,MAP7D2,Gene,MAP7D2,,MONDO|NCBI,
Gene:256957,HEATR9,Gene,HEATR9,,MONDO|NCBI,
Gene:257044,CATSPERE,Gene,CATSPERE,,MONDO|NCBI,
Gene:259282,BOD1L1,Gene,BOD1L1,,MONDO|NCBI,
Gene:267004,PGBD3,Gene,PGBD3,,MONDO|NCBI,
Gene:282973,JAKMIP3,Gene,JAKMIP3,,MONDO|NCBI,
Gene:283120,H19,Gene,H19,,MONDO|NCBI,
Gene:283310,OTOGL,Gene,OTOGL,,MONDO|NCBI,
Gene:283849,EXOC3L1,Gene,EXOC3L1,,MONDO|NCBI,
Gene:284119,CAVIN1,Gene,CAVIN1,,MONDO|NCBI|REACTOME,
Gene:284615,ANKRD34A,Gene,ANKRD34A,,MONDO|NCBI,
Gene:284996,RNF149,Gene,RNF149,,MONDO|NCBI,
Gene:286053,NSMCE2,Gene,NSMCE2,,MONDO|NCBI|REACTOME,
Gene:317772,H2AC21,Gene,H2AC21,,MONDO|NCBI|REACTOME,
Gene:337975,KRTAP20-1,Gene,KRTAP20-1,,MONDO|NCBI|REACTOME,
Gene:337977,KRTAP21-1,Gene,KRTAP21-1,,MONDO|NCBI|REACTOME,
Gene:338321,NLRP9,Gene,NLRP9,,MONDO|NCBI,
Gene:338323,NLRP14,Gene,NLRP14,,MONDO|NCBI,
Gene:339327,ZNF546,Gene,ZNF546,,MONDO|NCBI|REACTOME,
Gene:339976,TRIML1,Gene,TRIML1,,MONDO|NCBI,
Gene:340205,TREML1,Gene,TREML1,,MONDO|NCBI|REACTOME,
Gene:342908,ZNF404,Gene,ZNF404,,MONDO|NCBI,
Gene:343450,KCNT2,Gene,KCNT2,,MONDO|NCBI,
Gene:348180,CTU2,Gene,CTU2,,MONDO|NCBI|REACTOME,
Gene:348654,GEN1,Gene,GEN1,,MONDO|NCBI|REACTOME,
Gene:348793,WDR53,Gene,WDR53,,MONDO|NCBI,
Gene:374955,SPATA21,Gene,SPATA21,,MONDO|MONDO_grouped|NCBI,
Gene:374977,MROH7,Gene,MROH7,,MONDO|NCBI,
Gene:375444,C5orf34,Gene,C5ORF34,,MONDO|NCBI,
Gene:378938,MALAT1,Gene,MALAT1,,MONDO|MONDO_grouped|NCBI,
Gene:386681,KRTAP10-8,Gene,KRTAP10-8,,MONDO|NCBI|REACTOME,
Gene:387119,CEP85L,Gene,CEP85L,,MONDO|NCBI,
Gene:388387,LINC00671,Gene,LINC00671,,MONDO|NCBI,
Gene:389197,C4orf50,Gene,C4ORF50,,MONDO|NCBI,
Gene:389400,GFRAL,Gene,GFRAL,,MONDO|NCBI,
Gene:400224,PLEKHD1,Gene,PLEKHD1,,MONDO|NCBI,
Gene:400500,BCAR4,Gene,BCAR4,,MONDO|NCBI,
Gene:404281,YY2,Gene,YY2,,MONDO|NCBI,
Gene:406894,MIR101-2,Gene,MIR101-2,,MONDO|NCBI,
Gene:406903,MIR10B,Gene,MIR10B,,MONDO|NCBI,
Gene:406913,MIR126,Gene,MIR126,,MONDO|NCBI,
Gene:406921,MIR132,Gene,MIR132,,MONDO|NCBI,
Gene:406933,MIR141,Gene,MIR141,,MONDO|NCBI,
Gene:406937,MIR145,Gene,MIR145,,MONDO|NCBI,
Gene:406943,MIR152,Gene,MIR152,,MONDO|NCBI,
Gene:406984,MIR200B,Gene,MIR200B,,MONDO|NCBI,
Gene:406985,MIR200C,Gene,MIR200C,,MONDO|NCBI,
Gene:406988,MIR205,Gene,MIR205,,MONDO|NCBI,
Gene:406996,MIR214,Gene,MIR214,,MONDO|NCBI,
Gene:407006,MIR221,Gene,MIR221,,MONDO|NCBI,
Gene:407013,MIR24-2,Gene,MIR24-2,,MONDO|NCBI,
Gene:407021,MIR29A,Gene,MIR29A,,MONDO|MONDO_grouped|NCBI,
Gene:407027,MIR301A,Gene,MIR301A,,MONDO|NCBI,
Gene:442909,MIR342,Gene,MIR342,,MONDO|NCBI,
Gene:442910,MIR345,Gene,MIR345,,MONDO|NCBI,
Gene:474170,LRRC37A2,Gene,LRRC37A2,,MONDO|NCBI,
Gene:554202,MIR31HG,Gene,MIR31HG,,MONDO|NCBI,
Gene:554210,MIR429,Gene,MIR429,,MONDO|NCBI,
Gene:574442,MIR489,Gene,MIR489,,MONDO|NCBI,
Gene:644246,KANSL1-AS1,Gene,KANSL1-AS1,,MONDO|NCBI,
Gene:645249,MNX1-AS1,Gene,MNX1-AS1,,MONDO|NCBI,
Gene:647979,NORAD,Gene,NORAD,,MONDO|NCBI,
Gene:100128252,ZNF667-AS1,Gene,ZNF667-AS1,,MONDO|NCBI,
Gene:100506658,OCLN,Gene,OCLN,,MONDO|NCBI|REACTOME,
Gene:310,ANXA7,Gene,ANXA7,,MONDO|MONDO_grouped|NCBI,
Gene:1124,CHN2,Gene,CHN2,,MONDO|MONDO_grouped|NCBI|REACTOME,
Gene:1149,CIDEA,Gene,CIDEA,,MONDO|MONDO_grouped|NCBI|REACTOME,
Gene:1375,CPT1B,Gene,CPT1B,,MONDO|MONDO_grouped|NCBI|REACTOME,
Gene:3054,HCFC1,Gene,HCFC1,,MONDO|MONDO_grouped|NCBI|REACTOME,
Gene:3592,IL12A,Gene,IL12A,,MONDO|MONDO_grouped|NCBI|REACTOME,
Gene:5357,PLS1,Gene,PLS1,,MONDO|MONDO_grouped|NCBI|REACTOME,
Gene:5800,PTPRO,Gene,PTPRO,,MONDO|MONDO_grouped|NCBI|REACTOME,
Gene:6496,SIX3,Gene,SIX3,,MONDO|MONDO_grouped|NCBI,
Gene:7204,TRIO,Gene,TRIO,,MONDO|MONDO_grouped|NCBI|REACTOME,
Gene:7507,XPA,Gene,XPA,,MONDO|MONDO_grouped|NCBI|REACTOME,
Gene:8100,IFT88,Gene,IFT88,,MONDO|MONDO_grouped|NCBI|REACTOME,
Gene:8916,HERC3,Gene,HERC3,,MONDO|MONDO_grouped|NCBI|REACTOME,
Gene:9215,LARGE1,Gene,LARGE1,,MONDO|MONDO_grouped|NCBI|REACTOME,
Gene:9317,PTER,Gene,PTER,,MONDO|MONDO_grouped|NCBI,
Gene:10669,CGREF1,Gene,CGREF1,,MONDO|MONDO_grouped|NCBI,
Gene:10897,YIF1A,Gene,YIF1A,,MONDO|MONDO_grouped|NCBI|REACTOME,
Gene:22996,TTC39A,Gene,TTC39A,,MONDO|MONDO_grouped|NCBI,
Gene:23302,WSCD1,Gene,WSCD1,,MONDO|MONDO_grouped|NCBI,
Gene:23386,NUDCD3,Gene,NUDCD3,,MONDO|MONDO_grouped|NCBI,
Gene:23404,EXOSC2,Gene,EXOSC2,,MONDO|MONDO_grouped|NCBI|REACTOME,
Gene:23593,HEBP2,Gene,HEBP2,,MONDO|MONDO_grouped|NCBI|REACTOME,
Gene:29887,SNX10,Gene,SNX10,,MONDO|MONDO_grouped|NCBI,
Gene:51491,NOP16,Gene,NOP16,,MONDO|MONDO_grouped|NCBI,
Gene:57628,DPP10,Gene,DPP10,,MONDO|MONDO_grouped|NCBI,
Gene:64084,CLSTN2,Gene,CLSTN2,,MONDO|MONDO_grouped|NCBI,
Gene:79039,DDX54,Gene,DDX54,,MONDO|MONDO_grouped|NCBI,
Gene:79879,CCDC134,Gene,CCDC134,,MONDO|MONDO_grouped|NCBI,
Gene:81572,PDRG1,Gene,PDRG1,,MONDO|MONDO_grouped|NCBI,
Gene:84263,HSDL2,Gene,HSDL2,,MONDO|MONDO_grouped|NCBI,
Gene:116966,WDR17,Gene,WDR17,,MONDO|MONDO_grouped|NCBI,
Gene:121256,TMEM132D,Gene,TMEM132D,,MONDO|MONDO_grouped|NCBI,
Gene:121551,BTBD11,Gene,BTBD11,,MONDO|MONDO_grouped|NCBI,
Gene:128439,SNHG11,Gene,SNHG11,,MONDO|MONDO_grouped|NCBI,
Gene:140733,MACROD2,Gene,MACROD2,,MONDO|MONDO_grouped|NCBI,
Gene:153129,SLC38A9,Gene,SLC38A9,,MONDO|MONDO_grouped|NCBI|REACTOME,
Gene:158038,LINGO2,Gene,LINGO2,,MONDO|MONDO_grouped|NCBI,
Gene:164395,TTLL9,Gene,TTLL9,,MONDO|MONDO_grouped|NCBI|REACTOME,
Gene:166336,PRICKLE2,Gene,PRICKLE2,,MONDO|MONDO_grouped|NCBI,
Gene:168002,DACT2,Gene,DACT2,,MONDO|MONDO_grouped|NCBI,
Gene:170691,ADAMTS17,Gene,ADAMTS17,,MONDO|MONDO_grouped|NCBI|REACTOME,
Gene:192286,HIGD2A,Gene,HIGD2A,,MONDO|MONDO_grouped|NCBI,
Gene:201163,FLCN,Gene,FLCN,,MONDO|MONDO_grouped|NCBI|REACTOME,
Gene:246329,STAC3,Gene,STAC3,,MONDO|MONDO_grouped|NCBI,
Gene:283927,NUDT7,Gene,NUDT7,,MONDO|MONDO_grouped|NCBI|REACTOME,
Gene:342945,ZSCAN22,Gene,ZSCAN22,,MONDO|MONDO_grouped|NCBI,
Gene:641371,ACOT1,Gene,ACOT1,,MONDO|MONDO_grouped|NCBI|REACTOME,
Gene:728655,HULC,Gene,HULC,,MONDO|MONDO_grouped|NCBI,
Disease:24331,colorectal carcinoma,Disease,colorectal carcinoma,,MONDO|NCBI,
Disease:5335,colorectal neoplasm,Disease,colorectal neoplasm,,MONDO|NCBI,
Gene:105,ADARB2,Gene,ADARB2,,MONDO|NCBI,
Gene:114,ADCY8,Gene,ADCY8,,MONDO|NCBI|REACTOME,
Gene:225,ABCD2,Gene,ABCD2,,MONDO|NCBI|REACTOME,
Gene:405,ARNT,Gene,ARNT,,MONDO|NCBI|REACTOME,
Gene:654,BMP6,Gene,BMP6,,MONDO|NCBI,
Gene:668,FOXL2,Gene,FOXL2,,MONDO|NCBI|REACTOME,
Gene:827,CAPN6,Gene,CAPN6,,MONDO|NCBI|REACTOME,
Gene:862,RUNX1T1,Gene,RUNX1T1,,MONDO|NCBI,
Gene:863,CBFA2T3,Gene,CBFA2T3,,MONDO|NCBI,
Gene:1005,CDH7,Gene,CDH7,,MONDO|NCBI|REACTOME,
Gene:1272,CNTN1,Gene,CNTN1,,MONDO|NCBI|REACTOME,
Gene:1288,COL4A6,Gene,COL4A6,,MONDO|NCBI|REACTOME,
Gene:1434,CSE1L,Gene,CSE1L,,MONDO|NCBI,
Gene:1620,BRINP1,Gene,BRINP1,,MONDO|NCBI,
Gene:1669,DEFA4,Gene,DEFA4,,MONDO|NCBI|REACTOME,
Gene:1769,DNAH8,Gene,DNAH8,,MONDO|NCBI,
Gene:1896,EDA,Gene,EDA,,MONDO|NCBI|REACTOME,
Gene:1981,EIF4G1,Gene,EIF4G1,,MONDO|NCBI|REACTOME,
Gene:2070,EYA4,Gene,EYA4,,MONDO|NCBI|REACTOME,
Gene:2189,FANCG,Gene,FANCG,,MONDO|NCBI|REACTOME,
Gene:2195,FAT1,Gene,FAT1,,MONDO|NCBI,
Gene:2199,FBLN2,Gene,FBLN2,,MONDO|NCBI|REACTOME,
Gene:2219,FCN1,Gene,FCN1,,MONDO|NCBI|REACTOME,
Gene:2275,FHL3,Gene,FHL3,,MONDO|NCBI,
Gene:2318,FLNC,Gene,FLNC,,MONDO|NCBI|REACTOME,
Gene:2553,GABPB1,Gene,GABPB1,,MONDO|NCBI|REACTOME,
Gene:2626,GATA4,Gene,GATA4,,MONDO|NCBI|REACTOME,
Gene:2737,GLI3,Gene,GLI3,,MONDO|NCBI|REACTOME,
Gene:2832,NPBWR2,Gene,NPBWR2,,MONDO|NCBI|REACTOME,
Gene:2895,GRID2,Gene,GRID2,,MONDO|NCBI,
Gene:2959,GTF2B,Gene,GTF2B,,MONDO|NCBI|REACTOME,
Gene:2972,BRF1,Gene,BRF1,,MONDO|NCBI|REACTOME,
Gene:3225,HOXC9,Gene,HOXC9,,MONDO|NCBI,
Gene:3231,HOXD1,Gene,HOXD1,,MONDO|NCBI|REACTOME,
Gene:3652,IPP,Gene,IPP,,MONDO|NCBI,
Gene:3671,ISLR,Gene,ISLR,,MONDO|NCBI|REACTOME,
Gene:3914,LAMB3,Gene,LAMB3,,MONDO|NCBI|REACTOME,
Gene:4008,LMO7,Gene,LMO7,,MONDO|NCBI|REACTOME,
Gene:4088,SMAD3,Gene,SMAD3,,MONDO|NCBI|REACTOME,
Gene:4089,SMAD4,Gene,SMAD4,,MONDO|NCBI|REACTOME,
Gene:4092,SMAD7,Gene,SMAD7,,MONDO|NCBI|REACTOME,
Gene:4093,SMAD9,Gene,SMAD9,,MONDO|NCBI|REACTOME,
Gene:4094,MAF,Gene,MAF,,MONDO|NCBI|REACTOME,
Gene:4131,MAP1B,Gene,MAP1B,,MONDO|NCBI,
Gene:4163,MCC,Gene,MCC,,MONDO|NCBI,
Gene:4179,CD46,Gene,CD46,,MONDO|NCBI|REACTOME,
Gene:4430,MYO1B,Gene,MYO1B,,MONDO|NCBI,
Gene:4436,MSH2,Gene,MSH2,,MONDO|NCBI|REACTOME,
Gene:4745,NELL1,Gene,NELL1,,MONDO|NCBI,
Gene:4838,NODAL,Gene,NODAL,,MONDO|NCBI|REACTOME,
Gene:4893,NRAS,Gene,NRAS,,MONDO|NCBI|REACTOME,
Gene:4913,NTHL1,Gene,NTHL1,,MONDO|NCBI|REACTOME,
Gene:5007,OSBP,Gene,OSBP,,MONDO|NCBI|REACTOME,
Gene:5016,OVGP1,Gene,OVGP1,,MONDO|NCBI|REACTOME,
Gene:5027,P2RX7,Gene,P2RX7,,MONDO|NCBI|REACTOME,
Gene:5178,PEG3,Gene,PEG3,,MONDO|NCBI,
Gene:5314,PKHD1,Gene,PKHD1,,MONDO|NCBI,
Gene:5316,PKNOX1,Gene,PKNOX1,,MONDO|NCBI|REACTOME,
Gene:5373,PMM2,Gene,PMM2,,MONDO|NCBI|REACTOME,
Gene:5424,POLD1,Gene,POLD1,,MONDO|NCBI|REACTOME,
Gene:5498,PPOX,Gene,PPOX,,MONDO|NCBI|REACTOME,
Gene:5705,PSMC5,Gene,PSMC5,,MONDO|NCBI|REACTOME,
Gene:5799,PTPRN2,Gene,PTPRN2,,MONDO|NCBI|REACTOME,
Gene:5825,ABCD3,Gene,ABCD3,,MONDO|NCBI|REACTOME,
Gene:5826,ABCD4,Gene,ABCD4,,MONDO|NCBI|REACTOME,
Gene:5878,RAB5C,Gene,RAB5C,,MONDO|NCBI|REACTOME,
Gene:5900,RALGDS,Gene,RALGDS,,MONDO|NCBI|REACTOME,
Gene:5954,RCN1,Gene,RCN1,,MONDO|NCBI|REACTOME,
Gene:6059,ABCE1,Gene,ABCE1,,MONDO|NCBI|REACTOME,
Gene:6128,RPL6,Gene,RPL6,,MONDO|NCBI|REACTOME,
Gene:6198,RPS6KB1,Gene,RPS6KB1,,MONDO|NCBI|REACTOME,
Gene:6431,SRSF6,Gene,SRSF6,,MONDO|NCBI|REACTOME,
Gene:6447,SCG5,Gene,SCG5,,MONDO|NCBI,
Gene:6525,SMTN,Gene,SMTN,,MONDO|NCBI,
Gene:6629,SNRPB2,Gene,SNRPB2,,MONDO|NCBI|REACTOME,
Gene:6792,CDKL5,Gene,CDKL5,,MONDO|NCBI,
Gene:6929,TCF3,Gene,TCF3,,MONDO|NCBI|REACTOME,
Gene:6949,TCOF1,Gene,TCOF1,,MONDO|NCBI,
Gene:7074,TIAM1,Gene,TIAM1,,MONDO|NCBI|REACTOME,
Gene:7479,WNT8B,Gene,WNT8B,,MONDO|NCBI|REACTOME,
Gene:7486,WRN,Gene,WRN,,MONDO|NCBI|REACTOME,
Gene:7594,ZNF43,Gene,ZNF43,,MONDO|NCBI|REACTOME,
Gene:7681,MKRN3,Gene,MKRN3,,MONDO|NCBI,
Gene:7711,ZNF155,Gene,ZNF155,,MONDO|NCBI|REACTOME,
Gene:7764,ZNF217,Gene,ZNF217,,MONDO|NCBI|REACTOME,
Gene:7775,ZNF232,Gene,ZNF232,,MONDO|NCBI,
Gene:7802,DNALI1,Gene,DNALI1,,MONDO|NCBI,
Gene:7849,PAX8,Gene,PAX8,,MONDO|NCBI,
Gene:7903,ST8SIA4,Gene,ST8SIA4,,MONDO|NCBI|REACTOME,
Gene:8027,STAM,Gene,STAM,,MONDO|NCBI|REACTOME,
Gene:8079,MLF2,Gene,MLF2,,MONDO|NCBI,
Gene:8125,ANP32A,Gene,ANP32A,,MONDO|NCBI|REACTOME,
Gene:8241,RBM10,Gene,RBM10,,MONDO|NCBI,
Gene:8322,FZD4,Gene,FZD4,,MONDO|NCBI|REACTOME,
Gene:8328,GFI1B,Gene,GFI1B,,MONDO|NCBI,
Gene:8342,H2BC14,Gene,H2BC14,,MONDO|NCBI|REACTOME,
Gene:8388,OR1E2,Gene,OR1E2,,MONDO|NCBI|REACTOME,
Gene:8471,IRS4,Gene,IRS4,,MONDO|NCBI|REACTOME,
Gene:8520,HAT1,Gene,HAT1,,MONDO|NCBI|REACTOME,
Gene:8556,CDC14A,Gene,CDC14A,,MONDO|NCBI|REACTOME,
Gene:8642,DCHS1,Gene,DCHS1,,MONDO|NCBI,
Gene:8728,ADAM19,Gene,ADAM19,,MONDO|NCBI|REACTOME,
Gene:8861,LDB1,Gene,LDB1,,MONDO|NCBI|REACTOME,
Gene:8888,MCM3AP,Gene,MCM3AP,,MONDO|NCBI,
Gene:8928,FOXH1,Gene,FOXH1,,MONDO|NCBI|REACTOME,
Gene:9138,ARHGEF1,Gene,ARHGEF1,,MONDO|NCBI|REACTOME,
Gene:9148,NEURL1,Gene,NEURL1,,MONDO|NCBI|REACTOME,
Gene:9197,SLC33A1,Gene,SLC33A1,,MONDO|NCBI|REACTOME,
Gene:9202,ZMYM4,Gene,ZMYM4,,MONDO|NCBI,
Gene:9365,KL,Gene,KL,,MONDO|NCBI|REACTOME,
Gene:9437,NCR1,Gene,NCR1,,MONDO|NCBI|REACTOME,
Gene:9474,ATG5,Gene,ATG5,,MONDO|NCBI|REACTOME,
Gene:9499,MYOT,Gene,MYOT,,MONDO|NCBI,
Gene:9746,CLSTN3,Gene,CLSTN3,,MONDO|NCBI,
Gene:9770,RASSF2,Gene,RASSF2,,MONDO|NCBI,
Gene:9832,JAKMIP2,Gene,JAKMIP2,,MONDO|NCBI,
Gene:9924,PAN2,Gene,PAN2,,MONDO|NCBI|REACTOME,
Gene:9934,P2RY14,Gene,P2RY14,,MONDO|NCBI|REACTOME,
Gene:10076,PTPRU,Gene,PTPRU,,MONDO|NCBI|REACTOME,
Gene:10084,PQBP1,Gene,PQBP1,,MONDO|NCBI|REACTOME,
Gene:10155,TRIM28,Gene,TRIM28,,MONDO|NCBI|REACTOME,
Gene:10202,DHRS2,Gene,DHRS2,,MONDO|NCBI,
Gene:10241,CALCOCO2,Gene,CALCOCO2,,MONDO|NCBI,
Gene:10278,EFS,Gene,EFS,,MONDO|NCBI,
Gene:10286,BCAS2,Gene,BCAS2,,MONDO|NCBI|REACTOME,
Gene:10291,SF3A1,Gene,SF3A1,,MONDO|NCBI|REACTOME,
Gene:10342,TFG,Gene,TFG,,MONDO|NCBI|REACTOME,
Gene:10349,ABCA10,Gene,ABCA10,,MONDO|NCBI|REACTOME,
Gene:10350,ABCA9,Gene,ABCA9,,MONDO|NCBI|REACTOME,
Gene:10351,ABCA8,Gene,ABCA8,,MONDO|NCBI|REACTOME,
Gene:10365,KLF2,Gene,KLF2,,MONDO|NCBI,
Gene:10391,CORO2B,Gene,CORO2B,,MONDO|NCBI,
Gene:10395,DLC1,Gene,DLC1,,MONDO|NCBI|REACTOME,
Gene:10445,MCRS1,Gene,MCRS1,,MONDO|NCBI|REACTOME,
Gene:10467,ZNHIT1,Gene,ZNHIT1,,MONDO|NCBI,
Gene:10497,UNC13B,Gene,UNC13B,,MONDO|NCBI|REACTOME,
Gene:10565,ARFGEF1,Gene,ARFGEF1,,MONDO|NCBI,
Gene:10566,AKAP3,Gene,AKAP3,,MONDO|NCBI,
Gene:10631,POSTN,Gene,POSTN,,MONDO|NCBI,
Gene:10666,CD226,Gene,CD226,,MONDO|NCBI|REACTOME,
Gene:10681,GNB5,Gene,GNB5,,MONDO|NCBI|REACTOME,
Gene:10714,POLD3,Gene,POLD3,,MONDO|NCBI|REACTOME,
Gene:11086,ADAM29,Gene,ADAM29,,MONDO|NCBI,
Gene:11132,CAPN10,Gene,CAPN10,,MONDO|NCBI|REACTOME,
Gene:11171,STRAP,Gene,STRAP,,MONDO|NCBI|REACTOME,
Gene:11197,WIF1,Gene,WIF1,,MONDO|NCBI|REACTOME,
Gene:11257,TP53TG1,Gene,TP53TG1,,MONDO|NCBI,
Gene:22797,TFEC,Gene,TFEC,,MONDO|NCBI,
Gene:22866,CNKSR2,Gene,CNKSR2,,MONDO|NCBI|REACTOME,
Gene:22918,CD93,Gene,CD93,,MONDO|NCBI|REACTOME,
Gene:22985,ACIN1,Gene,ACIN1,,MONDO|NCBI|REACTOME,
Gene:22992,KDM2A,Gene,KDM2A,,MONDO|NCBI|REACTOME,
Gene:23020,SNRNP200,Gene,SNRNP200,,MONDO|NCBI|REACTOME,
Gene:23154,NCDN,Gene,NCDN,,MONDO|NCBI,
Gene:23175,LPIN1,Gene,LPIN1,,MONDO|NCBI|REACTOME,
Gene:23199,GSE1,Gene,GSE1,,MONDO|NCBI,
Gene:23230,VPS13A,Gene,VPS13A,,MONDO|NCBI,
Gene:23271,CAMSAP2,Gene,CAMSAP2,,MONDO|NCBI,
Gene:23287,AGTPBP1,Gene,AGTPBP1,,MONDO|NCBI|REACTOME,
Gene:23314,SATB2,Gene,SATB2,,MONDO|NCBI|REACTOME,
Gene:23415,KCNH4,Gene,KCNH4,,MONDO|NCBI|REACTOME,
Gene:23460,ABCA6,Gene,ABCA6,,MONDO|NCBI|REACTOME,
Gene:23533,PIK3R5,Gene,PIK3R5,,MONDO|NCBI|REACTOME,
Gene:23682,RAB38,Gene,RAB38,,MONDO|NCBI|REACTOME,
Gene:23742,NPAP1,Gene,NPAP1,,MONDO|NCBI,
Gene:24139,EML2,Gene,EML2,,MONDO|NCBI,
Gene:25827,FBXL2,Gene,FBXL2,,MONDO|NCBI,
Gene:25902,MTHFD1L,Gene,MTHFD1L,,MONDO|NCBI|REACTOME,
Gene:26009,ZZZ3,Gene,ZZZ3,,MONDO|NCBI|REACTOME,
Gene:26015,RPAP1,Gene,RPAP1,,MONDO|NCBI,
Gene:26098,EDRF1,Gene,EDRF1,,MONDO|NCBI,
Gene:26154,ABCA12,Gene,ABCA12,,MONDO|NCBI|REACTOME,
Gene:26256,CABYR,Gene,CABYR,,MONDO|NCBI,
Gene:26278,SACS,Gene,SACS,,MONDO|NCBI,
Gene:26585,GREM1,Gene,GREM1,,MONDO|NCBI,
Gene:27030,MLH3,Gene,MLH3,,MONDO|NCBI|REACTOME,
Gene:27111,SDCBP2,Gene,SDCBP2,,MONDO|NCBI,
Gene:27151,CPAMD8,Gene,CPAMD8,,MONDO|NCBI,
Gene:27164,SALL3,Gene,SALL3,,MONDO|NCBI,
Gene:27328,PCDH11X,Gene,PCDH11X,,MONDO|NCBI,
Gene:29886,SNX8,Gene,SNX8,,MONDO|NCBI,
Gene:29945,ANAPC4,Gene,ANAPC4,,MONDO|NCBI|REACTOME,
Gene:29951,PDZRN4,Gene,PDZRN4,,MONDO|NCBI,
Gene:29980,DONSON,Gene,DONSON,,MONDO|NCBI,
Gene:50945,TBX22,Gene,TBX22,,MONDO|NCBI,
Gene:51005,AMDHD2,Gene,AMDHD2,,MONDO|NCBI|REACTOME,
Gene:51147,ING4,Gene,ING4,,MONDO|NCBI|REACTOME,
Gene:51224,ELOA2,Gene,ELOA2,,MONDO|NCBI|REACTOME,
Gene:51247,PAIP2,Gene,PAIP2,,MONDO|NCBI,
Gene:51339,DACT1,Gene,DACT1,,MONDO|NCBI|REACTOME,
Gene:51384,WNT16,Gene,WNT16,,MONDO|NCBI|REACTOME,
Gene:51550,CINP,Gene,CINP,,MONDO|NCBI,
Gene:51555,PEX5L,Gene,PEX5L,,MONDO|NCBI,
Gene:51703,ACSL5,Gene,ACSL5,,MONDO|NCBI|REACTOME,
Gene:53836,GPR87,Gene,GPR87,,MONDO|NCBI,
Gene:54084,TSPEAR,Gene,TSPEAR,,MONDO|NCBI,
Gene:54093,SETD4,Gene,SETD4,,MONDO|NCBI,
Gene:54436,SH3TC1,Gene,SH3TC1,,MONDO|NCBI,
Gene:54465,ETAA1,Gene,ETAA1,,MONDO|NCBI,
Gene:54474,KRT20,Gene,KRT20,,MONDO|NCBI|REACTOME,
Gene:54520,CCDC93,Gene,CCDC93,,MONDO|NCBI,
Gene:54680,ZNHIT6,Gene,ZNHIT6,,MONDO|NCBI,
Gene:54959,ODAM,Gene,ODAM,,MONDO|NCBI|REACTOME,
Gene:55023,PHIP,Gene,PHIP,,MONDO|NCBI|REACTOME,
Gene:55160,ARHGEF10L,Gene,ARHGEF10L,,MONDO|NCBI|REACTOME,
Gene:55229,PANK4,Gene,PANK4,,MONDO|NCBI|REACTOME,
Gene:55237,VRTN,Gene,VRTN,,MONDO|NCBI,
Gene:55281,TMEM140,Gene,TMEM140,,MONDO|NCBI,
Gene:55356,SLC22A15,Gene,SLC22A15,,MONDO|NCBI|REACTOME,
Gene:55567,DNAH3,Gene,DNAH3,,MONDO|NCBI,
Gene:55616,ASAP3,Gene,ASAP3,,MONDO|NCBI,
Gene:55625,ZDHHC7,Gene,ZDHHC7,,MONDO|NCBI|REACTOME,
Gene:55669,MFN1,Gene,MFN1,,MONDO|NCBI|REACTOME,
Gene:55726,INTS13,Gene,INTS13,,MONDO|NCBI|REACTOME,
Gene:55749,CCAR1,Gene,CCAR1,,MONDO|NCBI|REACTOME,
Gene:55806,HR,Gene,HR,,MONDO|NCBI,
Gene:56884,FSTL5,Gene,FSTL5,,MONDO|NCBI,
Gene:56947,MFF,Gene,MFF,,MONDO|NCBI,
Gene:57007,ACKR3,Gene,ACKR3,,MONDO|NCBI|REACTOME,
Gene:57124,CD248,Gene,CD248,,MONDO|NCBI,
Gene:57140,RNPEPL1,Gene,RNPEPL1,,MONDO|NCBI,
Gene:57175,CORO1B,Gene,CORO1B,,MONDO|NCBI,
Gene:57338,JPH3,Gene,JPH3,,MONDO|NCBI,
Gene:57453,DSCAML1,Gene,DSCAML1,,MONDO|NCBI|REACTOME,
Gene:57470,LRRC47,Gene,LRRC47,,MONDO|NCBI,
Gene:57502,NLGN4X,Gene,NLGN4X,,MONDO|NCBI|REACTOME,
Gene:57547,ZNF624,Gene,ZNF624,,MONDO|NCBI|REACTOME,
Gene:57573,ZNF471,Gene,ZNF471,,MONDO|NCBI|REACTOME,
Gene:57614,RELCH,Gene,RELCH,,MONDO|NCBI,
Gene:57617,VPS18,Gene,VPS18,,MONDO|NCBI,
Gene:59269,HIVEP3,Gene,HIVEP3,,MONDO|NCBI|REACTOME,
Gene:59345,GNB4,Gene,GNB4,,MONDO|NCBI|REACTOME,
Gene:60385,TSKS,Gene,TSKS,,MONDO|NCBI,
Gene:60412,EXOC4,Gene,EXOC4,,MONDO|NCBI|REACTOME,
Gene:63904,DUSP21,Gene,DUSP21,,MONDO|NCBI,
Gene:63951,DMRTA1,Gene,DMRTA1,,MONDO|NCBI,
Gene:64101,LRRC4,Gene,LRRC4,,MONDO|NCBI,
Gene:64232,MS4A5,Gene,MS4A5,,MONDO|NCBI,
Gene:64321,SOX17,Gene,SOX17,,MONDO|NCBI|REACTOME,
Gene:64359,NXN,Gene,NXN,,MONDO|NCBI,
Gene:64377,CHST8,Gene,CHST8,,MONDO|NCBI|REACTOME,
Gene:64396,GMCL2,Gene,GMCL2,,MONDO|NCBI,
Gene:64405,CDH22,Gene,CDH22,,MONDO|NCBI,
Gene:64748,PLPPR2,Gene,PLPPR2,,MONDO|NCBI|REACTOME,
Gene:64919,BCL11B,Gene,BCL11B,,MONDO|NCBI,
Gene:64946,CENPH,Gene,CENPH,,MONDO|NCBI|REACTOME,
Gene:65012,SLC26A10,Gene,SLC26A10,,MONDO|NCBI,
Gene:66037,BOLL,Gene,BOLL,,MONDO|NCBI,
Gene:78996,CYREN,Gene,CYREN,,MONDO|NCBI,
Gene:78997,GDAP1L1,Gene,GDAP1L1,,MONDO|NCBI,
Gene:79149,ZSCAN5A,Gene,ZSCAN5A,,MONDO|NCBI,
Gene:79668,PARP8,Gene,PARP8,,MONDO|NCBI|REACTOME,
Gene:79695,GALNT12,Gene,GALNT12,,MONDO|NCBI|REACTOME,
Gene:79750,ZNF385D,Gene,ZNF385D,,MONDO|NCBI,
Gene:79812,MMRN2,Gene,MMRN2,,MONDO|NCBI,
Gene:79973,ZNF442,Gene,ZNF442,,MONDO|NCBI|REACTOME,
Gene:80034,CSRNP3,Gene,CSRNP3,,MONDO|NCBI,
Gene:80054,CEBPA-DT,Gene,CEBPA-DT,,MONDO|NCBI,
Gene:80148,SLC66A2,Gene,SLC66A2,,MONDO|NCBI,
Gene:80243,PREX2,Gene,PREX2,,MONDO|NCBI|REACTOME,
Gene:80317,ZKSCAN3,Gene,ZKSCAN3,,MONDO|NCBI|REACTOME,
Gene:80341,BPIFB2,Gene,BPIFB2,,MONDO|NCBI|REACTOME,
Gene:80342,TRAF3IP3,Gene,TRAF3IP3,,MONDO|NCBI,
Gene:80345,ZSCAN16,Gene,ZSCAN16,,MONDO|NCBI,
Gene:80714,PBX4,Gene,PBX4,,MONDO|NCBI,
Gene:81887,LAS1L,Gene,LAS1L,,MONDO|NCBI|REACTOME,
Gene:83667,SESN2,Gene,SESN2,,MONDO|NCBI|REACTOME,
Gene:84085,FBXO30,Gene,FBXO30,,MONDO|NCBI|REACTOME,
Gene:84134,TOMM40L,Gene,TOMM40L,,MONDO|NCBI,
Gene:84187,TMEM164,Gene,TMEM164,,MONDO|NCBI,
Gene:84343,HPS3,Gene,HPS3,,MONDO|NCBI,
Gene:84660,CCDC62,Gene,CCDC62,,MONDO|NCBI,
Gene:84720,PIGO,Gene,PIGO,,MONDO|NCBI|REACTOME,
Gene:84823,LMNB2,Gene,LMNB2,,MONDO|NCBI,
Gene:84896,ATAD1,Gene,ATAD1,,MONDO|NCBI|REACTOME,
Gene:84951,TNS4,Gene,TNS4,,MONDO|NCBI|REACTOME,
Gene:84966,IGSF21,Gene,IGSF21,,MONDO|NCBI,
Gene:85415,RHPN2,Gene,RHPN2,,MONDO|NCBI|REACTOME,
Gene:85417,CCNB3,Gene,CCNB3,,MONDO|NCBI,
Gene:90362,FAM110B,Gene,FAM110B,,MONDO|NCBI,
Gene:91768,CABLES1,Gene,CABLES1,,MONDO|NCBI|REACTOME,
Gene:92126,DSEL,Gene,DSEL,,MONDO|NCBI|REACTOME,
Gene:92736,OTOP2,Gene,OTOP2,,MONDO|NCBI,
Gene:93099,DMKN,Gene,DMKN,,MONDO|NCBI,
Gene:93145,OLFM2,Gene,OLFM2,,MONDO|NCBI,
Gene:94081,SFXN1,Gene,SFXN1,,MONDO|NCBI,
Gene:94274,PPP1R14A,Gene,PPP1R14A,,MONDO|NCBI|REACTOME,
Gene:112479,ERI2,Gene,ERI2,,MONDO|NCBI,
Gene:114788,CSMD3,Gene,CSMD3,,MONDO|NCBI,
Gene:115209,OMA1,Gene,OMA1,,MONDO|NCBI|REACTOME,
Gene:115426,UHRF2,Gene,UHRF2,,MONDO|NCBI|REACTOME,
Gene:116328,C8orf34,Gene,C8ORF34,,MONDO|NCBI,
Gene:122011,CSNK1A1L,Gene,CSNK1A1L,,MONDO|NCBI,
Gene:122258,SPACA7,Gene,SPACA7,,MONDO|NCBI,
Gene:124872,B4GALNT2,Gene,B4GALNT2,,MONDO|NCBI|REACTOME,
Gene:124936,CYB5D2,Gene,CYB5D2,,MONDO|NCBI,
Gene:126695,KDF1,Gene,KDF1,,MONDO|NCBI,
Gene:130749,CPO,Gene,CPO,,MONDO|NCBI,
Gene:132884,EVC2,Gene,EVC2,,MONDO|NCBI|REACTOME,
Gene:137209,ZNF572,Gene,ZNF572,,MONDO|NCBI,
Gene:140628,GATA5,Gene,GATA5,,MONDO|NCBI|REACTOME,
Gene:143162,FRMPD2,Gene,FRMPD2,,MONDO|NCBI,
Gene:143187,VTI1A,Gene,VTI1A,,MONDO|NCBI|REACTOME,
Gene:143384,CACUL1,Gene,CACUL1,,MONDO|NCBI,
Gene:143425,SYT9,Gene,SYT9,,MONDO|NCBI|REACTOME,
Gene:144717,PHETA1,Gene,PHETA1,,MONDO|NCBI,
Gene:145270,PRIMA1,Gene,PRIMA1,,MONDO|NCBI,
Gene:147741,ZNF560,Gene,ZNF560,,MONDO|NCBI|REACTOME,
Gene:150000,ABCC13,Gene,ABCC13,,MONDO|NCBI,
Gene:150962,PUS10,Gene,PUS10,,MONDO|NCBI,
Gene:151254,C2CD6,Gene,C2CD6,,MONDO|NCBI,
Gene:151790,WDR49,Gene,WDR49,,MONDO|NCBI,
Gene:152330,CNTN4,Gene,CNTN4,,MONDO|NCBI|REACTOME,
Gene:152789,JAKMIP1,Gene,JAKMIP1,,MONDO|NCBI,
Gene:154865,IQUB,Gene,IQUB,,MONDO|NCBI,
Gene:157697,ERICH1,Gene,ERICH1,,MONDO|NCBI,
Gene:163255,ZNF540,Gene,ZNF540,,MONDO|NCBI|REACTOME,
Gene:164832,LONRF2,Gene,LONRF2,,MONDO|NCBI,
Gene:167127,UGT3A2,Gene,UGT3A2,,MONDO|NCBI|REACTOME,
Gene:170689,ADAMTS15,Gene,ADAMTS15,,MONDO|NCBI|REACTOME,
Gene:170692,ADAMTS18,Gene,ADAMTS18,,MONDO|NCBI|REACTOME,
Gene:196740,VSTM4,Gene,VSTM4,,MONDO|NCBI,
Gene:200162,SPAG17,Gene,SPAG17,,MONDO|NCBI,
Gene:201283,AMZ2P1,Gene,AMZ2P1,,MONDO|NCBI,
Gene:201305,SPNS3,Gene,SPNS3,,MONDO|NCBI,
Gene:204474,PDILT,Gene,PDILT,,MONDO|NCBI,
Gene:219287,AMER2,Gene,AMER2,,MONDO|NCBI,
Gene:219770,GJD4,Gene,GJD4,,MONDO|NCBI|REACTOME,
Gene:222894,FERD3L,Gene,FERD3L,,MONDO|NCBI,
Gene:223075,ITPRID1,Gene,ITPRID1,,MONDO|NCBI,
Gene:254173,TTLL10,Gene,TTLL10,,MONDO|NCBI|REACTOME,
Gene:256536,TCERG1L,Gene,TCERG1L,,MONDO|NCBI,
Gene:282974,STK32C,Gene,STK32C,,MONDO|NCBI,
Gene:284382,ACTL9,Gene,ACTL9,,MONDO|NCBI,
Gene:286410,ATP11C,Gene,ATP11C,,MONDO|NCBI|REACTOME,
Gene:319101,KRT73,Gene,KRT73,,MONDO|NCBI|REACTOME,
Gene:340706,VWA2,Gene,VWA2,,MONDO|NCBI,
Gene:342510,CD300E,Gene,CD300E,,MONDO|NCBI|REACTOME,
Gene:387496,RASL11A,Gene,RASL11A,,MONDO|NCBI,
Gene:388115,CCDC9B,Gene,CCDC9B,,MONDO|NCBI,
Gene:389799,CFAP77,Gene,CFAP77,,MONDO|NCBI,
Gene:400073,C12orf76,Gene,C12ORF76,,MONDO|NCBI,
Gene:401138,AMTN,Gene,AMTN,,MONDO|NCBI|REACTOME,
Gene:406900,MIR106B,Gene,MIR106B,,MONDO|NCBI,
Gene:406920,MIR130B,Gene,MIR130B,,MONDO|NCBI,
Gene:407017,MIR26B,Gene,MIR26B,,MONDO|NCBI,
Gene:407050,MIR93,Gene,MIR93,,MONDO|NCBI,
Gene:728116,ZBTB8B,Gene,ZBTB8B,,MONDO|NCBI,
Gene:100289255,TMEM238L,Gene,TMEM238L,,MONDO|NCBI,
Gene:100302203,MIR1271,Gene,MIR1271,,MONDO|NCBI,
Gene:100422821,MIR1273C,Gene,MIR1273C,,MONDO|NCBI,
Gene:100499467,LINC00673,Gene,LINC00673,,MONDO|NCBI,
Gene:822,CAPG,Gene,CAPG,,MONDO|NCBI,
Gene:1030,CDKN2B,Gene,CDKN2B,,MONDO|NCBI|REACTOME,
Gene:1967,EIF2B1,Gene,EIF2B1,,MONDO|NCBI|REACTOME,
Gene:2309,FOXO3,Gene,FOXO3,,MONDO|NCBI|REACTOME,
Gene:2547,XRCC6,Gene,XRCC6,,MONDO|NCBI|REACTOME,
Gene:2791,GNG11,Gene,GNG11,,MONDO|NCBI|REACTOME,
Gene:2909,ARHGAP35,Gene,ARHGAP35,,MONDO|NCBI|REACTOME,
Gene:3070,HELLS,Gene,HELLS,,MONDO|NCBI,
Gene:3099,HK2,Gene,HK2,,MONDO|NCBI|REACTOME,
Gene:3178,HNRNPA1,Gene,HNRNPA1,,MONDO|NCBI|REACTOME,
Gene:3646,EIF3E,Gene,EIF3E,,MONDO|NCBI|REACTOME,
Gene:3656,IRAK2,Gene,IRAK2,,MONDO|NCBI|REACTOME,
Gene:3838,KPNA2,Gene,KPNA2,,MONDO|NCBI|REACTOME,
Gene:4000,LMNA,Gene,LMNA,,MONDO|NCBI|REACTOME,
Gene:4001,LMNB1,Gene,LMNB1,,MONDO|NCBI|REACTOME,
Gene:4342,MOS,Gene,MOS,,MONDO|NCBI,
Gene:4691,NCL,Gene,NCL,,MONDO|NCBI|REACTOME,
Gene:4736,RPL10A,Gene,RPL10A,,MONDO|NCBI|REACTOME,
Gene:5921,RASA1,Gene,RASA1,,MONDO|NCBI|REACTOME,
Gene:6157,RPL27A,Gene,RPL27A,,MONDO|NCBI|REACTOME,
Gene:6173,RPL36A,Gene,RPL36A,,MONDO|NCBI|REACTOME,
Gene:6182,MRPL12,Gene,MRPL12,,MONDO|NCBI|REACTOME,
Gene:6304,SATB1,Gene,SATB1,,MONDO|NCBI|REACTOME,
Gene:6440,SFTPC,Gene,SFTPC,,MONDO|NCBI|REACTOME,
Gene:6637,SNRPG,Gene,SNRPG,,MONDO|NCBI|REACTOME,
Gene:6654,SOS1,Gene,SOS1,,MONDO|NCBI|REACTOME,
Gene:7270,TTF1,Gene,TTF1,,MONDO|NCBI|REACTOME,
Gene:7273,TTN,Gene,TTN,,MONDO|NCBI|REACTOME,
Gene:7409,VAV1,Gene,VAV1,,MONDO|NCBI|REACTOME,
Gene:7520,XRCC5,Gene,XRCC5,,MONDO|NCBI|REACTOME,
Gene:8048,CSRP3,Gene,CSRP3,,MONDO|NCBI,
Gene:8260,NAA10,Gene,NAA10,,MONDO|NCBI,
Gene:8761,PABPC4,Gene,PABPC4,,MONDO|NCBI,
Gene:8890,EIF2B4,Gene,EIF2B4,,MONDO|NCBI|REACTOME,
Gene:8893,EIF2B5,Gene,EIF2B5,,MONDO|NCBI|REACTOME,
Gene:9304,SNORD22,Gene,SNORD22,,MONDO|NCBI,
Gene:9625,AATK,Gene,AATK,,MONDO|NCBI,
Gene:10110,SGK2,Gene,SGK2,,MONDO|NCBI|REACTOME,
Gene:10171,RCL1,Gene,RCL1,,MONDO|NCBI|REACTOME,
Gene:10360,NPM3,Gene,NPM3,,MONDO|NCBI,
Gene:10452,TOMM40,Gene,TOMM40,,MONDO|NCBI|REACTOME,
Gene:10528,NOP56,Gene,NOP56,,MONDO|NCBI|REACTOME,
Gene:10922,FASTK,Gene,FASTK,,MONDO|NCBI,
Gene:11051,NUDT21,Gene,NUDT21,,MONDO|NCBI|REACTOME,
Gene:23212,RRS1,Gene,RRS1,,MONDO|NCBI,
Gene:23556,PIGN,Gene,PIGN,,MONDO|NCBI|REACTOME,
Gene:25865,PRKD2,Gene,PRKD2,,MONDO|NCBI|REACTOME,
Gene:26519,TIMM10,Gene,TIMM10,,MONDO|NCBI|REACTOME,
Gene:26524,LATS2,Gene,LATS2,,MONDO|NCBI|REACTOME,
Gene:26750,RPS6KC1,Gene,RPS6KC1,,MONDO|NCBI,
Gene:27436,EML4,Gene,EML4,,MONDO|NCBI|REACTOME,
Gene:28969,BZW2,Gene,BZW2,,MONDO|NCBI,
Gene:29098,RANGRF,Gene,RANGRF,,MONDO|NCBI|REACTOME,
Gene:51082,POLR1D,Gene,POLR1D,,MONDO|NCBI|REACTOME,
Gene:51280,GOLM1,Gene,GOLM1,,MONDO|NCBI|REACTOME,
Gene:51303,FKBP11,Gene,FKBP11,,MONDO|NCBI,
Gene:51592,TRIM33,Gene,TRIM33,,MONDO|NCBI|REACTOME,
Gene:51602,NOP58,Gene,NOP58,,MONDO|NCBI|REACTOME,
Gene:54433,GAR1,Gene,GAR1,,MONDO|NCBI|REACTOME,
Gene:55681,SCYL2,Gene,SCYL2,,MONDO|NCBI,
Gene:55783,CMTR2,Gene,CMTR2,,MONDO|NCBI,
Gene:56342,PPAN,Gene,PPAN,,MONDO|NCBI,
Gene:64841,GNPNAT1,Gene,GNPNAT1,,MONDO|NCBI|REACTOME,
Gene:64969,MRPS5,Gene,MRPS5,,MONDO|NCBI|REACTOME,
Gene:79711,IPO4,Gene,IPO4,,MONDO|NCBI,
Gene:83743,GRWD1,Gene,GRWD1,,MONDO|NCBI,
Gene:84444,DOT1L,Gene,DOT1L,,MONDO|NCBI|REACTOME,
Gene:84700,MYO18B,Gene,MYO18B,,MONDO|NCBI,
Gene:85481,PSKH2,Gene,PSKH2,,MONDO|NCBI,
Gene:283455,KSR2,Gene,KSR2,,MONDO|NCBI|REACTOME,
Gene:1845,DUSP3,Gene,DUSP3,,MONDO|NCBI|REACTOME,
Gene:1870,E2F2,Gene,E2F2,,MONDO|NCBI|REACTOME,
Gene:1871,E2F3,Gene,E2F3,,MONDO|NCBI|REACTOME,
Gene:1875,E2F5,Gene,E2F5,,MONDO|NCBI|REACTOME,
Gene:1876,E2F6,Gene,E2F6,,MONDO|NCBI|REACTOME,
Gene:2696,GIPR,Gene,GIPR,,MONDO|NCBI|REACTOME,
Gene:3799,KIF5B,Gene,KIF5B,,MONDO|NCBI|REACTOME,
Gene:3918,LAMC2,Gene,LAMC2,,MONDO|NCBI|REACTOME,
Gene:4826,NNAT,Gene,NNAT,,MONDO|NCBI,
Gene:5829,PXN,Gene,PXN,,MONDO|NCBI|REACTOME,
Gene:6385,SDC4,Gene,SDC4,,MONDO|NCBI|REACTOME,
Gene:6597,SMARCA4,Gene,SMARCA4,,MONDO|NCBI|REACTOME,
Gene:7080,NKX2-1,Gene,NKX2-1,,MONDO|NCBI,
Gene:7262,PHLDA2,Gene,PHLDA2,,MONDO|NCBI,
Gene:9180,OSMR,Gene,OSMR,,MONDO|NCBI|REACTOME,
Gene:10087,CERT1,Gene,CERT1,,MONDO|NCBI|REACTOME,
Gene:10179,RBM7,Gene,RBM7,,MONDO|NCBI,
Gene:23532,PRAME,Gene,PRAME,,MONDO|NCBI,
Gene:23603,CORO1C,Gene,CORO1C,,MONDO|NCBI,
Gene:25878,MXRA5,Gene,MXRA5,,MONDO|NCBI,
Gene:54458,PRR13,Gene,PRR13,,MONDO|NCBI,
Gene:55743,CHFR,Gene,CHFR,,MONDO|NCBI,
Gene:57099,AVEN,Gene,AVEN,,MONDO|NCBI|REACTOME,
Gene:58499,ZNF462,Gene,ZNF462,,MONDO|NCBI,
Gene:59082,CARD18,Gene,CARD18,,MONDO|NCBI,
Gene:65084,TMEM135,Gene,TMEM135,,MONDO|NCBI,
Gene:79887,PLBD1,Gene,PLBD1,,MONDO|NCBI|REACTOME,
Gene:144455,E2F7,Gene,E2F7,,MONDO|NCBI|REACTOME,
Gene:159989,DEUP1,Gene,DEUP1,,MONDO|NCBI,
Gene:407031,MIR30C1,Gene,MIR30C1,,MONDO|NCBI,
Gene:693223,MIR638,Gene,MIR638,,MONDO|NCBI,
Gene:100302142,MIR1246,Gene,MIR1246,,MONDO|NCBI,
Gene:101928376,IL12A-AS1,Gene,IL12A-AS1,,MONDO|NCBI,
Gene:1801,DPH1,Gene,DPH1,,MONDO|NCBI|REACTOME,
Gene:2072,ERCC4,Gene,ERCC4,,MONDO|NCBI|REACTOME,
Gene:5892,RAD51D,Gene,RAD51D,,MONDO|NCBI|REACTOME,
Gene:5934,RBL2,Gene,RBL2,,MONDO|NCBI|REACTOME,
Gene:7476,WNT7A,Gene,WNT7A,,MONDO|NCBI|REACTOME,
Gene:8631,SKAP1,Gene,SKAP1,,MONDO|NCBI,
Gene:8725,URI1,Gene,URI1,,MONDO|NCBI,
Gene:10775,POP4,Gene,POP4,,MONDO|NCBI|REACTOME,
Gene:11170,FAM107A,Gene,FAM107A,,MONDO|NCBI,
Gene:22800,RRAS2,Gene,RRAS2,,MONDO|NCBI|REACTOME,
Gene:23213,SULF1,Gene,SULF1,,MONDO|NCBI,
Gene:25803,SPDEF,Gene,SPDEF,,MONDO|NCBI,
Gene:25976,TIPARP,Gene,TIPARP,,MONDO|NCBI,
Gene:29086,BABAM1,Gene,BABAM1,,MONDO|NCBI|REACTOME,
Gene:51029,DESI2,Gene,DESI2,,MONDO|NCBI,
Gene:54796,BNC2,Gene,BNC2,,MONDO|NCBI,
Gene:54801,HAUS6,Gene,HAUS6,,MONDO|NCBI|REACTOME,
Gene:56952,PRTFDC1,Gene,PRTFDC1,,MONDO|NCBI,
Gene:79084,WDR77,Gene,WDR77,,MONDO|NCBI|REACTOME,
Gene:79156,PLEKHF1,Gene,PLEKHF1,,MONDO|NCBI,
Gene:83636,C19orf12,Gene,C19ORF12,,MONDO|NCBI,
Gene:90506,LRRC46,Gene,LRRC46,,MONDO|NCBI,
Gene:92421,CHMP4C,Gene,CHMP4C,,MONDO|NCBI|REACTOME,
Gene:115761,ARL11,Gene,ARL11,,MONDO|NCBI,
Gene:284058,KANSL1,Gene,KANSL1,,MONDO|NCBI|REACTOME,
Gene:285601,GPR150,Gene,GPR150,,MONDO|NCBI|REACTOME,
Gene:395,ARHGAP6,Gene,ARHGAP6,,MONDO|NCBI|REACTOME,
Gene:1794,DOCK2,Gene,DOCK2,,MONDO|NCBI|REACTOME,
Gene:1861,TOR1A,Gene,TOR1A,,MONDO|NCBI|REACTOME,
Gene:3111,HLA-DOA,Gene,HLA-DOA,,MONDO|NCBI|REACTOME,
Gene:3696,ITGB8,Gene,ITGB8,,MONDO|NCBI|REACTOME,
Gene:5083,PAX9,Gene,PAX9,,MONDO|NCBI,
Gene:9289,ADGRG1,Gene,ADGRG1,,MONDO|NCBI,
Gene:9909,DENND4B,Gene,DENND4B,,MONDO|NCBI|REACTOME,
Gene:10018,BCL2L11,Gene,BCL2L11,,MONDO|NCBI|REACTOME,
Gene:10194,TSHZ1,Gene,TSHZ1,,MONDO|NCBI,
Gene:23185,LARP4B,Gene,LARP4B,,MONDO|NCBI,
Gene:23331,TTC28,Gene,TTC28,,MONDO|NCBI,
Gene:54887,UHRF1BP1,Gene,UHRF1BP1,,MONDO|NCBI,
Gene:55328,RNLS,Gene,RNLS,,MONDO|NCBI|REACTOME,
Gene:57082,KNL1,Gene,KNL1,,MONDO|NCBI|REACTOME,
Gene:57666,FBRSL1,Gene,FBRSL1,,MONDO|NCBI,
Gene:64864,RFX7,Gene,RFX7,,MONDO|NCBI,
Gene:79783,SUGCT,Gene,SUGCT,,MONDO|NCBI,
Gene:79969,ATAT1,Gene,ATAT1,,MONDO|NCBI|REACTOME,
Gene:81532,MOB2,Gene,MOB2,,MONDO|NCBI,
Gene:83879,CDCA7,Gene,CDCA7,,MONDO|NCBI,
Gene:91522,COL23A1,Gene,COL23A1,,MONDO|NCBI|REACTOME,
Gene:283349,RASSF3,Gene,RASSF3,,MONDO|NCBI,
Gene:344595,DUBR,Gene,DUBR,,MONDO|NCBI,
Gene:390858,OACYLP,Gene,OACYLP,,MONDO|NCBI,
Gene:730198,MEIS1-AS3,Gene,MEIS1-AS3,,MONDO|NCBI,
Gene:100507527,THEG5,Gene,THEG5,,MONDO|NCBI,
Gene:106479631,RNU6-148P,Gene,RNU6-148P,,MONDO|NCBI,
Gene:106479784,RNU6-491P,Gene,RNU6-491P,,MONDO|NCBI,
Gene:106480868,RN7SKP114,Gene,RN7SKP114,,MONDO|NCBI,
Gene:106481323,RNU6-456P,Gene,RNU6-456P,,MONDO|NCBI,
Gene:10111,RAD50,Gene,RAD50,,MONDO|NCBI|REACTOME,
Gene:60561,RINT1,Gene,RINT1,,MONDO|NCBI|REACTOME,
Gene:79648,MCPH1,Gene,MCPH1,,MONDO|NCBI|REACTOME,
Gene:84464,SLX4,Gene,SLX4,,MONDO|NCBI|REACTOME,
Gene:100144748,KLLN,Gene,KLLN,,MONDO|NCBI,
Gene:10137,RBM12,Gene,RBM12,,MONDO_grouped|NCBI,
Gene:283106,CSNK2A3,Gene,CSNK2A3,,MONDO|NCBI,
Gene:7249,TSC2,Gene,TSC2,,MONDO_grouped|NCBI|REACTOME,
Gene:406919,MIR130A,Gene,MIR130A,,MONDO|NCBI,
Gene:406936,MIR144,Gene,MIR144,,MONDO|NCBI,
Gene:406979,MIR19A,Gene,MIR19A,,MONDO|NCBI,
Gene:574030,MIR362,Gene,MIR362,,MONDO|NCBI,
Pathway:R-HSA-114608,Platelet degranulation,Pathway,platelet degranulation,,NCBI|REACTOME,
Pathway:R-HSA-6798695,Neutrophil degranulation,Pathway,neutrophil degranulation,,NCBI|REACTOME,
Pathway:R-HSA-156582,Acetylation,Pathway,acetylation,,NCBI|REACTOME,
Pathway:R-HSA-74217,Purine salvage,Pathway,purine salvage,,NCBI|REACTOME,
Pathway:R-HSA-381426,Regulation of Insulin-like Growth Factor (IGF) transport and uptake by Insulin-like Growth Factor Binding Proteins (IGFBPs),Pathway,regulation of insulin-like growth factor (igf) transport and uptake by insulin-like growth factor binding proteins (igfbps),,NCBI|REACTOME,
Pathway:R-HSA-418990,Adherens junctions interactions,Pathway,adherens junctions interactions,,NCBI|REACTOME,
Pathway:R-HSA-525793,Myogenesis,Pathway,myogenesis,,NCBI|REACTOME,
Pathway:R-HSA-8957275,Post-translational protein phosphorylation,Pathway,post-translational protein phosphorylation,,NCBI|REACTOME,
Pathway:R-HSA-9013973,TICAM1-dependent activation of IRF3/IRF7,Pathway,ticam1-dependent activation of irf3/irf7,,NCBI|REACTOME,
Pathway:R-HSA-933541,TRAF6 mediated IRF7 activation,Pathway,traf6 mediated irf7 activation,,NCBI|REACTOME,
Pathway:R-HSA-936964,Activation of IRF3/IRF7 mediated by TBK1/IKK epsilon,Pathway,activation of irf3/irf7 mediated by tbk1/ikk epsilon,,NCBI|REACTOME,
Pathway:R-HSA-2122947,NOTCH1 Intracellular Domain Regulates Transcription,Pathway,notch1 intracellular domain regulates transcription,,NCBI|REACTOME,
Pathway:R-HSA-2644606,Constitutive Signaling by NOTCH1 PEST Domain Mutants,Pathway,constitutive signaling by notch1 pest domain mutants,,NCBI|REACTOME,
Pathway:R-HSA-2894862,Constitutive Signaling by NOTCH1 HD+PEST Domain Mutants,Pathway,constitutive signaling by notch1 hd+pest domain mutants,,NCBI|REACTOME,
Pathway:R-HSA-3371511,HSF1 activation,Pathway,hsf1 activation,,NCBI|REACTOME,
Pathway:R-HSA-350054,Notch-HLH transcription pathway,Pathway,notch-hlh transcription pathway,,NCBI|REACTOME,
Pathway:R-HSA-5617833,Cilium Assembly,Pathway,cilium assembly,,NCBI|REACTOME,
Pathway:R-HSA-8878166,Transcriptional regulation by RUNX2,Pathway,transcriptional regulation by runx2,,NCBI|REACTOME,
Pathway:R-HSA-8940973,RUNX2 regulates osteoblast differentiation,Pathway,runx2 regulates osteoblast differentiation,,NCBI|REACTOME,
Pathway:R-HSA-9613829,Chaperone Mediated Autophagy,Pathway,chaperone mediated autophagy,,NCBI|REACTOME,
Pathway:R-HSA-9615710,Late endosomal microautophagy,Pathway,late endosomal microautophagy,,NCBI|REACTOME,
Pathway:R-HSA-9646399,Aggrephagy,Pathway,aggrephagy,,NCBI|REACTOME,
Pathway:R-HSA-1482788,Acyl chain remodelling of PC,Pathway,acyl chain remodelling of pc,,NCBI|REACTOME,
Pathway:R-HSA-1482801,Acyl chain remodelling of PS,Pathway,acyl chain remodelling of ps,,NCBI|REACTOME,
Pathway:R-HSA-1482839,Acyl chain remodelling of PE,Pathway,acyl chain remodelling of pe,,NCBI|REACTOME,
Pathway:R-HSA-1482925,Acyl chain remodelling of PG,Pathway,acyl chain remodelling of pg,,NCBI|REACTOME,
Pathway:R-HSA-1483115,Hydrolysis of LPC,Pathway,hydrolysis of lpc,,NCBI|REACTOME,
Pathway:R-HSA-1483166,Synthesis of PA,Pathway,synthesis of pa,,NCBI|REACTOME,
Pathway:R-HSA-381038,XBP1(S) activates chaperone genes,Pathway,xbp1(s) activates chaperone genes,,NCBI|REACTOME,
Pathway:R-HSA-111446,Activation of BIM and translocation to mitochondria,Pathway,activation of bim and translocation to mitochondria,,NCBI|REACTOME,
Pathway:R-HSA-111453,BH3-only proteins associate with and inactivate anti-apoptotic BCL-2 members,Pathway,bh3-only proteins associate with and inactivate anti-apoptotic bcl-2 members,,NCBI|REACTOME,
Pathway:R-HSA-193648,NRAGE signals death through JNK,Pathway,nrage signals death through jnk,,NCBI|REACTOME,
Pathway:R-HSA-6802952,Signaling by BRAF and RAF fusions,Pathway,signaling by braf and raf fusions,,NCBI|REACTOME,
Pathway:R-HSA-8862803,Deregulated CDK5 triggers multiple neurodegenerative pathways in Alzheimer's disease models,Pathway,deregulated cdk5 triggers multiple neurodegenerative pathways in alzheimer's disease models,,NCBI|REACTOME,
Pathway:R-HSA-8952158,RUNX3 regulates BCL2L11 (BIM) transcription,Pathway,runx3 regulates bcl2l11 (bim) transcription,,NCBI|REACTOME,
Pathway:R-HSA-9607240,FLT3 Signaling,Pathway,flt3 signaling,,NCBI|REACTOME,
Pathway:R-HSA-9614657,FOXO-mediated transcription of cell death genes,Pathway,foxo-mediated transcription of cell death genes,,NCBI|REACTOME,
Pathway:R-HSA-5218920,VEGFR2 mediated vascular permeability,Pathway,vegfr2 mediated vascular permeability,,NCBI|REACTOME,
Pathway:R-HSA-373760,L1CAM interactions,Pathway,l1cam interactions,,NCBI|REACTOME,
Pathway:R-HSA-5673001,RAF/MAP kinase cascade,Pathway,raf/map kinase cascade,,NCBI|REACTOME,
Pathway:R-HSA-8851805,MET activates RAS signaling,Pathway,met activates ras signaling,,NCBI|REACTOME,
Pathway:R-HSA-351906,Apoptotic cleavage of cell adhesion proteins,Pathway,apoptotic cleavage of cell adhesion proteins,,NCBI|REACTOME,
Pathway:R-HSA-8935964,RUNX1 regulates expression of components of tight junctions,Pathway,runx1 regulates expression of components of tight junctions,,NCBI|REACTOME,
Pathway:R-HSA-198933,Immunoregulatory interactions between a Lymphoid and a non-Lymphoid cell,Pathway,immunoregulatory interactions between a lymphoid and a non-lymphoid cell,,NCBI|REACTOME,
Pathway:R-HSA-2142850,Hyaluronan biosynthesis and export,Pathway,hyaluronan biosynthesis and export,,NCBI|REACTOME,
Pathway:R-HSA-382556,ABC-family proteins mediated transport,Pathway,abc-family proteins mediated transport,,NCBI|REACTOME,
Pathway:R-HSA-1369007,Mitochondrial ABC transporters,Pathway,mitochondrial abc transporters,,NCBI|REACTOME,
Pathway:R-HSA-5683371,Defective ABCB6 causes MCOPCB7,Pathway,defective abcb6 causes mcopcb7,,NCBI|REACTOME,
Pathway:R-HSA-1268020,Mitochondrial protein import,Pathway,mitochondrial protein import,,NCBI|REACTOME,
Pathway:R-HSA-1433557,Signaling by SCF-KIT,Pathway,signaling by scf-kit,,NCBI|REACTOME,
Pathway:R-HSA-72163,mRNA Splicing - Major Pathway,Pathway,mrna splicing - major pathway,,NCBI|REACTOME,
Pathway:R-HSA-1660661,Sphingolipid de novo biosynthesis,Pathway,sphingolipid de novo biosynthesis,,NCBI|REACTOME,
Pathway:R-HSA-2029482,Regulation of actin dynamics for phagocytic cup formation,Pathway,regulation of actin dynamics for phagocytic cup formation,,NCBI|REACTOME,
Pathway:R-HSA-3928662,EPHB-mediated forward signaling,Pathway,ephb-mediated forward signaling,,NCBI|REACTOME,
Pathway:R-HSA-5663213,RHO GTPases Activate WASPs and WAVEs,Pathway,rho gtpases activate wasps and waves,,NCBI|REACTOME,
Pathway:R-HSA-8856828,Clathrin-mediated endocytosis,Pathway,clathrin-mediated endocytosis,,NCBI|REACTOME,
Pathway:R-HSA-9664422,FCGR3A-mediated phagocytosis,Pathway,fcgr3a-mediated phagocytosis,,NCBI|REACTOME,
Pathway:R-HSA-2672351,Stimuli-sensing channels,Pathway,stimuli-sensing channels,,NCBI|REACTOME,
Pathway:R-HSA-2559586,DNA Damage/Telomere Stress Induced Senescence,Pathway,dna damage/telomere stress induced senescence,,NCBI|REACTOME,
Pathway:R-HSA-5685938,HDR through Single Strand Annealing (SSA),Pathway,hdr through single strand annealing (ssa),,NCBI|REACTOME,
Pathway:R-HSA-5685939,HDR through MMEJ (alt-NHEJ),Pathway,hdr through mmej (alt-nhej),,NCBI|REACTOME,
Pathway:R-HSA-5685942,HDR through Homologous Recombination (HRR),Pathway,hdr through homologous recombination (hrr),,NCBI|REACTOME,
Pathway:R-HSA-5693548,Sensing of DNA Double Strand Breaks,Pathway,sensing of dna double strand breaks,,NCBI|REACTOME,
Pathway:R-HSA-5693554,Resolution of D-loop Structures through Synthesis-Dependent Strand Annealing (SDSA),Pathway,resolution of d-loop structures through synthesis-dependent strand annealing (sdsa),,NCBI|REACTOME,
Pathway:R-HSA-5693565,Recruitment and ATM-mediated phosphorylation of repair and signaling proteins at DNA double strand breaks,Pathway,recruitment and atm-mediated phosphorylation of repair and signaling proteins at dna double strand breaks,,NCBI|REACTOME,
Pathway:R-HSA-5693568,Resolution of D-loop Structures through Holliday Junction Intermediates,Pathway,resolution of d-loop structures through holliday junction intermediates,,NCBI|REACTOME,
Pathway:R-HSA-5693571,Nonhomologous End-Joining (NHEJ),Pathway,nonhomologous end-joining (nhej),,NCBI|REACTOME,
Pathway:R-HSA-5693579,Homologous DNA Pairing and Strand Exchange,Pathway,homologous dna pairing and strand exchange,,NCBI|REACTOME,
Pathway:R-HSA-5693607,Processing of DNA double-strand break ends,Pathway,processing of dna double-strand break ends,,NCBI|REACTOME,
Pathway:R-HSA-5693616,Presynaptic phase of homologous DNA pairing and strand exchange,Pathway,presynaptic phase of homologous dna pairing and strand exchange,,NCBI|REACTOME,
Pathway:R-HSA-6804756,Regulation of TP53 Activity through Phosphorylation,Pathway,regulation of tp53 activity through phosphorylation,,NCBI|REACTOME,
Pathway:R-HSA-69473,G2/M DNA damage checkpoint,Pathway,g2/m dna damage checkpoint,,NCBI|REACTOME,
Pathway:R-HSA-912446,Meiotic recombination,Pathway,meiotic recombination,,NCBI|REACTOME,
Pathway:R-HSA-2132295,MHC class II antigen presentation,Pathway,mhc class ii antigen presentation,,NCBI|REACTOME,
Pathway:R-HSA-6811434,COPI-dependent Golgi-to-ER retrograde traffic,Pathway,copi-dependent golgi-to-er retrograde traffic,,NCBI|REACTOME,
Pathway:R-HSA-68884,Mitotic Telophase/Cytokinesis,Pathway,mitotic telophase/cytokinesis,,NCBI|REACTOME,
Pathway:R-HSA-983189,Kinesins,Pathway,kinesins,,NCBI|REACTOME,
Pathway:R-HSA-1368108,"BMAL1:CLOCK,NPAS2 activates circadian gene expression",Pathway,"bmal1:clock,npas2 activates circadian gene expression",,NCBI|REACTOME,
Pathway:R-HSA-197264,Nicotinamide salvaging,Pathway,nicotinamide salvaging,,NCBI|REACTOME,
Pathway:R-HSA-6811440,Retrograde transport at the Trans-Golgi-Network,Pathway,retrograde transport at the trans-golgi-network,,NCBI|REACTOME,
Pathway:R-HSA-2565942,Regulation of PLK1 Activity at G2/M Transition,Pathway,regulation of plk1 activity at g2/m transition,,NCBI|REACTOME,
Pathway:R-HSA-380259,Loss of Nlp from mitotic centrosomes,Pathway,loss of nlp from mitotic centrosomes,,NCBI|REACTOME,
Pathway:R-HSA-380270,Recruitment of mitotic centrosome proteins and complexes,Pathway,recruitment of mitotic centrosome proteins and complexes,,NCBI|REACTOME,
Pathway:R-HSA-380284,Loss of proteins required for interphase microtubule organization from the centrosome,Pathway,loss of proteins required for interphase microtubule organization from the centrosome,,NCBI|REACTOME,
Pathway:R-HSA-380320,Recruitment of NuMA to mitotic centrosomes,Pathway,recruitment of numa to mitotic centrosomes,,NCBI|REACTOME,
Pathway:R-HSA-5576890,Phase 3 - rapid repolarisation,Pathway,phase 3 - rapid repolarisation,,NCBI|REACTOME,
Pathway:R-HSA-5576893,Phase 2 - plateau phase,Pathway,phase 2 - plateau phase,,NCBI|REACTOME,
Pathway:R-HSA-5620912,Anchoring of the basal body to the plasma membrane,Pathway,anchoring of the basal body to the plasma membrane,,NCBI|REACTOME,
Pathway:R-HSA-8854518,AURKA Activation by TPX2,Pathway,aurka activation by tpx2,,NCBI|REACTOME,
Pathway:R-HSA-212436,Generic Transcription Pathway,Pathway,generic transcription pathway,,NCBI|REACTOME,
Pathway:R-HSA-3899300,SUMOylation of transcription cofactors,Pathway,sumoylation of transcription cofactors,,NCBI|REACTOME,
Pathway:R-HSA-9609690,HCMV Early Events,Pathway,hcmv early events,,NCBI|REACTOME,
Pathway:R-HSA-8980692,RHOA GTPase cycle,Pathway,rhoa gtpase cycle,,NCBI|REACTOME,
Pathway:R-HSA-9013148,CDC42 GTPase cycle,Pathway,cdc42 gtpase cycle,,NCBI|REACTOME,
Pathway:R-HSA-9013149,RAC1 GTPase cycle,Pathway,rac1 gtpase cycle,,NCBI|REACTOME,
Pathway:R-HSA-9035034,RHOF GTPase cycle,Pathway,rhof gtpase cycle,,NCBI|REACTOME,
Pathway:R-HSA-6790901,rRNA modification in the nucleus and cytosol,Pathway,rrna modification in the nucleus and cytosol,,NCBI|REACTOME,
Pathway:R-HSA-6791226,Major pathway of rRNA processing in the nucleolus and cytosol,Pathway,major pathway of rrna processing in the nucleolus and cytosol,,NCBI|REACTOME,
Pathway:R-HSA-187577,SCF(Skp2)-mediated degradation of p27/p21,Pathway,scf(skp2)-mediated degradation of p27/p21,,NCBI|REACTOME,
Pathway:R-HSA-2559580,Oxidative Stress Induced Senescence,Pathway,oxidative stress induced senescence,,NCBI|REACTOME,
Pathway:R-HSA-2559582,Senescence-Associated Secretory Phenotype (SASP),Pathway,senescence-associated secretory phenotype (sasp),,NCBI|REACTOME,
Pathway:R-HSA-2559585,Oncogene Induced Senescence,Pathway,oncogene induced senescence,,NCBI|REACTOME,
Pathway:R-HSA-3214858,RMTs methylate histone arginines,Pathway,rmts methylate histone arginines,,NCBI|REACTOME,
Pathway:R-HSA-381340,Transcriptional regulation of white adipocyte differentiation,Pathway,transcriptional regulation of white adipocyte differentiation,,NCBI|REACTOME,
Pathway:R-HSA-69231,Cyclin D associated events in G1,Pathway,cyclin d associated events in g1,,NCBI|REACTOME,
Pathway:R-HSA-75815,Ubiquitin-dependent degradation of Cyclin D,Pathway,ubiquitin-dependent degradation of cyclin d,,NCBI|REACTOME,
Pathway:R-HSA-8849470,PTK6 Regulates Cell Cycle,Pathway,ptk6 regulates cell cycle,,NCBI|REACTOME,
Pathway:R-HSA-9616222,Transcriptional regulation of granulopoiesis,Pathway,transcriptional regulation of granulopoiesis,,NCBI|REACTOME,
Pathway:R-HSA-9630791,Evasion of Oncogene Induced Senescence Due to Defective p16INK4A binding to CDK4,Pathway,evasion of oncogene induced senescence due to defective p16ink4a binding to cdk4,,NCBI|REACTOME,
Pathway:R-HSA-9630794,Evasion of Oncogene Induced Senescence Due to Defective p16INK4A binding to CDK4 and CDK6,Pathway,evasion of oncogene induced senescence due to defective p16ink4a binding to cdk4 and cdk6,,NCBI|REACTOME,
Pathway:R-HSA-9632697,Evasion of Oxidative Stress Induced Senescence Due to Defective p16INK4A binding to CDK4,Pathway,evasion of oxidative stress induced senescence due to defective p16ink4a binding to cdk4,,NCBI|REACTOME,
Pathway:R-HSA-9632700,Evasion of Oxidative Stress Induced Senescence Due to Defective p16INK4A binding to CDK4 and CDK6,Pathway,evasion of oxidative stress induced senescence due to defective p16ink4a binding to cdk4 and cdk6,,NCBI|REACTOME,
Pathway:R-HSA-9661069,"Defective binding of RB1 mutants to E2F1,(E2F2, E2F3)",Pathway,"defective binding of rb1 mutants to e2f1,(e2f2, e2f3)",,NCBI|REACTOME,
Pathway:R-HSA-1442490,Collagen degradation,Pathway,collagen degradation,,NCBI|REACTOME,
Pathway:R-HSA-1474228,Degradation of the extracellular matrix,Pathway,degradation of the extracellular matrix,,NCBI|REACTOME,
Pathway:R-HSA-177929,Signaling by EGFR,Pathway,signaling by egfr,,NCBI|REACTOME,
Pathway:R-HSA-2122948,Activated NOTCH1 Transmits Signal to the Nucleus,Pathway,activated notch1 transmits signal to the nucleus,,NCBI|REACTOME,
Pathway:R-HSA-2660826,Constitutive Signaling by NOTCH1 t(7;9)(NOTCH1:M1580_K2555) Translocation Mutant,Pathway,constitutive signaling by notch1 t(7;9)(notch1:m1580_k2555) translocation mutant,,NCBI|REACTOME,
Pathway:R-HSA-2691232,Constitutive Signaling by NOTCH1 HD Domain Mutants,Pathway,constitutive signaling by notch1 hd domain mutants,,NCBI|REACTOME,
Pathway:R-HSA-2979096,NOTCH2 Activation and Transmission of Signal to the Nucleus,Pathway,notch2 activation and transmission of signal to the nucleus,,NCBI|REACTOME,
Pathway:R-HSA-3928665,EPH-ephrin mediated repulsion of cells,Pathway,eph-ephrin mediated repulsion of cells,,NCBI|REACTOME,
Pathway:R-HSA-9013507,NOTCH3 Activation and Transmission of Signal to the Nucleus,Pathway,notch3 activation and transmission of signal to the nucleus,,NCBI|REACTOME,
Pathway:R-HSA-9013700,NOTCH4 Activation and Transmission of Signal to the Nucleus,Pathway,notch4 activation and transmission of signal to the nucleus,,NCBI|REACTOME,
Pathway:R-HSA-977225,Amyloid fiber formation,Pathway,amyloid fiber formation,,NCBI|REACTOME,
Pathway:R-HSA-180024,DARPP-32 events,Pathway,darpp-32 events,,NCBI|REACTOME,
Pathway:R-HSA-399956,CRMPs in Sema3A signaling,Pathway,crmps in sema3a signaling,,NCBI|REACTOME,
Pathway:R-HSA-9031628,NGF-stimulated transcription,Pathway,ngf-stimulated transcription,,NCBI|REACTOME,
Pathway:R-HSA-9032845,Activated NTRK2 signals through CDK5,Pathway,activated ntrk2 signals through cdk5,,NCBI|REACTOME,
Pathway:R-HSA-983231,Factors involved in megakaryocyte development and platelet production,Pathway,factors involved in megakaryocyte development and platelet production,,NCBI|REACTOME,
Pathway:R-HSA-163125,Post-translational modification: synthesis of GPI-anchored proteins,Pathway,post-translational modification: synthesis of gpi-anchored proteins,,NCBI|REACTOME,
Pathway:R-HSA-72203,Processing of Capped Intron-Containing Pre-mRNA,Pathway,processing of capped intron-containing pre-mrna,,NCBI|REACTOME,
Pathway:R-HSA-1295596,Spry regulation of FGF signaling,Pathway,spry regulation of fgf signaling,,NCBI|REACTOME,
Pathway:R-HSA-182971,EGFR downregulation,Pathway,egfr downregulation,,NCBI|REACTOME,
Pathway:R-HSA-198323,AKT phosphorylates targets in the cytosol,Pathway,akt phosphorylates targets in the cytosol,,NCBI|REACTOME,
Pathway:R-HSA-5674400,Constitutive Signaling by AKT1 E17K in Cancer,Pathway,constitutive signaling by akt1 e17k in cancer,,NCBI|REACTOME,
Pathway:R-HSA-6785807,Interleukin-4 and Interleukin-13 signaling,Pathway,interleukin-4 and interleukin-13 signaling,,NCBI|REACTOME,
Pathway:R-HSA-6804116,TP53 Regulates Transcription of Genes Involved in G1 Cell Cycle Arrest,Pathway,tp53 regulates transcription of genes involved in g1 cell cycle arrest,,NCBI|REACTOME,
Pathway:R-HSA-69202,Cyclin E associated events during G1/S transition,Pathway,cyclin e associated events during g1/s transition,,NCBI|REACTOME,
Pathway:R-HSA-69563,p53-Dependent G1 DNA Damage Response,Pathway,p53-dependent g1 dna damage response,,NCBI|REACTOME,
Pathway:R-HSA-69656,Cyclin A:Cdk2-associated events at S phase entry,Pathway,cyclin a:cdk2-associated events at s phase entry,,NCBI|REACTOME,
Pathway:R-HSA-69895,Transcriptional activation of cell cycle inhibitor p21,Pathway,transcriptional activation of cell cycle inhibitor p21,,NCBI|REACTOME,
Pathway:R-HSA-8852276,The role of GTSE1 in G2/M progression after G2 checkpoint,Pathway,the role of gtse1 in g2/m progression after g2 checkpoint,,NCBI|REACTOME,
Pathway:R-HSA-8866911,TFAP2 (AP-2) family regulates transcription of cell cycle factors,Pathway,tfap2 (ap-2) family regulates transcription of cell cycle factors,,NCBI|REACTOME,
Pathway:R-HSA-8941855,RUNX3 regulates CDKN1A transcription,Pathway,runx3 regulates cdkn1a transcription,,NCBI|REACTOME,
Pathway:R-HSA-9617828,FOXO-mediated transcription of cell cycle genes,Pathway,foxo-mediated transcription of cell cycle genes,,NCBI|REACTOME,
Pathway:R-HSA-9702518,STAT5 activation downstream of FLT3 ITD mutants,Pathway,stat5 activation downstream of flt3 itd mutants,,NCBI|REACTOME,
Pathway:R-HSA-9703465,Signaling by FLT3 fusion proteins,Pathway,signaling by flt3 fusion proteins,,NCBI|REACTOME,
Pathway:R-HSA-418555,G alpha (s) signalling events,Pathway,g alpha (s) signalling events,,NCBI|REACTOME,
Pathway:R-HSA-419812,Calcitonin-like ligand receptors,Pathway,calcitonin-like ligand receptors,,NCBI|REACTOME,
Pathway:R-HSA-9660821,ADORA2B mediated anti-inflammatory cytokines production,Pathway,adora2b mediated anti-inflammatory cytokines production,,NCBI|REACTOME,
Pathway:R-HSA-5625900,RHO GTPases activate CIT,Pathway,rho gtpases activate cit,,NCBI|REACTOME,
Pathway:R-HSA-9634638,Estrogen-dependent nuclear events downstream of ESR-membrane signaling,Pathway,estrogen-dependent nuclear events downstream of esr-membrane signaling,,NCBI|REACTOME,
Pathway:R-HSA-416482,G alpha (12/13) signalling events,Pathway,g alpha (12/13) signalling events,,NCBI|REACTOME,
Pathway:R-HSA-9013026,RHOB GTPase cycle,Pathway,rhob gtpase cycle,,NCBI|REACTOME,
Pathway:R-HSA-9679191,Potential therapeutics for SARS,Pathway,potential therapeutics for sars,,NCBI|REACTOME,
Pathway:R-HSA-111471,Apoptotic factor-mediated response,Pathway,apoptotic factor-mediated response,,NCBI|REACTOME,
Pathway:R-HSA-3108214,SUMOylation of DNA damage response and repair proteins,Pathway,sumoylation of dna damage response and repair proteins,,NCBI|REACTOME,
Pathway:R-HSA-3232118,SUMOylation of transcription factors,Pathway,sumoylation of transcription factors,,NCBI|REACTOME,
Pathway:R-HSA-6804757,Regulation of TP53 Degradation,Pathway,regulation of tp53 degradation,,NCBI|REACTOME,
Pathway:R-HSA-69541,Stabilization of p53,Pathway,stabilization of p53,,NCBI|REACTOME,
Pathway:R-HSA-8853884,Transcriptional Regulation by VENTX,Pathway,transcriptional regulation by ventx,,NCBI|REACTOME,
Pathway:R-HSA-8941858,Regulation of RUNX3 expression and activity,Pathway,regulation of runx3 expression and activity,,NCBI|REACTOME,
Pathway:R-HSA-9645722,Defective Intrinsic Pathway for Apoptosis Due to p14ARF Loss of Function,Pathway,defective intrinsic pathway for apoptosis due to p14arf loss of function,,NCBI|REACTOME,
Pathway:R-HSA-9646303,Evasion of Oncogene Induced Senescence Due to p14ARF Defects,Pathway,evasion of oncogene induced senescence due to p14arf defects,,NCBI|REACTOME,
Pathway:R-HSA-9646304,Evasion of Oxidative Stress Induced Senescence Due to p14ARF Defects,Pathway,evasion of oxidative stress induced senescence due to p14arf defects,,NCBI|REACTOME,
Pathway:R-HSA-983168,Antigen processing: Ubiquitination & Proteasome degradation,Pathway,antigen processing: ubiquitination & proteasome degradation,,NCBI|REACTOME,
Pathway:R-HSA-75102,C6 deamination of adenosine,Pathway,c6 deamination of adenosine,,NCBI|REACTOME,
Pathway:R-HSA-77042,Formation of editosomes by ADAR proteins,Pathway,formation of editosomes by adar proteins,,NCBI|REACTOME,
Pathway:R-HSA-909733,Interferon alpha/beta signaling,Pathway,interferon alpha/beta signaling,,NCBI|REACTOME,
Pathway:R-HSA-2173796,SMAD2/SMAD3:SMAD4 heterotrimer regulates transcription,Pathway,smad2/smad3:smad4 heterotrimer regulates transcription,,NCBI|REACTOME,
Pathway:R-HSA-5689896,Ovarian tumor domain proteases,Pathway,ovarian tumor domain proteases,,NCBI|REACTOME,
Pathway:R-HSA-2172127,DAP12 interactions,Pathway,dap12 interactions,,NCBI|REACTOME,
Pathway:R-HSA-391160,Signal regulatory protein family interactions,Pathway,signal regulatory protein family interactions,,NCBI|REACTOME,
Pathway:R-HSA-156590,Glutathione conjugation,Pathway,glutathione conjugation,,NCBI|REACTOME,
Pathway:R-HSA-5661270,Formation of xylulose-5-phosphate,Pathway,formation of xylulose-5-phosphate,,NCBI|REACTOME,
Pathway:R-HSA-1236974,ER-Phagosome pathway,Pathway,er-phagosome pathway,,NCBI|REACTOME,
Pathway:R-HSA-166058,MyD88:MAL(TIRAP) cascade initiated on plasma membrane,Pathway,myd88:mal(tirap) cascade initiated on plasma membrane,,NCBI|REACTOME,
Pathway:R-HSA-168188,Toll Like Receptor TLR6:TLR2 Cascade,Pathway,toll like receptor tlr6:tlr2 cascade,,NCBI|REACTOME,
Pathway:R-HSA-5602498,MyD88 deficiency (TLR2/4),Pathway,myd88 deficiency (tlr2/4),,NCBI|REACTOME,
Pathway:R-HSA-5603041,IRAK4 deficiency (TLR2/4),Pathway,irak4 deficiency (tlr2/4),,NCBI|REACTOME,
Pathway:R-HSA-5686938,Regulation of TLR by endogenous ligand,Pathway,regulation of tlr by endogenous ligand,,NCBI|REACTOME,
Pathway:R-HSA-204005,COPII-mediated vesicle transport,Pathway,copii-mediated vesicle transport,,NCBI|REACTOME,
Pathway:R-HSA-1369062,ABC transporters in lipid homeostasis,Pathway,abc transporters in lipid homeostasis,,NCBI|REACTOME,
Pathway:R-HSA-1614558,Degradation of cysteine and homocysteine,Pathway,degradation of cysteine and homocysteine,,NCBI|REACTOME,
Pathway:R-HSA-112308,Presynaptic depolarization and calcium channel opening,Pathway,presynaptic depolarization and calcium channel opening,,NCBI|REACTOME,
Pathway:R-HSA-399719,Trafficking of AMPA receptors,Pathway,trafficking of ampa receptors,,NCBI|REACTOME,
Pathway:R-HSA-5682910,LGI-ADAM interactions,Pathway,lgi-adam interactions,,NCBI|REACTOME,
Pathway:R-HSA-399954,Sema3A PAK dependent Axon repulsion,Pathway,sema3a pak dependent axon repulsion,,NCBI|REACTOME,
Pathway:R-HSA-399955,SEMA3A-Plexin repulsion signaling by inhibiting Integrin adhesion,Pathway,sema3a-plexin repulsion signaling by inhibiting integrin adhesion,,NCBI|REACTOME,
Pathway:R-HSA-1445148,Translocation of SLC2A4 (GLUT4) to the plasma membrane,Pathway,translocation of slc2a4 (glut4) to the plasma membrane,,NCBI|REACTOME,
Pathway:R-HSA-190840,Microtubule-dependent trafficking of connexons from Golgi to the plasma membrane,Pathway,microtubule-dependent trafficking of connexons from golgi to the plasma membrane,,NCBI|REACTOME,
Pathway:R-HSA-190861,Gap junction assembly,Pathway,gap junction assembly,,NCBI|REACTOME,
Pathway:R-HSA-2467813,Separation of Sister Chromatids,Pathway,separation of sister chromatids,,NCBI|REACTOME,
Pathway:R-HSA-2500257,Resolution of Sister Chromatid Cohesion,Pathway,resolution of sister chromatid cohesion,,NCBI|REACTOME,
Pathway:R-HSA-3371497,HSP90 chaperone cycle for steroid hormone receptors (SHR),Pathway,hsp90 chaperone cycle for steroid hormone receptors (shr),,NCBI|REACTOME,
Pathway:R-HSA-389957,Prefoldin mediated transfer of substrate to CCT/TriC,Pathway,prefoldin mediated transfer of substrate to cct/tric,,NCBI|REACTOME,
Pathway:R-HSA-389960,Formation of tubulin folding intermediates by CCT/TriC,Pathway,formation of tubulin folding intermediates by cct/tric,,NCBI|REACTOME,
Pathway:R-HSA-389977,Post-chaperonin tubulin folding pathway,Pathway,post-chaperonin tubulin folding pathway,,NCBI|REACTOME,
Pathway:R-HSA-437239,Recycling pathway of L1,Pathway,recycling pathway of l1,,NCBI|REACTOME,
Pathway:R-HSA-5610787,Hedgehog 'off' state,Pathway,hedgehog 'off' state,,NCBI|REACTOME,
Pathway:R-HSA-5620924,Intraflagellar transport,Pathway,intraflagellar transport,,NCBI|REACTOME,
Pathway:R-HSA-5626467,RHO GTPases activate IQGAPs,Pathway,rho gtpases activate iqgaps,,NCBI|REACTOME,
Pathway:R-HSA-5663220,RHO GTPases Activate Formins,Pathway,rho gtpases activate formins,,NCBI|REACTOME,
Pathway:R-HSA-6807878,COPI-mediated anterograde transport,Pathway,copi-mediated anterograde transport,,NCBI|REACTOME,
Pathway:R-HSA-6811436,COPI-independent Golgi-to-ER retrograde traffic,Pathway,copi-independent golgi-to-er retrograde traffic,,NCBI|REACTOME,
Pathway:R-HSA-68877,Mitotic Prometaphase,Pathway,mitotic prometaphase,,NCBI|REACTOME,
Pathway:R-HSA-8955332,Carboxyterminal post-translational modifications of tubulin,Pathway,carboxyterminal post-translational modifications of tubulin,,NCBI|REACTOME,
Pathway:R-HSA-9609736,Assembly and cell surface presentation of NMDA receptors,Pathway,assembly and cell surface presentation of nmda receptors,,NCBI|REACTOME,
Pathway:R-HSA-9619483,Activation of AMPK downstream of NMDARs,Pathway,activation of ampk downstream of nmdars,,NCBI|REACTOME,
Pathway:R-HSA-9648025,EML4 and NUDC in mitotic spindle formation,Pathway,eml4 and nudc in mitotic spindle formation,,NCBI|REACTOME,
Pathway:R-HSA-9668328,Sealing of the nuclear envelope (NE) by ESCRT-III,Pathway,sealing of the nuclear envelope (ne) by escrt-iii,,NCBI|REACTOME,
Pathway:R-HSA-9013106,RHOC GTPase cycle,Pathway,rhoc gtpase cycle,,NCBI|REACTOME,
Pathway:R-HSA-9013406,RHOQ GTPase cycle,Pathway,rhoq gtpase cycle,,NCBI|REACTOME,
Pathway:R-HSA-6803205,TP53 regulates transcription of several additional cell death genes whose specific roles in p53-dependent apoptosis remain uncertain,Pathway,tp53 regulates transcription of several additional cell death genes whose specific roles in p53-dependent apoptosis remain uncertain,,NCBI|REACTOME,
Pathway:R-HSA-1483226,Synthesis of PI,Pathway,synthesis of pi,,NCBI|REACTOME,
Pathway:R-HSA-1483191,Synthesis of PC,Pathway,synthesis of pc,,NCBI|REACTOME,
Pathway:R-HSA-141444,Amplification of signal from unattached kinetochores via a MAD2 inhibitory signal,Pathway,amplification of signal from unattached kinetochores via a mad2 inhibitory signal,,NCBI|REACTOME,
Pathway:R-HSA-1251985,Nuclear signaling by ERBB4,Pathway,nuclear signaling by erbb4,,NCBI|REACTOME,
Pathway:R-HSA-2028269,Signaling by Hippo,Pathway,signaling by hippo,,NCBI|REACTOME,
Pathway:R-HSA-2032785,YAP1- and WWTR1 (TAZ)-stimulated gene expression,Pathway,yap1- and wwtr1 (taz)-stimulated gene expression,,NCBI|REACTOME,
Pathway:R-HSA-8939236,RUNX1 regulates transcription of genes involved in differentiation of HSCs,Pathway,runx1 regulates transcription of genes involved in differentiation of hscs,,NCBI|REACTOME,
Pathway:R-HSA-8951671,RUNX3 regulates YAP1-mediated transcription,Pathway,runx3 regulates yap1-mediated transcription,,NCBI|REACTOME,
Pathway:R-HSA-9619665,EGR2 and SOX10-mediated initiation of Schwann cell myelination,Pathway,egr2 and sox10-mediated initiation of schwann cell myelination,,NCBI|REACTOME,
Pathway:R-HSA-5083635,Defective B3GALTL causes Peters-plus syndrome (PpS),Pathway,defective b3galtl causes peters-plus syndrome (pps),,NCBI|REACTOME,
Pathway:R-HSA-5173214,O-glycosylation of TSR domain-containing proteins,Pathway,o-glycosylation of tsr domain-containing proteins,,NCBI|REACTOME,
Pathway:R-HSA-3214847,HATs acetylate histones,Pathway,hats acetylate histones,,NCBI|REACTOME,
Pathway:R-HSA-5689603,UCH proteinases,Pathway,uch proteinases,,NCBI|REACTOME,
Pathway:R-HSA-5696394,DNA Damage Recognition in GG-NER,Pathway,dna damage recognition in gg-ner,,NCBI|REACTOME,
Pathway:R-HSA-381771,"Synthesis, secretion, and inactivation of Glucagon-like Peptide-1 (GLP-1)",Pathway,"synthesis, secretion, and inactivation of glucagon-like peptide-1 (glp-1)",,NCBI|REACTOME,
Pathway:R-HSA-114604,GPVI-mediated activation cascade,Pathway,gpvi-mediated activation cascade,,NCBI|REACTOME,
Pathway:R-HSA-2424491,DAP12 signaling,Pathway,dap12 signaling,,NCBI|REACTOME,
Pathway:R-HSA-2871796,FCERI mediated MAPK activation,Pathway,fceri mediated mapk activation,,NCBI|REACTOME,
Pathway:R-HSA-2871809,FCERI mediated Ca+2 mobilization,Pathway,fceri mediated ca+2 mobilization,,NCBI|REACTOME,
Pathway:R-HSA-4420097,VEGFA-VEGFR2 Pathway,Pathway,vegfa-vegfr2 pathway,,NCBI|REACTOME,
Pathway:R-HSA-9013404,RAC2 GTPase cycle,Pathway,rac2 gtpase cycle,,NCBI|REACTOME,
Pathway:R-HSA-9013408,RHOG GTPase cycle,Pathway,rhog gtpase cycle,,NCBI|REACTOME,
Pathway:R-HSA-5205685,PINK1-PRKN Mediated Mitophagy,Pathway,pink1-prkn mediated mitophagy,,NCBI|REACTOME,
Pathway:R-HSA-8857538,PTK6 promotes HIF1A stabilization,Pathway,ptk6 promotes hif1a stabilization,,NCBI|REACTOME,
Pathway:R-HSA-9604323,Negative regulation of NOTCH4 signaling,Pathway,negative regulation of notch4 signaling,,NCBI|REACTOME,
Pathway:R-HSA-2473224,Antagonism of Activin by Follistatin,Pathway,antagonism of activin by follistatin,,NCBI|REACTOME,
Pathway:R-HSA-163210,Formation of ATP by chemiosmotic coupling,Pathway,formation of atp by chemiosmotic coupling,,NCBI|REACTOME,
Pathway:R-HSA-8949613,Cristae formation,Pathway,cristae formation,,NCBI|REACTOME,
Pathway:R-HSA-156827,L13a-mediated translational silencing of Ceruloplasmin expression,Pathway,l13a-mediated translational silencing of ceruloplasmin expression,,NCBI|REACTOME,
Pathway:R-HSA-72649,Translation initiation complex formation,Pathway,translation initiation complex formation,,NCBI|REACTOME,
Pathway:R-HSA-72689,Formation of a pool of free 40S subunits,Pathway,formation of a pool of free 40s subunits,,NCBI|REACTOME,
Pathway:R-HSA-72695,"Formation of the ternary complex, and subsequently, the 43S complex",Pathway,"formation of the ternary complex, and subsequently, the 43s complex",,NCBI|REACTOME,
Pathway:R-HSA-72702,Ribosomal scanning and start codon recognition,Pathway,ribosomal scanning and start codon recognition,,NCBI|REACTOME,
Pathway:R-HSA-72706,GTP hydrolysis and joining of the 60S ribosomal subunit,Pathway,gtp hydrolysis and joining of the 60s ribosomal subunit,,NCBI|REACTOME,
Pathway:R-HSA-428890,Role of ABL in ROBO-SLIT signaling,Pathway,role of abl in robo-slit signaling,,NCBI|REACTOME,
Pathway:R-HSA-181429,Serotonin Neurotransmitter Release Cycle,Pathway,serotonin neurotransmitter release cycle,,NCBI|REACTOME,
Pathway:R-HSA-181430,Norepinephrine Neurotransmitter Release Cycle,Pathway,norepinephrine neurotransmitter release cycle,,NCBI|REACTOME,
Pathway:R-HSA-210500,Glutamate Neurotransmitter Release Cycle,Pathway,glutamate neurotransmitter release cycle,,NCBI|REACTOME,
Pathway:R-HSA-212676,Dopamine Neurotransmitter Release Cycle,Pathway,dopamine neurotransmitter release cycle,,NCBI|REACTOME,
Pathway:R-HSA-264642,Acetylcholine Neurotransmitter Release Cycle,Pathway,acetylcholine neurotransmitter release cycle,,NCBI|REACTOME,
Pathway:R-HSA-1368082,RORA activates gene expression,Pathway,rora activates gene expression,,NCBI|REACTOME,
Pathway:R-HSA-159418,Recycling of bile acids and salts,Pathway,recycling of bile acids and salts,,NCBI|REACTOME,
Pathway:R-HSA-192105,Synthesis of bile acids and bile salts,Pathway,synthesis of bile acids and bile salts,,NCBI|REACTOME,
Pathway:R-HSA-193368,Synthesis of bile acids and bile salts via 7alpha-hydroxycholesterol,Pathway,synthesis of bile acids and bile salts via 7alpha-hydroxycholesterol,,NCBI|REACTOME,
Pathway:R-HSA-193807,Synthesis of bile acids and bile salts via 27-hydroxycholesterol,Pathway,synthesis of bile acids and bile salts via 27-hydroxycholesterol,,NCBI|REACTOME,
Pathway:R-HSA-1989781,PPARA activates gene expression,Pathway,ppara activates gene expression,,NCBI|REACTOME,
Pathway:R-HSA-211976,Endogenous sterols,Pathway,endogenous sterols,,NCBI|REACTOME,
Pathway:R-HSA-2151201,Transcriptional activation of mitochondrial biogenesis,Pathway,transcriptional activation of mitochondrial biogenesis,,NCBI|REACTOME,
Pathway:R-HSA-2426168,Activation of gene expression by SREBF (SREBP),Pathway,activation of gene expression by srebf (srebp),,NCBI|REACTOME,
Pathway:R-HSA-400206,Regulation of lipid metabolism by PPARalpha,Pathway,regulation of lipid metabolism by pparalpha,,NCBI|REACTOME,
Pathway:R-HSA-400253,Circadian Clock,Pathway,circadian clock,,NCBI|REACTOME,
Pathway:R-HSA-5625886,Activated PKN1 stimulates transcription of AR (androgen receptor) regulated genes KLK2 and KLK3,Pathway,activated pkn1 stimulates transcription of ar (androgen receptor) regulated genes klk2 and klk3,,NCBI|REACTOME,
Pathway:R-HSA-9018519,Estrogen-dependent gene expression,Pathway,estrogen-dependent gene expression,,NCBI|REACTOME,
Pathway:R-HSA-9707564,Cytoprotection by HMOX1,Pathway,cytoprotection by hmox1,,NCBI|REACTOME,
Pathway:R-HSA-9707616,Heme signaling,Pathway,heme signaling,,NCBI|REACTOME,
Pathway:R-HSA-380994,ATF4 activates genes in response to endoplasmic reticulum stress,Pathway,atf4 activates genes in response to endoplasmic reticulum stress,,NCBI|REACTOME,
Pathway:R-HSA-9633012,Response of EIF2AK4 (GCN2) to amino acid deficiency,Pathway,response of eif2ak4 (gcn2) to amino acid deficiency,,NCBI|REACTOME,
Pathway:R-HSA-9648895,Response of EIF2AK1 (HRI) to heme deficiency,Pathway,response of eif2ak1 (hri) to heme deficiency,,NCBI|REACTOME,
Pathway:R-HSA-5250924,B-WICH complex positively regulates rRNA expression,Pathway,b-wich complex positively regulates rrna expression,,NCBI|REACTOME,
Pathway:R-HSA-1566948,Elastic fibre formation,Pathway,elastic fibre formation,,NCBI|REACTOME,
Pathway:R-HSA-2129379,Molecules associated with elastic fibres,Pathway,molecules associated with elastic fibres,,NCBI|REACTOME,
Pathway:R-HSA-9610379,HCMV Late Events,Pathway,hcmv late events,,NCBI|REACTOME,
Pathway:R-HSA-390471,Association of TriC/CCT with target proteins during biosynthesis,Pathway,association of tric/cct with target proteins during biosynthesis,,NCBI|REACTOME,
Pathway:R-HSA-1632852,Macroautophagy,Pathway,macroautophagy,,NCBI|REACTOME,
Pathway:R-HSA-8951664,Neddylation,Pathway,neddylation,,NCBI|REACTOME,
Pathway:R-HSA-165159,MTOR signalling,Pathway,mtor signalling,,NCBI|REACTOME,
Pathway:R-HSA-166208,mTORC1-mediated signalling,Pathway,mtorc1-mediated signalling,,NCBI|REACTOME,
Pathway:R-HSA-380972,Energy dependent regulation of mTOR by LKB1-AMPK,Pathway,energy dependent regulation of mtor by lkb1-ampk,,NCBI|REACTOME,
Pathway:R-HSA-5628897,TP53 Regulates Metabolic Genes,Pathway,tp53 regulates metabolic genes,,NCBI|REACTOME,
Pathway:R-HSA-8943724,Regulation of PTEN gene transcription,Pathway,regulation of pten gene transcription,,NCBI|REACTOME,
Pathway:R-HSA-9639288,Amino acids regulate mTORC1,Pathway,amino acids regulate mtorc1,,NCBI|REACTOME,
Pathway:R-HSA-427589,Type II Na+/Pi cotransporters,Pathway,type ii na+/pi cotransporters,,NCBI|REACTOME,
Pathway:R-HSA-5619045,Defective SLC34A2 causes pulmonary alveolar microlithiasis (PALM),Pathway,defective slc34a2 causes pulmonary alveolar microlithiasis (palm),,NCBI|REACTOME,
Pathway:R-HSA-5683826,Surfactant metabolism,Pathway,surfactant metabolism,,NCBI|REACTOME,
Pathway:R-HSA-5687583,Defective SLC34A2 causes PALM,Pathway,defective slc34a2 causes palm,,NCBI|REACTOME,
Pathway:R-HSA-606279,Deposition of new CENPA-containing nucleosomes at the centromere,Pathway,deposition of new cenpa-containing nucleosomes at the centromere,,NCBI|REACTOME,
Pathway:R-HSA-445355,Smooth Muscle Contraction,Pathway,smooth muscle contraction,,NCBI|REACTOME,
Pathway:R-HSA-166662,Lectin pathway of complement activation,Pathway,lectin pathway of complement activation,,NCBI|REACTOME,
Pathway:R-HSA-166663,Initial triggering of complement,Pathway,initial triggering of complement,,NCBI|REACTOME,
Pathway:R-HSA-3299685,Detoxification of Reactive Oxygen Species,Pathway,detoxification of reactive oxygen species,,NCBI|REACTOME,
Pathway:R-HSA-2299718,Condensation of Prophase Chromosomes,Pathway,condensation of prophase chromosomes,,NCBI|REACTOME,
Pathway:R-HSA-2514853,Condensation of Prometaphase Chromosomes,Pathway,condensation of prometaphase chromosomes,,NCBI|REACTOME,
Pathway:R-HSA-189483,Heme degradation,Pathway,heme degradation,,NCBI|REACTOME,
Pathway:R-HSA-5619110,"Defective SLCO1B1 causes hyperbilirubinemia, Rotor type (HBLRR)",Pathway,"defective slco1b1 causes hyperbilirubinemia, rotor type (hblrr)",,NCBI|REACTOME,
Pathway:R-HSA-879518,Transport of organic anions,Pathway,transport of organic anions,,NCBI|REACTOME,
Pathway:R-HSA-5687128,MAPK6/MAPK4 signaling,Pathway,mapk6/mapk4 signaling,,NCBI|REACTOME,
Pathway:R-HSA-6794361,Neurexins and neuroligins,Pathway,neurexins and neuroligins,,NCBI|REACTOME,
Pathway:R-HSA-156711,Polo-like kinase mediated events,Pathway,polo-like kinase mediated events,,NCBI|REACTOME,
Pathway:R-HSA-428359,Insulin-like Growth Factor-2 mRNA Binding Proteins (IGF2BPs/IMPs/VICKZs) bind RNA,Pathway,insulin-like growth factor-2 mrna binding proteins (igf2bps/imps/vickzs) bind rna,,NCBI|REACTOME,
Pathway:R-HSA-111932,CaMK IV-mediated phosphorylation of CREB,Pathway,camk iv-mediated phosphorylation of creb,,NCBI|REACTOME,
Pathway:R-HSA-442729,CREB1 phosphorylation through the activation of CaMKII/CaMKK/CaMKIV cascasde,Pathway,creb1 phosphorylation through the activation of camkii/camkk/camkiv cascasde,,NCBI|REACTOME,
Pathway:R-HSA-9619229,Activation of RAC1 downstream of NMDARs,Pathway,activation of rac1 downstream of nmdars,,NCBI|REACTOME,
Pathway:R-HSA-2022377,Metabolism of Angiotensinogen to Angiotensins,Pathway,metabolism of angiotensinogen to angiotensins,,NCBI|REACTOME,
Pathway:R-HSA-211945,Phase I - Functionalization of compounds,Pathway,phase i - functionalization of compounds,,NCBI|REACTOME,
Pathway:R-HSA-5617472,Activation of anterior HOX genes in hindbrain development during early embryogenesis,Pathway,activation of anterior hox genes in hindbrain development during early embryogenesis,,NCBI|REACTOME,
Pathway:R-HSA-1971475,A tetrasaccharide linker sequence is required for GAG synthesis,Pathway,a tetrasaccharide linker sequence is required for gag synthesis,,NCBI|REACTOME,
Pathway:R-HSA-2022870,Chondroitin sulfate biosynthesis,Pathway,chondroitin sulfate biosynthesis,,NCBI|REACTOME,
Pathway:R-HSA-2022923,Dermatan sulfate biosynthesis,Pathway,dermatan sulfate biosynthesis,,NCBI|REACTOME,
Pathway:R-HSA-2024101,CS/DS degradation,Pathway,cs/ds degradation,,NCBI|REACTOME,
Pathway:R-HSA-3560783,"Defective B4GALT7 causes EDS, progeroid type",Pathway,"defective b4galt7 causes eds, progeroid type",,NCBI|REACTOME,
Pathway:R-HSA-3560801,Defective B3GAT3 causes JDSSDHD,Pathway,defective b3gat3 causes jdssdhd,,NCBI|REACTOME,
Pathway:R-HSA-3595172,Defective CHST3 causes SEDCJD,Pathway,defective chst3 causes sedcjd,,NCBI|REACTOME,
Pathway:R-HSA-3595174,"Defective CHST14 causes EDS, musculocontractural type",Pathway,"defective chst14 causes eds, musculocontractural type",,NCBI|REACTOME,
Pathway:R-HSA-3595177,Defective CHSY1 causes TPBS,Pathway,defective chsy1 causes tpbs,,NCBI|REACTOME,
Pathway:R-HSA-4420332,Defective B3GALT6 causes EDSP2 and SEMDJL1,Pathway,defective b3galt6 causes edsp2 and semdjl1,,NCBI|REACTOME,
Pathway:R-HSA-2022854,Keratan sulfate biosynthesis,Pathway,keratan sulfate biosynthesis,,NCBI|REACTOME,
Pathway:R-HSA-913709,O-linked glycosylation of mucins,Pathway,o-linked glycosylation of mucins,,NCBI|REACTOME,
Pathway:R-HSA-1296041,Activation of G protein gated Potassium channels,Pathway,activation of g protein gated potassium channels,,NCBI|REACTOME,
Pathway:R-HSA-202040,G-protein activation,Pathway,g-protein activation,,NCBI|REACTOME,
Pathway:R-HSA-2514859,"Inactivation, recovery and regulation of the phototransduction cascade",Pathway,"inactivation, recovery and regulation of the phototransduction cascade",,NCBI|REACTOME,
Pathway:R-HSA-381676,Glucagon-like Peptide-1 (GLP1) regulates insulin secretion,Pathway,glucagon-like peptide-1 (glp1) regulates insulin secretion,,NCBI|REACTOME,
Pathway:R-HSA-392170,ADP signalling through P2Y purinoceptor 12,Pathway,adp signalling through p2y purinoceptor 12,,NCBI|REACTOME,
Pathway:R-HSA-392451,G beta:gamma signalling through PI3Kgamma,Pathway,g beta:gamma signalling through pi3kgamma,,NCBI|REACTOME,
Pathway:R-HSA-392851,Prostacyclin signalling through prostacyclin receptor,Pathway,prostacyclin signalling through prostacyclin receptor,,NCBI|REACTOME,
Pathway:R-HSA-400042,"Adrenaline,noradrenaline inhibits insulin secretion",Pathway,"adrenaline,noradrenaline inhibits insulin secretion",,NCBI|REACTOME,
Pathway:R-HSA-4086398,Ca2+ pathway,Pathway,ca2+ pathway,,NCBI|REACTOME,
Pathway:R-HSA-416476,G alpha (q) signalling events,Pathway,g alpha (q) signalling events,,NCBI|REACTOME,
Pathway:R-HSA-418217,G beta:gamma signalling through PLC beta,Pathway,g beta:gamma signalling through plc beta,,NCBI|REACTOME,
Pathway:R-HSA-418592,ADP signalling through P2Y purinoceptor 1,Pathway,adp signalling through p2y purinoceptor 1,,NCBI|REACTOME,
Pathway:R-HSA-418594,G alpha (i) signalling events,Pathway,g alpha (i) signalling events,,NCBI|REACTOME,
Pathway:R-HSA-418597,G alpha (z) signalling events,Pathway,g alpha (z) signalling events,,NCBI|REACTOME,
Pathway:R-HSA-420092,Glucagon-type ligand receptors,Pathway,glucagon-type ligand receptors,,NCBI|REACTOME,
Pathway:R-HSA-428930,Thromboxane signalling through TP receptor,Pathway,thromboxane signalling through tp receptor,,NCBI|REACTOME,
Pathway:R-HSA-432040,Vasopressin regulates renal water homeostasis via Aquaporins,Pathway,vasopressin regulates renal water homeostasis via aquaporins,,NCBI|REACTOME,
Pathway:R-HSA-456926,Thrombin signalling through proteinase activated receptors (PARs),Pathway,thrombin signalling through proteinase activated receptors (pars),,NCBI|REACTOME,
Pathway:R-HSA-500657,Presynaptic function of Kainate receptors,Pathway,presynaptic function of kainate receptors,,NCBI|REACTOME,
Pathway:R-HSA-6814122,Cooperation of PDCL (PhLP1) and TRiC/CCT in G-protein beta folding,Pathway,cooperation of pdcl (phlp1) and tric/cct in g-protein beta folding,,NCBI|REACTOME,
Pathway:R-HSA-8964315,G beta:gamma signalling through BTK,Pathway,g beta:gamma signalling through btk,,NCBI|REACTOME,
Pathway:R-HSA-8964616,G beta:gamma signalling through CDC42,Pathway,g beta:gamma signalling through cdc42,,NCBI|REACTOME,
Pathway:R-HSA-9009391,Extra-nuclear estrogen signaling,Pathway,extra-nuclear estrogen signaling,,NCBI|REACTOME,
Pathway:R-HSA-997272,Inhibition of voltage gated Ca2+ channels via Gbeta/gamma subunits,Pathway,inhibition of voltage gated ca2+ channels via gbeta/gamma subunits,,NCBI|REACTOME,
Pathway:R-HSA-8964041,LDL remodeling,Pathway,ldl remodeling,,NCBI|REACTOME,
Pathway:R-HSA-8964058,HDL remodeling,Pathway,hdl remodeling,,NCBI|REACTOME,
Pathway:R-HSA-9029569,NR1H3 & NR1H2 regulate gene expression linked to cholesterol transport and efflux,Pathway,nr1h3 & nr1h2 regulate gene expression linked to cholesterol transport and efflux,,NCBI|REACTOME,
Pathway:R-HSA-110314,Recognition of DNA damage by PCNA-containing replication complex,Pathway,recognition of dna damage by pcna-containing replication complex,,NCBI|REACTOME,
Pathway:R-HSA-174411,Polymerase switching on the C-strand of the telomere,Pathway,polymerase switching on the c-strand of the telomere,,NCBI|REACTOME,
Pathway:R-HSA-174414,Processive synthesis on the C-strand of the telomere,Pathway,processive synthesis on the c-strand of the telomere,,NCBI|REACTOME,
Pathway:R-HSA-174417,Telomere C-strand (Lagging Strand) Synthesis,Pathway,telomere c-strand (lagging strand) synthesis,,NCBI|REACTOME,
Pathway:R-HSA-174437,Removal of the Flap Intermediate from the C-strand,Pathway,removal of the flap intermediate from the c-strand,,NCBI|REACTOME,
Pathway:R-HSA-5358565,Mismatch repair (MMR) directed by MSH2:MSH6 (MutSalpha),Pathway,mismatch repair (mmr) directed by msh2:msh6 (mutsalpha),,NCBI|REACTOME,
Pathway:R-HSA-5358606,Mismatch repair (MMR) directed by MSH2:MSH3 (MutSbeta),Pathway,mismatch repair (mmr) directed by msh2:msh3 (mutsbeta),,NCBI|REACTOME,
Pathway:R-HSA-5651801,PCNA-Dependent Long Patch Base Excision Repair,Pathway,pcna-dependent long patch base excision repair,,NCBI|REACTOME,
Pathway:R-HSA-5656169,Termination of translesion DNA synthesis,Pathway,termination of translesion dna synthesis,,NCBI|REACTOME,
Pathway:R-HSA-5696397,Gap-filling DNA repair synthesis and ligation in GG-NER,Pathway,gap-filling dna repair synthesis and ligation in gg-ner,,NCBI|REACTOME,
Pathway:R-HSA-5696400,Dual Incision in GG-NER,Pathway,dual incision in gg-ner,,NCBI|REACTOME,
Pathway:R-HSA-6782135,Dual incision in TC-NER,Pathway,dual incision in tc-ner,,NCBI|REACTOME,
Pathway:R-HSA-6782210,Gap-filling DNA repair synthesis and ligation in TC-NER,Pathway,gap-filling dna repair synthesis and ligation in tc-ner,,NCBI|REACTOME,
Pathway:R-HSA-69091,Polymerase switching,Pathway,polymerase switching,,NCBI|REACTOME,
Pathway:R-HSA-69166,Removal of the Flap Intermediate,Pathway,removal of the flap intermediate,,NCBI|REACTOME,
Pathway:R-HSA-69183,Processive synthesis on the lagging strand,Pathway,processive synthesis on the lagging strand,,NCBI|REACTOME,
Pathway:R-HSA-1227986,Signaling by ERBB2,Pathway,signaling by erbb2,,NCBI|REACTOME,
Pathway:R-HSA-1236394,Signaling by ERBB4,Pathway,signaling by erbb4,,NCBI|REACTOME,
Pathway:R-HSA-1250196,SHC1 events in ERBB2 signaling,Pathway,shc1 events in erbb2 signaling,,NCBI|REACTOME,
Pathway:R-HSA-1250342,PI3K events in ERBB4 signaling,Pathway,pi3k events in erbb4 signaling,,NCBI|REACTOME,
Pathway:R-HSA-1250347,SHC1 events in ERBB4 signaling,Pathway,shc1 events in erbb4 signaling,,NCBI|REACTOME,
Pathway:R-HSA-1257604,PIP3 activates AKT signaling,Pathway,pip3 activates akt signaling,,NCBI|REACTOME,
Pathway:R-HSA-1963640,GRB2 events in ERBB2 signaling,Pathway,grb2 events in erbb2 signaling,,NCBI|REACTOME,
Pathway:R-HSA-1963642,PI3K events in ERBB2 signaling,Pathway,pi3k events in erbb2 signaling,,NCBI|REACTOME,
Pathway:R-HSA-2219530,Constitutive Signaling by Aberrant PI3K in Cancer,Pathway,constitutive signaling by aberrant pi3k in cancer,,NCBI|REACTOME,
Pathway:R-HSA-6785631,ERBB2 Regulates Cell Motility,Pathway,erbb2 regulates cell motility,,NCBI|REACTOME,
Pathway:R-HSA-6811558,"PI5P, PP2A and IER3 Regulate PI3K/AKT Signaling",Pathway,"pi5p, pp2a and ier3 regulate pi3k/akt signaling",,NCBI|REACTOME,
Pathway:R-HSA-8847993,ERBB2 Activates PTK6 Signaling,Pathway,erbb2 activates ptk6 signaling,,NCBI|REACTOME,
Pathway:R-HSA-8863795,Downregulation of ERBB2 signaling,Pathway,downregulation of erbb2 signaling,,NCBI|REACTOME,
Pathway:R-HSA-9664565,Signaling by ERBB2 KD Mutants,Pathway,signaling by erbb2 kd mutants,,NCBI|REACTOME,
Pathway:R-HSA-9665686,Signaling by ERBB2 TMD/JMD mutants,Pathway,signaling by erbb2 tmd/jmd mutants,,NCBI|REACTOME,
Pathway:R-HSA-5627117,RHO GTPases Activate ROCKs,Pathway,rho gtpases activate rocks,,NCBI|REACTOME,
Pathway:R-HSA-8950505,Gene and protein expression by JAK-STAT signaling after Interleukin-12 stimulation,Pathway,gene and protein expression by jak-stat signaling after interleukin-12 stimulation,,NCBI|REACTOME,
Pathway:R-HSA-447041,CHL1 interactions,Pathway,chl1 interactions,,NCBI|REACTOME,
Pathway:R-HSA-3214842,HDMs demethylate histones,Pathway,hdms demethylate histones,,NCBI|REACTOME,
Pathway:R-HSA-6804115,TP53 regulates transcription of additional cell cycle genes whose exact role in the p53 pathway remain uncertain,Pathway,tp53 regulates transcription of additional cell cycle genes whose exact role in the p53 pathway remain uncertain,,NCBI|REACTOME,
Pathway:R-HSA-9662834,CD163 mediating an anti-inflammatory response,Pathway,cd163 mediating an anti-inflammatory response,,NCBI|REACTOME,
Pathway:R-HSA-6784531,tRNA processing in the nucleus,Pathway,trna processing in the nucleus,,NCBI|REACTOME,
Pathway:R-HSA-5627083,RHO GTPases regulate CFTR trafficking,Pathway,rho gtpases regulate cftr trafficking,,NCBI|REACTOME,
Pathway:R-HSA-5678895,Defective CFTR causes cystic fibrosis,Pathway,defective cftr causes cystic fibrosis,,NCBI|REACTOME,
Pathway:R-HSA-5689880,Ub-specific processing proteases,Pathway,ub-specific processing proteases,,NCBI|REACTOME,
Pathway:R-HSA-8856825,Cargo recognition for clathrin-mediated endocytosis,Pathway,cargo recognition for clathrin-mediated endocytosis,,NCBI|REACTOME,
Pathway:R-HSA-888590,"GABA synthesis, release, reuptake and degradation",Pathway,"gaba synthesis, release, reuptake and degradation",,NCBI|REACTOME,
Pathway:R-HSA-196757,Metabolism of folate and pterines,Pathway,metabolism of folate and pterines,,NCBI|REACTOME,
Pathway:R-HSA-2024096,HS-GAG degradation,Pathway,hs-gag degradation,,NCBI|REACTOME,
Pathway:R-HSA-2151209,Activation of PPARGC1A (PGC-1alpha) by phosphorylation,Pathway,activation of ppargc1a (pgc-1alpha) by phosphorylation,,NCBI|REACTOME,
Pathway:R-HSA-8939902,Regulation of RUNX2 expression and activity,Pathway,regulation of runx2 expression and activity,,NCBI|REACTOME,
Pathway:R-HSA-9615017,"FOXO-mediated transcription of oxidative stress, metabolic and neuronal genes",Pathway,"foxo-mediated transcription of oxidative stress, metabolic and neuronal genes",,NCBI|REACTOME,
Pathway:R-HSA-2160916,Hyaluronan uptake and degradation,Pathway,hyaluronan uptake and degradation,,NCBI|REACTOME,
Pathway:R-HSA-3214841,PKMTs methylate histone lysines,Pathway,pkmts methylate histone lysines,,NCBI|REACTOME,
Pathway:R-HSA-427389,ERCC6 (CSB) and EHMT2 (G9a) positively regulate rRNA expression,Pathway,ercc6 (csb) and ehmt2 (g9a) positively regulate rrna expression,,NCBI|REACTOME,
Pathway:R-HSA-6804760,Regulation of TP53 Activity through Methylation,Pathway,regulation of tp53 activity through methylation,,NCBI|REACTOME,
Pathway:R-HSA-73762,RNA Polymerase I Transcription Initiation,Pathway,rna polymerase i transcription initiation,,NCBI|REACTOME,
Pathway:R-HSA-8953750,Transcriptional Regulation by E2F6,Pathway,transcriptional regulation by e2f6,,NCBI|REACTOME,
Pathway:R-HSA-196108,Pregnenolone biosynthesis,Pathway,pregnenolone biosynthesis,,NCBI|REACTOME,
Pathway:R-HSA-977347,Serine biosynthesis,Pathway,serine biosynthesis,,NCBI|REACTOME,
Pathway:R-HSA-6781823,Formation of TC-NER Pre-Incision Complex,Pathway,formation of tc-ner pre-incision complex,,NCBI|REACTOME,
Pathway:R-HSA-6809371,Formation of the cornified envelope,Pathway,formation of the cornified envelope,,NCBI|REACTOME,
Pathway:R-HSA-8854691,Interleukin-20 family signaling,Pathway,interleukin-20 family signaling,,NCBI|REACTOME,
Pathway:R-HSA-5083627,Defective LARGE causes MDDGA6 and MDDGB6,Pathway,defective large causes mddga6 and mddgb6,,NCBI|REACTOME,
Pathway:R-HSA-5173105,O-linked glycosylation,Pathway,o-linked glycosylation,,NCBI|REACTOME,
Pathway:R-HSA-72187,mRNA 3'-end processing,Pathway,mrna 3'-end processing,,NCBI|REACTOME,
Pathway:R-HSA-73856,RNA Polymerase II Transcription Termination,Pathway,rna polymerase ii transcription termination,,NCBI|REACTOME,
Pathway:R-HSA-77595,Processing of Intronless Pre-mRNAs,Pathway,processing of intronless pre-mrnas,,NCBI|REACTOME,
Pathway:R-HSA-141430,Inactivation of APC/C via direct inhibition of the APC/C complex,Pathway,inactivation of apc/c via direct inhibition of the apc/c complex,,NCBI|REACTOME,
Pathway:R-HSA-174048,APC/C:Cdc20 mediated degradation of Cyclin B,Pathway,apc/c:cdc20 mediated degradation of cyclin b,,NCBI|REACTOME,
Pathway:R-HSA-174084,Autodegradation of Cdh1 by Cdh1:APC/C,Pathway,autodegradation of cdh1 by cdh1:apc/c,,NCBI|REACTOME,
Pathway:R-HSA-174154,APC/C:Cdc20 mediated degradation of Securin,Pathway,apc/c:cdc20 mediated degradation of securin,,NCBI|REACTOME,
Pathway:R-HSA-174178,APC/C:Cdh1 mediated degradation of Cdc20 and other APC/C:Cdh1 targeted proteins in late mitosis/early G1,Pathway,apc/c:cdh1 mediated degradation of cdc20 and other apc/c:cdh1 targeted proteins in late mitosis/early g1,,NCBI|REACTOME,
Pathway:R-HSA-174184,Cdc20:Phospho-APC/C mediated degradation of Cyclin A,Pathway,cdc20:phospho-apc/c mediated degradation of cyclin a,,NCBI|REACTOME,
Pathway:R-HSA-176407,Conversion from APC/C:Cdc20 to APC/C:Cdh1 in late anaphase,Pathway,conversion from apc/c:cdc20 to apc/c:cdh1 in late anaphase,,NCBI|REACTOME,
Pathway:R-HSA-176408,Regulation of APC/C activators between G1/S and early anaphase,Pathway,regulation of apc/c activators between g1/s and early anaphase,,NCBI|REACTOME,
Pathway:R-HSA-176409,APC/C:Cdc20 mediated degradation of mitotic proteins,Pathway,apc/c:cdc20 mediated degradation of mitotic proteins,,NCBI|REACTOME,
Pathway:R-HSA-176412,Phosphorylation of the APC/C,Pathway,phosphorylation of the apc/c,,NCBI|REACTOME,
Pathway:R-HSA-179409,APC-Cdc20 mediated degradation of Nek2A,Pathway,apc-cdc20 mediated degradation of nek2a,,NCBI|REACTOME,
Pathway:R-HSA-69017,CDK-mediated phosphorylation and removal of Cdc6,Pathway,cdk-mediated phosphorylation and removal of cdc6,,NCBI|REACTOME,
Pathway:R-HSA-8866652,Synthesis of active ubiquitin: roles of E1 and E2 enzymes,Pathway,synthesis of active ubiquitin: roles of e1 and e2 enzymes,,NCBI|REACTOME,
Pathway:R-HSA-9687136,Aberrant regulation of mitotic exit in cancer due to RB1 defects,Pathway,aberrant regulation of mitotic exit in cancer due to rb1 defects,,NCBI|REACTOME,
Pathway:R-HSA-3214815,HDACs deacetylate histones,Pathway,hdacs deacetylate histones,,NCBI|REACTOME,
Pathway:R-HSA-4551638,SUMOylation of chromatin organization proteins,Pathway,sumoylation of chromatin organization proteins,,NCBI|REACTOME,
Pathway:R-HSA-6804758,Regulation of TP53 Activity through Acetylation,Pathway,regulation of tp53 activity through acetylation,,NCBI|REACTOME,
Pathway:R-HSA-176187,Activation of ATR in response to replication stress,Pathway,activation of atr in response to replication stress,,NCBI|REACTOME,
Pathway:R-HSA-6796648,TP53 Regulates Transcription of DNA Repair Genes,Pathway,tp53 regulates transcription of dna repair genes,,NCBI|REACTOME,
Pathway:R-HSA-69601,Ubiquitin Mediated Degradation of Phosphorylated Cdc25A,Pathway,ubiquitin mediated degradation of phosphorylated cdc25a,,NCBI|REACTOME,
Pathway:R-HSA-75035,Chk1/Chk2(Cds1) mediated inactivation of Cyclin B:Cdk1 complex,Pathway,chk1/chk2(cds1) mediated inactivation of cyclin b:cdk1 complex,,NCBI|REACTOME,
Pathway:R-HSA-8851680,Butyrophilin (BTN) family interactions,Pathway,butyrophilin (btn) family interactions,,NCBI|REACTOME,
Pathway:R-HSA-6803157,Antimicrobial peptides,Pathway,antimicrobial peptides,,NCBI|REACTOME,
Pathway:R-HSA-201451,Signaling by BMP,Pathway,signaling by bmp,,NCBI|REACTOME,
Pathway:R-HSA-2173788,Downregulation of TGF-beta receptor signaling,Pathway,downregulation of tgf-beta receptor signaling,,NCBI|REACTOME,
Pathway:R-HSA-427413,NoRC negatively regulates rRNA expression,Pathway,norc negatively regulates rrna expression,,NCBI|REACTOME,
Pathway:R-HSA-2408552,Methylation of MeSeH for excretion,Pathway,methylation of meseh for excretion,,NCBI|REACTOME,
Pathway:R-HSA-6805567,Keratinization,Pathway,keratinization,,NCBI|REACTOME,
Pathway:R-HSA-9696264,RND3 GTPase cycle,Pathway,rnd3 gtpase cycle,,NCBI|REACTOME,
Pathway:R-HSA-9696270,RND2 GTPase cycle,Pathway,rnd2 gtpase cycle,,NCBI|REACTOME,
Pathway:R-HSA-201681,TCF dependent signaling in response to WNT,Pathway,tcf dependent signaling in response to wnt,,NCBI|REACTOME,
Pathway:R-HSA-3772470,Negative regulation of TCF-dependent signaling by WNT ligand antagonists,Pathway,negative regulation of tcf-dependent signaling by wnt ligand antagonists,,NCBI|REACTOME,
Pathway:R-HSA-1234176,Oxygen-dependent proline hydroxylation of Hypoxia-inducible Factor Alpha,Pathway,oxygen-dependent proline hydroxylation of hypoxia-inducible factor alpha,,NCBI|REACTOME,
Pathway:R-HSA-1169408,ISG15 antiviral mechanism,Pathway,isg15 antiviral mechanism,,NCBI|REACTOME,
Pathway:R-HSA-912694,Regulation of IFNA signaling,Pathway,regulation of ifna signaling,,NCBI|REACTOME,
Pathway:R-HSA-390648,Muscarinic acetylcholine receptors,Pathway,muscarinic acetylcholine receptors,,NCBI|REACTOME,
Pathway:R-HSA-163359,Glucagon signaling in metabolic regulation,Pathway,glucagon signaling in metabolic regulation,,NCBI|REACTOME,
Pathway:R-HSA-163615,PKA activation,Pathway,pka activation,,NCBI|REACTOME,
Pathway:R-HSA-164378,PKA activation in glucagon signalling,Pathway,pka activation in glucagon signalling,,NCBI|REACTOME,
Pathway:R-HSA-170660,Adenylate cyclase activating pathway,Pathway,adenylate cyclase activating pathway,,NCBI|REACTOME,
Pathway:R-HSA-170670,Adenylate cyclase inhibitory pathway,Pathway,adenylate cyclase inhibitory pathway,,NCBI|REACTOME,
Pathway:R-HSA-9664323,FCGR3A-mediated IL10 synthesis,Pathway,fcgr3a-mediated il10 synthesis,,NCBI|REACTOME,
Pathway:R-HSA-2468052,Establishment of Sister Chromatid Cohesion,Pathway,establishment of sister chromatid cohesion,,NCBI|REACTOME,
Pathway:R-HSA-6782315,tRNA modification in the nucleus and cytosol,Pathway,trna modification in the nucleus and cytosol,,NCBI|REACTOME,
Pathway:R-HSA-8854214,TBC/RABGAPs,Pathway,tbc/rabgaps,,NCBI|REACTOME,
Pathway:R-HSA-629594,Highly calcium permeable postsynaptic nicotinic acetylcholine receptors,Pathway,highly calcium permeable postsynaptic nicotinic acetylcholine receptors,,NCBI|REACTOME,
Pathway:R-HSA-629597,Highly calcium permeable nicotinic acetylcholine receptors,Pathway,highly calcium permeable nicotinic acetylcholine receptors,,NCBI|REACTOME,
Pathway:R-HSA-629587,Highly sodium permeable postsynaptic acetylcholine nicotinic receptors,Pathway,highly sodium permeable postsynaptic acetylcholine nicotinic receptors,,NCBI|REACTOME,
Pathway:R-HSA-442720,CREB1 phosphorylation through the activation of Adenylate Cyclase,Pathway,creb1 phosphorylation through the activation of adenylate cyclase,,NCBI|REACTOME,
Pathway:R-HSA-9013407,RHOH GTPase cycle,Pathway,rhoh gtpase cycle,,NCBI|REACTOME,
Pathway:R-HSA-8964572,Lipid particle organization,Pathway,lipid particle organization,,NCBI|REACTOME,
Pathway:R-HSA-427601,Multifunctional anion exchangers,Pathway,multifunctional anion exchangers,,NCBI|REACTOME,
Pathway:R-HSA-71288,Creatine metabolism,Pathway,creatine metabolism,,NCBI|REACTOME,
Pathway:R-HSA-169911,Regulation of Apoptosis,Pathway,regulation of apoptosis,,NCBI|REACTOME,
Pathway:R-HSA-187024,NGF-independant TRKA activation,Pathway,ngf-independant trka activation,,NCBI|REACTOME,
Pathway:R-HSA-177135,Conjugation of benzoate with glycine,Pathway,conjugation of benzoate with glycine,,NCBI|REACTOME,
Pathway:R-HSA-177162,Conjugation of phenylacetate with glutamine,Pathway,conjugation of phenylacetate with glutamine,,NCBI|REACTOME,
Pathway:R-HSA-373752,Netrin-1 signaling,Pathway,netrin-1 signaling,,NCBI|REACTOME,
Pathway:R-HSA-165158,Activation of AKT2,Pathway,activation of akt2,,NCBI|REACTOME,
Pathway:R-HSA-199418,Negative regulation of the PI3K/AKT network,Pathway,negative regulation of the pi3k/akt network,,NCBI|REACTOME,
Pathway:R-HSA-389357,CD28 dependent PI3K/Akt signaling,Pathway,cd28 dependent pi3k/akt signaling,,NCBI|REACTOME,
Pathway:R-HSA-77289,Mitochondrial Fatty Acid Beta-Oxidation,Pathway,mitochondrial fatty acid beta-oxidation,,NCBI|REACTOME,
Pathway:R-HSA-3000480,Scavenging by Class A Receptors,Pathway,scavenging by class a receptors,,NCBI|REACTOME,
Pathway:R-HSA-264870,Caspase-mediated cleavage of cytoskeletal proteins,Pathway,caspase-mediated cleavage of cytoskeletal proteins,,NCBI|REACTOME,
Pathway:R-HSA-5223345,Miscellaneous transport and binding events,Pathway,miscellaneous transport and binding events,,NCBI|REACTOME,
Pathway:R-HSA-5210891,Uptake and function of anthrax toxins,Pathway,uptake and function of anthrax toxins,,NCBI|REACTOME,
Pathway:R-HSA-166665,Terminal pathway of complement,Pathway,terminal pathway of complement,,NCBI|REACTOME,
Pathway:R-HSA-977606,Regulation of Complement cascade,Pathway,regulation of complement cascade,,NCBI|REACTOME,
Pathway:R-HSA-381753,Olfactory Signaling Pathway,Pathway,olfactory signaling pathway,,NCBI|REACTOME,
Pathway:R-HSA-5358493,Synthesis of diphthamide-EEF2,Pathway,synthesis of diphthamide-eef2,,NCBI|REACTOME,
Pathway:R-HSA-190873,Gap junction degradation,Pathway,gap junction degradation,,NCBI|REACTOME,
Pathway:R-HSA-196025,Formation of annular gap junctions,Pathway,formation of annular gap junctions,,NCBI|REACTOME,
Pathway:R-HSA-432720,Lysosome Vesicle Biogenesis,Pathway,lysosome vesicle biogenesis,,NCBI|REACTOME,
Pathway:R-HSA-5099900,WNT5A-dependent internalization of FZD4,Pathway,wnt5a-dependent internalization of fzd4,,NCBI|REACTOME,
Pathway:R-HSA-5140745,"WNT5A-dependent internalization of FZD2, FZD5 and ROR2",Pathway,"wnt5a-dependent internalization of fzd2, fzd5 and ror2",,NCBI|REACTOME,
Pathway:R-HSA-209931,Serotonin and melatonin biosynthesis,Pathway,serotonin and melatonin biosynthesis,,NCBI|REACTOME,
Pathway:R-HSA-380108,Chemokine receptors bind chemokines,Pathway,chemokine receptors bind chemokines,,NCBI|REACTOME,
Pathway:R-HSA-6783783,Interleukin-10 signaling,Pathway,interleukin-10 signaling,,NCBI|REACTOME,
Pathway:R-HSA-173107,Binding and entry of HIV virion,Pathway,binding and entry of hiv virion,,NCBI|REACTOME,
Pathway:R-HSA-5679001,Defective ABCC2 causes DJS,Pathway,defective abcc2 causes djs,,NCBI|REACTOME,
Pathway:R-HSA-446203,Asparagine N-linked glycosylation,Pathway,asparagine n-linked glycosylation,,NCBI|REACTOME,
Pathway:R-HSA-9037629,Lewis blood group biosynthesis,Pathway,lewis blood group biosynthesis,,NCBI|REACTOME,
Pathway:R-HSA-71384,Ethanol oxidation,Pathway,ethanol oxidation,,NCBI|REACTOME,
Pathway:R-HSA-5620916,VxPx cargo-targeting to cilium,Pathway,vxpx cargo-targeting to cilium,,NCBI|REACTOME,
Pathway:R-HSA-373076,Class A/1 (Rhodopsin-like receptors),Pathway,class a/1 (rhodopsin-like receptors),,NCBI|REACTOME,
Pathway:R-HSA-5365859,RA biosynthesis pathway,Pathway,ra biosynthesis pathway,,NCBI|REACTOME,
Pathway:R-HSA-6788467,IL-6-type cytokine receptor ligand interactions,Pathway,il-6-type cytokine receptor ligand interactions,,NCBI|REACTOME,
Pathway:R-HSA-447043,Neurofascin interactions,Pathway,neurofascin interactions,,NCBI|REACTOME,
Pathway:R-HSA-1474244,Extracellular matrix organization,Pathway,extracellular matrix organization,,NCBI|REACTOME,
Pathway:R-HSA-1650814,Collagen biosynthesis and modifying enzymes,Pathway,collagen biosynthesis and modifying enzymes,,NCBI|REACTOME,
Pathway:R-HSA-186797,Signaling by PDGF,Pathway,signaling by pdgf,,NCBI|REACTOME,
Pathway:R-HSA-2022090,Assembly of collagen fibrils and other multimeric structures,Pathway,assembly of collagen fibrils and other multimeric structures,,NCBI|REACTOME,
Pathway:R-HSA-216083,Integrin cell surface interactions,Pathway,integrin cell surface interactions,,NCBI|REACTOME,
Pathway:R-HSA-3000170,Syndecan interactions,Pathway,syndecan interactions,,NCBI|REACTOME,
Pathway:R-HSA-3000171,Non-integrin membrane-ECM interactions,Pathway,non-integrin membrane-ecm interactions,,NCBI|REACTOME,
Pathway:R-HSA-3000178,ECM proteoglycans,Pathway,ecm proteoglycans,,NCBI|REACTOME,
Pathway:R-HSA-419037,NCAM1 interactions,Pathway,ncam1 interactions,,NCBI|REACTOME,
Pathway:R-HSA-8874081,MET activates PTK2 signaling,Pathway,met activates ptk2 signaling,,NCBI|REACTOME,
Pathway:R-HSA-8948216,Collagen chain trimerization,Pathway,collagen chain trimerization,,NCBI|REACTOME,
Pathway:R-HSA-9013409,RHOJ GTPase cycle,Pathway,rhoj gtpase cycle,,NCBI|REACTOME,
Pathway:R-HSA-2214320,Anchoring fibril formation,Pathway,anchoring fibril formation,,NCBI|REACTOME,
Pathway:R-HSA-2243919,Crosslinking of collagen fibrils,Pathway,crosslinking of collagen fibrils,,NCBI|REACTOME,
Pathway:R-HSA-3000157,Laminin interactions,Pathway,laminin interactions,,NCBI|REACTOME,
Pathway:R-HSA-5694530,Cargo concentration in the ER,Pathway,cargo concentration in the er,,NCBI|REACTOME,
Pathway:R-HSA-156581,Methylation,Pathway,methylation,,NCBI|REACTOME,
Pathway:R-HSA-379397,Enzymatic degradation of dopamine by COMT,Pathway,enzymatic degradation of dopamine by comt,,NCBI|REACTOME,
Pathway:R-HSA-379398,Enzymatic degradation of Dopamine by monoamine oxidase,Pathway,enzymatic degradation of dopamine by monoamine oxidase,,NCBI|REACTOME,
Pathway:R-HSA-70921,Histidine catabolism,Pathway,histidine catabolism,,NCBI|REACTOME,
Pathway:R-HSA-425410,Metal ion SLC transporters,Pathway,metal ion slc transporters,,NCBI|REACTOME,
Pathway:R-HSA-5684264,MAP3K8 (TPL2)-dependent MAPK1/3 activation,Pathway,map3k8 (tpl2)-dependent mapk1/3 activation,,NCBI|REACTOME,
Pathway:R-HSA-5632684,Hedgehog 'on' state,Pathway,hedgehog 'on' state,,NCBI|REACTOME,
Pathway:R-HSA-5635838,Activation of SMO,Pathway,activation of smo,,NCBI|REACTOME,
Pathway:R-HSA-417973,Adenosine P1 receptors,Pathway,adenosine p1 receptors,,NCBI|REACTOME,
Pathway:R-HSA-375280,Amine ligand-binding receptors,Pathway,amine ligand-binding receptors,,NCBI|REACTOME,
Pathway:R-HSA-5619049,Defective SLC40A1 causes hemochromatosis 4 (HFE4) (macrophages),Pathway,defective slc40a1 causes hemochromatosis 4 (hfe4) (macrophages),,NCBI|REACTOME,
Pathway:R-HSA-5619060,Defective CP causes aceruloplasminemia (ACERULOP),Pathway,defective cp causes aceruloplasminemia (acerulop),,NCBI|REACTOME,
Pathway:R-HSA-917937,Iron uptake and transport,Pathway,iron uptake and transport,,NCBI|REACTOME,
Pathway:R-HSA-264876,Insulin processing,Pathway,insulin processing,,NCBI|REACTOME,
Pathway:R-HSA-420029,Tight junction interactions,Pathway,tight junction interactions,,NCBI|REACTOME,
Pathway:R-HSA-5601884,PIWI-interacting RNA (piRNA) biogenesis,Pathway,piwi-interacting rna (pirna) biogenesis,,NCBI|REACTOME,
Pathway:R-HSA-200425,Carnitine metabolism,Pathway,carnitine metabolism,,NCBI|REACTOME,
Pathway:R-HSA-5362517,Signaling by Retinoic Acid,Pathway,signaling by retinoic acid,,NCBI|REACTOME,
Pathway:R-HSA-880009,Interconversion of 2-oxoglutarate and 2-hydroxyglutarate,Pathway,interconversion of 2-oxoglutarate and 2-hydroxyglutarate,,NCBI|REACTOME,
Pathway:R-HSA-167161,HIV Transcription Initiation,Pathway,hiv transcription initiation,,NCBI|REACTOME,
Pathway:R-HSA-167162,RNA Polymerase II HIV Promoter Escape,Pathway,rna polymerase ii hiv promoter escape,,NCBI|REACTOME,
Pathway:R-HSA-167172,Transcription of the HIV genome,Pathway,transcription of the hiv genome,,NCBI|REACTOME,
Pathway:R-HSA-674695,RNA Polymerase II Pre-transcription Events,Pathway,rna polymerase ii pre-transcription events,,NCBI|REACTOME,
Pathway:R-HSA-73776,RNA Polymerase II Promoter Escape,Pathway,rna polymerase ii promoter escape,,NCBI|REACTOME,
Pathway:R-HSA-73779,RNA Polymerase II Transcription Pre-Initiation And Promoter Opening,Pathway,rna polymerase ii transcription pre-initiation and promoter opening,,NCBI|REACTOME,
Pathway:R-HSA-75953,RNA Polymerase II Transcription Initiation,Pathway,rna polymerase ii transcription initiation,,NCBI|REACTOME,
Pathway:R-HSA-76042,RNA Polymerase II Transcription Initiation And Promoter Clearance,Pathway,rna polymerase ii transcription initiation and promoter clearance,,NCBI|REACTOME,
Pathway:R-HSA-111931,PKA-mediated phosphorylation of CREB,Pathway,pka-mediated phosphorylation of creb,,NCBI|REACTOME,
Pathway:R-HSA-198693,AKT phosphorylates targets in the nucleus,Pathway,akt phosphorylates targets in the nucleus,,NCBI|REACTOME,
Pathway:R-HSA-199920,CREB phosphorylation,Pathway,creb phosphorylation,,NCBI|REACTOME,
Pathway:R-HSA-2197563,NOTCH2 intracellular domain regulates transcription,Pathway,notch2 intracellular domain regulates transcription,,NCBI|REACTOME,
Pathway:R-HSA-375165,NCAM signaling for neurite out-growth,Pathway,ncam signaling for neurite out-growth,,NCBI|REACTOME,
Pathway:R-HSA-442742,CREB1 phosphorylation through NMDA receptor-mediated activation of RAS signaling,Pathway,creb1 phosphorylation through nmda receptor-mediated activation of ras signaling,,NCBI|REACTOME,
Pathway:R-HSA-881907,Gastrin-CREB signalling pathway via PKC and MAPK,Pathway,gastrin-creb signalling pathway via pkc and mapk,,NCBI|REACTOME,
Pathway:R-HSA-9022692,Regulation of MECP2 expression and activity,Pathway,regulation of mecp2 expression and activity,,NCBI|REACTOME,
Pathway:R-HSA-9022699,MECP2 regulates neuronal receptors and channels,Pathway,mecp2 regulates neuronal receptors and channels,,NCBI|REACTOME,
Pathway:R-HSA-9022702,MECP2 regulates transcription of neuronal ligands,Pathway,mecp2 regulates transcription of neuronal ligands,,NCBI|REACTOME,
Pathway:R-HSA-9022707,MECP2 regulates transcription factors,Pathway,mecp2 regulates transcription factors,,NCBI|REACTOME,
Pathway:R-HSA-450341,Activation of the AP-1 family of transcription factors,Pathway,activation of the ap-1 family of transcription factors,,NCBI|REACTOME,
Pathway:R-HSA-1234158,Regulation of gene expression by Hypoxia-inducible Factor,Pathway,regulation of gene expression by hypoxia-inducible factor,,NCBI|REACTOME,
Pathway:R-HSA-1912408,Pre-NOTCH Transcription and Translation,Pathway,pre-notch transcription and translation,,NCBI|REACTOME,
Pathway:R-HSA-201722,Formation of the beta-catenin:TCF transactivating complex,Pathway,formation of the beta-catenin:tcf transactivating complex,,NCBI|REACTOME,
Pathway:R-HSA-210744,Regulation of gene expression in late stage (branching morphogenesis) pancreatic bud precursor cells,Pathway,regulation of gene expression in late stage (branching morphogenesis) pancreatic bud precursor cells,,NCBI|REACTOME,
Pathway:R-HSA-3134973,LRR FLII-interacting protein 1 (LRRFIP1) activates type I IFN production,Pathway,lrr flii-interacting protein 1 (lrrfip1) activates type i ifn production,,NCBI|REACTOME,
Pathway:R-HSA-3371568,Attenuation phase,Pathway,attenuation phase,,NCBI|REACTOME,
Pathway:R-HSA-5621575,CD209 (DC-SIGN) signaling,Pathway,cd209 (dc-sign) signaling,,NCBI|REACTOME,
Pathway:R-HSA-6803204,TP53 Regulates Transcription of Genes Involved in Cytochrome C Release,Pathway,tp53 regulates transcription of genes involved in cytochrome c release,,NCBI|REACTOME,
Pathway:R-HSA-8866907,Activation of the TFAP2 (AP-2) family of transcription factors,Pathway,activation of the tfap2 (ap-2) family of transcription factors,,NCBI|REACTOME,
Pathway:R-HSA-8939246,RUNX1 regulates transcription of genes involved in differentiation of myeloid cells,Pathway,runx1 regulates transcription of genes involved in differentiation of myeloid cells,,NCBI|REACTOME,
Pathway:R-HSA-8941856,RUNX3 regulates NOTCH signaling,Pathway,runx3 regulates notch signaling,,NCBI|REACTOME,
Pathway:R-HSA-9013508,NOTCH3 Intracellular Domain Regulates Transcription,Pathway,notch3 intracellular domain regulates transcription,,NCBI|REACTOME,
Pathway:R-HSA-9013695,NOTCH4 Intracellular Domain Regulates Transcription,Pathway,notch4 intracellular domain regulates transcription,,NCBI|REACTOME,
Pathway:R-HSA-918233,TRAF3-dependent IRF activation pathway,Pathway,traf3-dependent irf activation pathway,,NCBI|REACTOME,
Pathway:R-HSA-9617629,Regulation of FOXO transcriptional activity by acetylation,Pathway,regulation of foxo transcriptional activity by acetylation,,NCBI|REACTOME,
Pathway:R-HSA-373080,Class B/2 (Secretin family receptors),Pathway,class b/2 (secretin family receptors),,NCBI|REACTOME,
Pathway:R-HSA-173623,Classical antibody-mediated complement activation,Pathway,classical antibody-mediated complement activation,,NCBI|REACTOME,
Pathway:R-HSA-3295583,TRP channels,Pathway,trp channels,,NCBI|REACTOME,
Pathway:R-HSA-3371571,HSF1-dependent transactivation,Pathway,hsf1-dependent transactivation,,NCBI|REACTOME,
Pathway:R-HSA-110362,POLB-Dependent Long Patch Base Excision Repair,Pathway,polb-dependent long patch base excision repair,,NCBI|REACTOME,
Pathway:R-HSA-192814,vRNA Synthesis,Pathway,vrna synthesis,,NCBI|REACTOME,
Pathway:R-HSA-2173795,Downregulation of SMAD2/3:SMAD4 transcriptional activity,Pathway,downregulation of smad2/3:smad4 transcriptional activity,,NCBI|REACTOME,
Pathway:R-HSA-5696395,Formation of Incision Complex in GG-NER,Pathway,formation of incision complex in gg-ner,,NCBI|REACTOME,
Pathway:R-HSA-9683610,Maturation of nucleoprotein,Pathway,maturation of nucleoprotein,,NCBI|REACTOME,
Pathway:R-HSA-9694631,Maturation of nucleoprotein,Pathway,maturation of nucleoprotein,,NCBI|REACTOME,
Pathway:R-HSA-6811438,Intra-Golgi traffic,Pathway,intra-golgi traffic,,NCBI|REACTOME,
Pathway:R-HSA-168638,NOD1/2 Signaling Pathway,Pathway,nod1/2 signaling pathway,,NCBI|REACTOME,
Pathway:R-HSA-171007,p38MAPK events,Pathway,p38mapk events,,NCBI|REACTOME,
Pathway:R-HSA-198753,ERK/MAPK targets,Pathway,erk/mapk targets,,NCBI|REACTOME,
Pathway:R-HSA-376172,DSCAM interactions,Pathway,dscam interactions,,NCBI|REACTOME,
Pathway:R-HSA-432142,Platelet sensitization by LDL,Pathway,platelet sensitization by ldl,,NCBI|REACTOME,
Pathway:R-HSA-450302,activated TAK1 mediates p38 MAPK activation,Pathway,activated tak1 mediates p38 mapk activation,,NCBI|REACTOME,
Pathway:R-HSA-450604,KSRP (KHSRP) binds and destabilizes mRNA,Pathway,ksrp (khsrp) binds and destabilizes mrna,,NCBI|REACTOME,
Pathway:R-HSA-5668599,RHO GTPases Activate NADPH Oxidases,Pathway,rho gtpases activate nadph oxidases,,NCBI|REACTOME,
Pathway:R-HSA-449836,Other interleukin signaling,Pathway,other interleukin signaling,,NCBI|REACTOME,
Pathway:R-HSA-512988,"Interleukin-3, Interleukin-5 and GM-CSF signaling",Pathway,"interleukin-3, interleukin-5 and gm-csf signaling",,NCBI|REACTOME,
Pathway:R-HSA-912526,Interleukin receptor SHC signaling,Pathway,interleukin receptor shc signaling,,NCBI|REACTOME,
Pathway:R-HSA-5688849,Defective CSF2RB causes SMDP5,Pathway,defective csf2rb causes smdp5,,NCBI|REACTOME,
Pathway:R-HSA-5688890,Defective CSF2RA causes SMDP4,Pathway,defective csf2ra causes smdp4,,NCBI|REACTOME,
Pathway:R-HSA-9674555,Signaling by CSF3 (G-CSF),Pathway,signaling by csf3 (g-csf),,NCBI|REACTOME,
Pathway:R-HSA-9705462,Inactivation of CSF3 (G-CSF) signaling,Pathway,inactivation of csf3 (g-csf) signaling,,NCBI|REACTOME,
Pathway:R-HSA-201688,WNT mediated activation of DVL,Pathway,wnt mediated activation of dvl,,NCBI|REACTOME,
Pathway:R-HSA-5660489,MTF1 activates gene expression,Pathway,mtf1 activates gene expression,,NCBI|REACTOME,
Pathway:R-HSA-390696,Adrenoceptors,Pathway,adrenoceptors,,NCBI|REACTOME,
Pathway:R-HSA-140534,Caspase activation via Death Receptors in the presence of ligand,Pathway,caspase activation via death receptors in the presence of ligand,,NCBI|REACTOME,
Pathway:R-HSA-166166,MyD88-independent TLR4 cascade,Pathway,myd88-independent tlr4 cascade,,NCBI|REACTOME,
Pathway:R-HSA-168164,Toll Like Receptor 3 (TLR3) Cascade,Pathway,toll like receptor 3 (tlr3) cascade,,NCBI|REACTOME,
Pathway:R-HSA-168927,"TICAM1, RIP1-mediated IKK complex recruitment",Pathway,"ticam1, rip1-mediated ikk complex recruitment",,NCBI|REACTOME,
Pathway:R-HSA-1810476,RIP-mediated NFkB activation via ZBP1,Pathway,rip-mediated nfkb activation via zbp1,,NCBI|REACTOME,
Pathway:R-HSA-2562578,TRIF-mediated programmed cell death,Pathway,trif-mediated programmed cell death,,NCBI|REACTOME,
Pathway:R-HSA-5602566,TICAM1 deficiency - HSE,Pathway,ticam1 deficiency - hse,,NCBI|REACTOME,
Pathway:R-HSA-5602571,TRAF3 deficiency - HSE,Pathway,traf3 deficiency - hse,,NCBI|REACTOME,
Pathway:R-HSA-9013957,TLR3-mediated TICAM1-dependent programmed cell death,Pathway,tlr3-mediated ticam1-dependent programmed cell death,,NCBI|REACTOME,
Pathway:R-HSA-9014325,"TICAM1,TRAF6-dependent induction of TAK1 complex",Pathway,"ticam1,traf6-dependent induction of tak1 complex",,NCBI|REACTOME,
Pathway:R-HSA-937041,IKK complex recruitment mediated by RIP1,Pathway,ikk complex recruitment mediated by rip1,,NCBI|REACTOME,
Pathway:R-HSA-937072,TRAF6-mediated induction of TAK1 complex within TLR4 complex,Pathway,traf6-mediated induction of tak1 complex within tlr4 complex,,NCBI|REACTOME,
Pathway:R-HSA-975163,IRAK2 mediated activation of TAK1 complex upon TLR7/8 or 9 stimulation,Pathway,irak2 mediated activation of tak1 complex upon tlr7/8 or 9 stimulation,,NCBI|REACTOME,
Pathway:R-HSA-8874211,CREB3 factors activate genes,Pathway,creb3 factors activate genes,,NCBI|REACTOME,
Pathway:R-HSA-3769402,Deactivation of the beta-catenin transactivating complex,Pathway,deactivation of the beta-catenin transactivating complex,,NCBI|REACTOME,
Pathway:R-HSA-4641265,Repression of WNT target genes,Pathway,repression of wnt target genes,,NCBI|REACTOME,
Pathway:R-HSA-5339700,Signaling by TCF7L2 mutants,Pathway,signaling by tcf7l2 mutants,,NCBI|REACTOME,
Pathway:R-HSA-9662360,Sensory processing of sound by inner hair cells of the cochlea,Pathway,sensory processing of sound by inner hair cells of the cochlea,,NCBI|REACTOME,
Pathway:R-HSA-389513,CTLA4 inhibitory signaling,Pathway,ctla4 inhibitory signaling,,NCBI|REACTOME,
Pathway:R-HSA-8877330,RUNX1 and FOXP3 control the development of regulatory T lymphocytes (Tregs),Pathway,runx1 and foxp3 control the development of regulatory t lymphocytes (tregs),,NCBI|REACTOME,
Pathway:R-HSA-195253,Degradation of beta-catenin by the destruction complex,Pathway,degradation of beta-catenin by the destruction complex,,NCBI|REACTOME,
Pathway:R-HSA-196299,Beta-catenin phosphorylation cascade,Pathway,beta-catenin phosphorylation cascade,,NCBI|REACTOME,
Pathway:R-HSA-4411364,Binding of TCF/LEF:CTNNB1 to target gene promoters,Pathway,binding of tcf/lef:ctnnb1 to target gene promoters,,NCBI|REACTOME,
Pathway:R-HSA-4641262,Disassembly of the destruction complex and recruitment of AXIN to the membrane,Pathway,disassembly of the destruction complex and recruitment of axin to the membrane,,NCBI|REACTOME,
Pathway:R-HSA-5339716,Signaling by GSK3beta mutants,Pathway,signaling by gsk3beta mutants,,NCBI|REACTOME,
Pathway:R-HSA-5358747,S33 mutants of beta-catenin aren't phosphorylated,Pathway,s33 mutants of beta-catenin aren't phosphorylated,,NCBI|REACTOME,
Pathway:R-HSA-5358749,S37 mutants of beta-catenin aren't phosphorylated,Pathway,s37 mutants of beta-catenin aren't phosphorylated,,NCBI|REACTOME,
Pathway:R-HSA-5358751,S45 mutants of beta-catenin aren't phosphorylated,Pathway,s45 mutants of beta-catenin aren't phosphorylated,,NCBI|REACTOME,
Pathway:R-HSA-5358752,T41 mutants of beta-catenin aren't phosphorylated,Pathway,t41 mutants of beta-catenin aren't phosphorylated,,NCBI|REACTOME,
Pathway:R-HSA-8876493,InlA-mediated entry of Listeria monocytogenes into host cells,Pathway,inla-mediated entry of listeria monocytogenes into host cells,,NCBI|REACTOME,
Pathway:R-HSA-8951430,RUNX3 regulates WNT signaling,Pathway,runx3 regulates wnt signaling,,NCBI|REACTOME,
Pathway:R-HSA-392023,Adrenaline signalling through Alpha-2 adrenergic receptor,Pathway,adrenaline signalling through alpha-2 adrenergic receptor,,NCBI|REACTOME,
Pathway:R-HSA-1679131,Trafficking and processing of endosomal TLR,Pathway,trafficking and processing of endosomal tlr,,NCBI|REACTOME,
Pathway:R-HSA-1592389,Activation of Matrix Metalloproteinases,Pathway,activation of matrix metalloproteinases,,NCBI|REACTOME,
Pathway:R-HSA-8939242,RUNX1 regulates transcription of genes involved in differentiation of keratinocytes,Pathway,runx1 regulates transcription of genes involved in differentiation of keratinocytes,,NCBI|REACTOME,
Pathway:R-HSA-1839117,Signaling by cytosolic FGFR1 fusion mutants,Pathway,signaling by cytosolic fgfr1 fusion mutants,,NCBI|REACTOME,
Pathway:R-HSA-5655302,Signaling by FGFR1 in disease,Pathway,signaling by fgfr1 in disease,,NCBI|REACTOME,
Pathway:R-HSA-5658442,Regulation of RAS by GAPs,Pathway,regulation of ras by gaps,,NCBI|REACTOME,
Pathway:R-HSA-5357786,TNFR1-induced proapoptotic signaling,Pathway,tnfr1-induced proapoptotic signaling,,NCBI|REACTOME,
Pathway:R-HSA-5357905,Regulation of TNFR1 signaling,Pathway,regulation of tnfr1 signaling,,NCBI|REACTOME,
Pathway:R-HSA-5357956,TNFR1-induced NFkappaB signaling pathway,Pathway,tnfr1-induced nfkappab signaling pathway,,NCBI|REACTOME,
Pathway:R-HSA-936440,Negative regulators of DDX58/IFIH1 signaling,Pathway,negative regulators of ddx58/ifih1 signaling,,NCBI|REACTOME,
Pathway:R-HSA-211981,Xenobiotics,Pathway,xenobiotics,,NCBI|REACTOME,
Pathway:R-HSA-2142670,Synthesis of epoxy (EET) and dihydroxyeicosatrienoic acids (DHET),Pathway,synthesis of epoxy (eet) and dihydroxyeicosatrienoic acids (dhet),,NCBI|REACTOME,
Pathway:R-HSA-2142816,Synthesis of (16-20)-hydroxyeicosatetraenoic acids (HETE),Pathway,synthesis of (16-20)-hydroxyeicosatetraenoic acids (hete),,NCBI|REACTOME,
Pathway:R-HSA-9018681,Biosynthesis of protectins,Pathway,biosynthesis of protectins,,NCBI|REACTOME,
Pathway:R-HSA-211957,Aromatic amines can be N-hydroxylated or N-dealkylated by CYP1A2,Pathway,aromatic amines can be n-hydroxylated or n-dealkylated by cyp1a2,,NCBI|REACTOME,
Pathway:R-HSA-5423646,Aflatoxin activation and detoxification,Pathway,aflatoxin activation and detoxification,,NCBI|REACTOME,
Pathway:R-HSA-9027307,Biosynthesis of maresin-like SPMs,Pathway,biosynthesis of maresin-like spms,,NCBI|REACTOME,
Pathway:R-HSA-5579000,Defective CYP1B1 causes Glaucoma,Pathway,defective cyp1b1 causes glaucoma,,NCBI|REACTOME,
Pathway:R-HSA-211999,CYP2E1 reactions,Pathway,cyp2e1 reactions,,NCBI|REACTOME,
Pathway:R-HSA-211935,Fatty acids,Pathway,fatty acids,,NCBI|REACTOME,
Pathway:R-HSA-211958,Miscellaneous substrates,Pathway,miscellaneous substrates,,NCBI|REACTOME,
Pathway:R-HSA-211979,Eicosanoids,Pathway,eicosanoids,,NCBI|REACTOME,
Pathway:R-HSA-2142691,Synthesis of Leukotrienes (LT) and Eoxins (EX),Pathway,synthesis of leukotrienes (lt) and eoxins (ex),,NCBI|REACTOME,
Pathway:R-HSA-193993,Mineralocorticoid biosynthesis,Pathway,mineralocorticoid biosynthesis,,NCBI|REACTOME,
Pathway:R-HSA-194002,Glucocorticoid biosynthesis,Pathway,glucocorticoid biosynthesis,,NCBI|REACTOME,
Pathway:R-HSA-5579009,Defective CYP11B2 causes CMO-1 deficiency,Pathway,defective cyp11b2 causes cmo-1 deficiency,,NCBI|REACTOME,
Pathway:R-HSA-193048,Androgen biosynthesis,Pathway,androgen biosynthesis,,NCBI|REACTOME,
Pathway:R-HSA-5579028,Defective CYP17A1 causes AH5,Pathway,defective cyp17a1 causes ah5,,NCBI|REACTOME,
Pathway:R-HSA-193144,Estrogen biosynthesis,Pathway,estrogen biosynthesis,,NCBI|REACTOME,
Pathway:R-HSA-5579030,Defective CYP19A1 causes AEXS,Pathway,defective cyp19a1 causes aexs,,NCBI|REACTOME,
Pathway:R-HSA-73817,Purine ribonucleoside monophosphate biosynthesis,Pathway,purine ribonucleoside monophosphate biosynthesis,,NCBI|REACTOME,
Pathway:R-HSA-196791,Vitamin D (calciferol) metabolism,Pathway,vitamin d (calciferol) metabolism,,NCBI|REACTOME,
Pathway:R-HSA-211916,Vitamins,Pathway,vitamins,,NCBI|REACTOME,
Pathway:R-HSA-5579010,Defective CYP24A1 causes HCAI,Pathway,defective cyp24a1 causes hcai,,NCBI|REACTOME,
Pathway:R-HSA-5083628,"Defective POMGNT1 causes MDDGA3, MDDGB3 and MDDGC3",Pathway,"defective pomgnt1 causes mddga3, mddgb3 and mddgc3",,NCBI|REACTOME,
Pathway:R-HSA-5083629,"Defective POMT2 causes MDDGA2, MDDGB2 and MDDGC2",Pathway,"defective pomt2 causes mddga2, mddgb2 and mddgc2",,NCBI|REACTOME,
Pathway:R-HSA-5083633,"Defective POMT1 causes MDDGA1, MDDGB1 and MDDGC1",Pathway,"defective pomt1 causes mddga1, mddgb1 and mddgc1",,NCBI|REACTOME,
Pathway:R-HSA-9010553,Regulation of expression of SLITs and ROBOs,Pathway,regulation of expression of slits and robos,,NCBI|REACTOME,
Pathway:R-HSA-428643,Organic anion transporters,Pathway,organic anion transporters,,NCBI|REACTOME,
Pathway:R-HSA-114508,Effects of PIP2 hydrolysis,Pathway,effects of pip2 hydrolysis,,NCBI|REACTOME,
Pathway:R-HSA-389661,Glyoxylate metabolism and glycine degradation,Pathway,glyoxylate metabolism and glycine degradation,,NCBI|REACTOME,
Pathway:R-HSA-9033241,Peroxisomal protein import,Pathway,peroxisomal protein import,,NCBI|REACTOME,
Pathway:R-HSA-418889,Caspase activation via Dependence Receptors in the absence of ligand,Pathway,caspase activation via dependence receptors in the absence of ligand,,NCBI|REACTOME,
Pathway:R-HSA-209905,Catecholamine biosynthesis,Pathway,catecholamine biosynthesis,,NCBI|REACTOME,
Pathway:R-HSA-9013405,RHOD GTPase cycle,Pathway,rhod gtpase cycle,,NCBI|REACTOME,
Pathway:R-HSA-9013418,RHOBTB2 GTPase cycle,Pathway,rhobtb2 gtpase cycle,,NCBI|REACTOME,
Pathway:R-HSA-9013422,RHOBTB1 GTPase cycle,Pathway,rhobtb1 gtpase cycle,,NCBI|REACTOME,
Pathway:R-HSA-418885,DCC mediated attractive signaling,Pathway,dcc mediated attractive signaling,,NCBI|REACTOME,
Pathway:R-HSA-418886,Netrin mediated repulsion signals,Pathway,netrin mediated repulsion signals,,NCBI|REACTOME,
Pathway:R-HSA-418890,Role of second messengers in netrin-1 signaling,Pathway,role of second messengers in netrin-1 signaling,,NCBI|REACTOME,
Pathway:R-HSA-428542,Regulation of commissural axon pathfinding by SLIT and ROBO,Pathway,regulation of commissural axon pathfinding by slit and robo,,NCBI|REACTOME,
Pathway:R-HSA-193775,Synthesis of bile acids and bile salts via 24-hydroxycholesterol,Pathway,synthesis of bile acids and bile salts via 24-hydroxycholesterol,,NCBI|REACTOME,
Pathway:R-HSA-975634,Retinoid metabolism and transport,Pathway,retinoid metabolism and transport,,NCBI|REACTOME,
Pathway:R-HSA-6804114,TP53 Regulates Transcription of Genes Involved in G2 Cell Cycle Arrest,Pathway,tp53 regulates transcription of genes involved in g2 cell cycle arrest,,NCBI|REACTOME,
Pathway:R-HSA-381183,ATF6 (ATF6-alpha) activates chaperone genes,Pathway,atf6 (atf6-alpha) activates chaperone genes,,NCBI|REACTOME,
Pathway:R-HSA-1461973,Defensins,Pathway,defensins,,NCBI|REACTOME,
Pathway:R-HSA-1462054,Alpha-defensins,Pathway,alpha-defensins,,NCBI|REACTOME,
Pathway:R-HSA-156588,Glucuronidation,Pathway,glucuronidation,,NCBI|REACTOME,
Pathway:R-HSA-1461957,Beta defensins,Pathway,beta defensins,,NCBI|REACTOME,
Pathway:R-HSA-390522,Striated Muscle Contraction,Pathway,striated muscle contraction,,NCBI|REACTOME,
Pathway:R-HSA-112314,Neurotransmitter receptors and postsynaptic signal transmission,Pathway,neurotransmitter receptors and postsynaptic signal transmission,,NCBI|REACTOME,
Pathway:R-HSA-1474151,"Tetrahydrobiopterin (BH4) synthesis, recycling, salvage and regulation",Pathway,"tetrahydrobiopterin (bh4) synthesis, recycling, salvage and regulation",,NCBI|REACTOME,
Pathway:R-HSA-69205,G1/S-Specific Transcription,Pathway,g1/s-specific transcription,,NCBI|REACTOME,
Pathway:R-HSA-350562,Regulation of ornithine decarboxylase (ODC),Pathway,regulation of ornithine decarboxylase (odc),,NCBI|REACTOME,
Pathway:R-HSA-350864,Regulation of thyroid hormone activity,Pathway,regulation of thyroid hormone activity,,NCBI|REACTOME,
Pathway:R-HSA-438066,"Unblocking of NMDA receptors, glutamate binding and activation",Pathway,"unblocking of nmda receptors, glutamate binding and activation",,NCBI|REACTOME,
Pathway:R-HSA-442982,Ras activation upon Ca2+ influx through NMDA receptor,Pathway,ras activation upon ca2+ influx through nmda receptor,,NCBI|REACTOME,
Pathway:R-HSA-447038,NrCAM interactions,Pathway,nrcam interactions,,NCBI|REACTOME,
Pathway:R-HSA-451308,Activation of Ca-permeable Kainate Receptor,Pathway,activation of ca-permeable kainate receptor,,NCBI|REACTOME,
Pathway:R-HSA-8849932,Synaptic adhesion-like molecules,Pathway,synaptic adhesion-like molecules,,NCBI|REACTOME,
Pathway:R-HSA-9617324,Negative regulation of NMDA receptor-mediated neuronal transmission,Pathway,negative regulation of nmda receptor-mediated neuronal transmission,,NCBI|REACTOME,
Pathway:R-HSA-9620244,Long-term potentiation,Pathway,long-term potentiation,,NCBI|REACTOME,
Pathway:R-HSA-166016,Toll Like Receptor 4 (TLR4) Cascade,Pathway,toll like receptor 4 (tlr4) cascade,,NCBI|REACTOME,
Pathway:R-HSA-177504,Retrograde neurotrophin signalling,Pathway,retrograde neurotrophin signalling,,NCBI|REACTOME,
Pathway:R-HSA-445989,TAK1 activates NFkB by phosphorylation and activation of IKKs complex,Pathway,tak1 activates nfkb by phosphorylation and activation of ikks complex,,NCBI|REACTOME,
Pathway:R-HSA-879415,Advanced glycosylation endproduct receptor signaling,Pathway,advanced glycosylation endproduct receptor signaling,,NCBI|REACTOME,
Pathway:R-HSA-933542,TRAF6 mediated NF-kB activation,Pathway,traf6 mediated nf-kb activation,,NCBI|REACTOME,
Pathway:R-HSA-212300,PRC2 methylates histones and DNA,Pathway,prc2 methylates histones and dna,,NCBI|REACTOME,
Pathway:R-HSA-4655427,SUMOylation of DNA methylation proteins,Pathway,sumoylation of dna methylation proteins,,NCBI|REACTOME,
Pathway:R-HSA-5334118,DNA methylation,Pathway,dna methylation,,NCBI|REACTOME,
Pathway:R-HSA-9710421,Defective pyroptosis,Pathway,defective pyroptosis,,NCBI|REACTOME,
Pathway:R-HSA-164944,Nef and signal transduction,Pathway,nef and signal transduction,,NCBI|REACTOME,
Pathway:R-HSA-8849469,PTK6 Regulates RTKs and Their Effectors AKT1 and DOK1,Pathway,ptk6 regulates rtks and their effectors akt1 and dok1,,NCBI|REACTOME,
Pathway:R-HSA-8853659,RET signaling,Pathway,ret signaling,,NCBI|REACTOME,
Pathway:R-HSA-446193,"Biosynthesis of the N-glycan precursor (dolichol lipid-linked oligosaccharide, LLO) and transfer to a nascent protein",Pathway,"biosynthesis of the n-glycan precursor (dolichol lipid-linked oligosaccharide, llo) and transfer to a nascent protein",,NCBI|REACTOME,
Pathway:R-HSA-4549356,Defective DPAGT1 causes DPAGT1-CDG (CDG-1j) and CMSTA2,Pathway,defective dpagt1 causes dpagt1-cdg (cdg-1j) and cmsta2,,NCBI|REACTOME,
Pathway:R-HSA-9664535,LTC4-CYSLTR mediated IL4 production,Pathway,ltc4-cysltr mediated il4 production,,NCBI|REACTOME,
Pathway:R-HSA-73621,Pyrimidine catabolism,Pathway,pyrimidine catabolism,,NCBI|REACTOME,
Pathway:R-HSA-390651,Dopamine receptors,Pathway,dopamine receptors,,NCBI|REACTOME,
Pathway:R-HSA-9013423,RAC3 GTPase cycle,Pathway,rac3 gtpase cycle,,NCBI|REACTOME,
Pathway:R-HSA-202670,ERKs are inactivated,Pathway,erks are inactivated,,NCBI|REACTOME,
Pathway:R-HSA-4086400,PCP/CE pathway,Pathway,pcp/ce pathway,,NCBI|REACTOME,
Pathway:R-HSA-4641258,Degradation of DVL,Pathway,degradation of dvl,,NCBI|REACTOME,
Pathway:R-HSA-5368598,Negative regulation of TCF-dependent signaling by DVL-interacting proteins,Pathway,negative regulation of tcf-dependent signaling by dvl-interacting proteins,,NCBI|REACTOME,
Pathway:R-HSA-9673324,WNT5:FZD7-mediated leishmania damping,Pathway,wnt5:fzd7-mediated leishmania damping,,NCBI|REACTOME,
Pathway:R-HSA-111448,Activation of NOXA and translocation to mitochondria,Pathway,activation of noxa and translocation to mitochondria,,NCBI|REACTOME,
Pathway:R-HSA-113501,Inhibition of replication initiation of damaged DNA by RB1/E2F1,Pathway,inhibition of replication initiation of damaged dna by rb1/e2f1,,NCBI|REACTOME,
Pathway:R-HSA-1362277,Transcription of E2F targets under negative control by DREAM complex,Pathway,transcription of e2f targets under negative control by dream complex,,NCBI|REACTOME,
Pathway:R-HSA-1362300,Transcription of E2F targets under negative control by p107 (RBL1) and p130 (RBL2) in complex with HDAC1,Pathway,transcription of e2f targets under negative control by p107 (rbl1) and p130 (rbl2) in complex with hdac1,,NCBI|REACTOME,
Pathway:R-HSA-139915,Activation of PUMA and translocation to mitochondria,Pathway,activation of puma and translocation to mitochondria,,NCBI|REACTOME,
Pathway:R-HSA-68689,CDC6 association with the ORC:origin complex,Pathway,cdc6 association with the orc:origin complex,,NCBI|REACTOME,
Pathway:R-HSA-68911,G2 Phase,Pathway,g2 phase,,NCBI|REACTOME,
Pathway:R-HSA-1538133,G0 and Early G1,Pathway,g0 and early g1,,NCBI|REACTOME,
Pathway:R-HSA-73614,Pyrimidine salvage,Pathway,pyrimidine salvage,,NCBI|REACTOME,
Pathway:R-HSA-5669034,TNFs bind their physiological receptors,Pathway,tnfs bind their physiological receptors,,NCBI|REACTOME,
Pathway:R-HSA-5682113,Defective ABCA1 causes TGD,Pathway,defective abca1 causes tgd,,NCBI|REACTOME,
Pathway:R-HSA-8963896,HDL assembly,Pathway,hdl assembly,,NCBI|REACTOME,
Pathway:R-HSA-419408,Lysosphingolipid and LPA receptors,Pathway,lysosphingolipid and lpa receptors,,NCBI|REACTOME,
Pathway:R-HSA-375276,Peptide ligand-binding receptors,Pathway,peptide ligand-binding receptors,,NCBI|REACTOME,
Pathway:R-HSA-1614635,Sulfur amino acid metabolism,Pathway,sulfur amino acid metabolism,,NCBI|REACTOME,
Pathway:R-HSA-2408508,"Metabolism of ingested SeMet, Sec, MeSec into H2Se",Pathway,"metabolism of ingested semet, sec, mesec into h2se",,NCBI|REACTOME,
Pathway:R-HSA-5578997,Defective AHCY causes HMAHCHD,Pathway,defective ahcy causes hmahchd,,NCBI|REACTOME,
Pathway:R-HSA-156842,Eukaryotic Translation Elongation,Pathway,eukaryotic translation elongation,,NCBI|REACTOME,
Pathway:R-HSA-156902,Peptide chain elongation,Pathway,peptide chain elongation,,NCBI|REACTOME,
Pathway:R-HSA-5336415,Uptake and function of diphtheria toxin,Pathway,uptake and function of diphtheria toxin,,NCBI|REACTOME,
Pathway:R-HSA-8876725,Protein methylation,Pathway,protein methylation,,NCBI|REACTOME,
Pathway:R-HSA-2682334,EPH-Ephrin signaling,Pathway,eph-ephrin signaling,,NCBI|REACTOME,
Pathway:R-HSA-3928663,EPHA-mediated growth cone collapse,Pathway,epha-mediated growth cone collapse,,NCBI|REACTOME,
Pathway:R-HSA-3928664,Ephrin signaling,Pathway,ephrin signaling,,NCBI|REACTOME,
Pathway:R-HSA-1236382,Constitutive Signaling by Ligand-Responsive EGFR Cancer Variants,Pathway,constitutive signaling by ligand-responsive egfr cancer variants,,NCBI|REACTOME,
Pathway:R-HSA-1251932,PLCG1 events in ERBB2 signaling,Pathway,plcg1 events in erbb2 signaling,,NCBI|REACTOME,
Pathway:R-HSA-179812,GRB2 events in EGFR signaling,Pathway,grb2 events in egfr signaling,,NCBI|REACTOME,
Pathway:R-HSA-180292,GAB1 signalosome,Pathway,gab1 signalosome,,NCBI|REACTOME,
Pathway:R-HSA-180336,SHC1 events in EGFR signaling,Pathway,shc1 events in egfr signaling,,NCBI|REACTOME,
Pathway:R-HSA-212718,EGFR interacts with phospholipase C-gamma,Pathway,egfr interacts with phospholipase c-gamma,,NCBI|REACTOME,
Pathway:R-HSA-5637810,Constitutive Signaling by EGFRvIII,Pathway,constitutive signaling by egfrviii,,NCBI|REACTOME,
Pathway:R-HSA-5638303,Inhibition of Signaling by Overexpressed EGFR,Pathway,inhibition of signaling by overexpressed egfr,,NCBI|REACTOME,
Pathway:R-HSA-9665348,Signaling by ERBB2 ECD mutants,Pathway,signaling by erbb2 ecd mutants,,NCBI|REACTOME,
Pathway:R-HSA-2179392,EGFR Transactivation by Gastrin,Pathway,egfr transactivation by gastrin,,NCBI|REACTOME,
Pathway:R-HSA-445144,Signal transduction by L1,Pathway,signal transduction by l1,,NCBI|REACTOME,
Pathway:R-HSA-8866910,TFAP2 (AP-2) family regulates transcription of growth factors and their receptors,Pathway,tfap2 (ap-2) family regulates transcription of growth factors and their receptors,,NCBI|REACTOME,
Pathway:R-HSA-8937144,Aryl hydrocarbon receptor signalling,Pathway,aryl hydrocarbon receptor signalling,,NCBI|REACTOME,
Pathway:R-HSA-390247,Beta-oxidation of very long chain fatty acids,Pathway,beta-oxidation of very long chain fatty acids,,NCBI|REACTOME,
Pathway:R-HSA-381042,PERK regulates gene expression,Pathway,perk regulates gene expression,,NCBI|REACTOME,
Pathway:R-HSA-72731,Recycling of eIF2:GDP,Pathway,recycling of eif2:gdp,,NCBI|REACTOME,
Pathway:R-HSA-8939243,RUNX1 interacts with co-factors whose precise effect on RUNX1 targets is not known,Pathway,runx1 interacts with co-factors whose precise effect on runx1 targets is not known,,NCBI|REACTOME,
Pathway:R-HSA-3270619,IRF3-mediated induction of type I IFN,Pathway,irf3-mediated induction of type i ifn,,NCBI|REACTOME,
Pathway:R-HSA-429947,Deadenylation of mRNA,Pathway,deadenylation of mrna,,NCBI|REACTOME,
Pathway:R-HSA-72662,"Activation of the mRNA upon binding of the cap-binding complex and eIFs, and subsequent binding to 43S",Pathway,"activation of the mrna upon binding of the cap-binding complex and eifs, and subsequent binding to 43s",,NCBI|REACTOME,
Pathway:R-HSA-450408,AUF1 (hnRNP D0) binds and destabilizes mRNA,Pathway,auf1 (hnrnp d0) binds and destabilizes mrna,,NCBI|REACTOME,
Pathway:R-HSA-975956,Nonsense Mediated Decay (NMD) independent of the Exon Junction Complex (EJC),Pathway,nonsense mediated decay (nmd) independent of the exon junction complex (ejc),,NCBI|REACTOME,
Pathway:R-HSA-975957,Nonsense Mediated Decay (NMD) enhanced by the Exon Junction Complex (EJC),Pathway,nonsense mediated decay (nmd) enhanced by the exon junction complex (ejc),,NCBI|REACTOME,
Pathway:R-HSA-140837,Intrinsic Pathway of Fibrin Clot Formation,Pathway,intrinsic pathway of fibrin clot formation,,NCBI|REACTOME,
Pathway:R-HSA-72200,mRNA Editing: C to U Conversion,Pathway,mrna editing: c to u conversion,,NCBI|REACTOME,
Pathway:R-HSA-75094,Formation of the Editosome,Pathway,formation of the editosome,,NCBI|REACTOME,
Pathway:R-HSA-70171,Glycolysis,Pathway,glycolysis,,NCBI|REACTOME,
Pathway:R-HSA-70263,Gluconeogenesis,Pathway,gluconeogenesis,,NCBI|REACTOME,
Pathway:R-HSA-9636667,Manipulation of host energy metabolism,Pathway,manipulation of host energy metabolism,,NCBI|REACTOME,
Pathway:R-HSA-83936,Transport of nucleosides and free purine and pyrimidine bases across the plasma membrane,Pathway,transport of nucleosides and free purine and pyrimidine bases across the plasma membrane,,NCBI|REACTOME,
Pathway:R-HSA-5689901,Metalloprotease DUBs,Pathway,metalloprotease dubs,,NCBI|REACTOME,
Pathway:R-HSA-6781827,Transcription-Coupled Nucleotide Excision Repair (TC-NER),Pathway,transcription-coupled nucleotide excision repair (tc-ner),,NCBI|REACTOME,
Pathway:R-HSA-6811555,PI5P Regulates TP53 Acetylation,Pathway,pi5p regulates tp53 acetylation,,NCBI|REACTOME,
Pathway:R-HSA-8936459,RUNX1 regulates genes involved in megakaryocyte differentiation and platelet function,Pathway,runx1 regulates genes involved in megakaryocyte differentiation and platelet function,,NCBI|REACTOME,
Pathway:R-HSA-8951936,RUNX3 regulates p14-ARF,Pathway,runx3 regulates p14-arf,,NCBI|REACTOME,
Pathway:R-HSA-2892247,"POU5F1 (OCT4), SOX2, NANOG activate genes related to proliferation",Pathway,"pou5f1 (oct4), sox2, nanog activate genes related to proliferation",,NCBI|REACTOME,
Pathway:R-HSA-9018682,Biosynthesis of maresins,Pathway,biosynthesis of maresins,,NCBI|REACTOME,
Pathway:R-HSA-9006335,Signaling by Erythropoietin,Pathway,signaling by erythropoietin,,NCBI|REACTOME,
Pathway:R-HSA-9027276,Erythropoietin activates Phosphoinositide-3-kinase (PI3K),Pathway,erythropoietin activates phosphoinositide-3-kinase (pi3k),,NCBI|REACTOME,
Pathway:R-HSA-9027277,Erythropoietin activates Phospholipase C gamma (PLCG),Pathway,erythropoietin activates phospholipase c gamma (plcg),,NCBI|REACTOME,
Pathway:R-HSA-9027283,Erythropoietin activates STAT5,Pathway,erythropoietin activates stat5,,NCBI|REACTOME,
Pathway:R-HSA-9027284,Erythropoietin activates RAS,Pathway,erythropoietin activates ras,,NCBI|REACTOME,
Pathway:R-HSA-383280,Nuclear Receptor transcription pathway,Pathway,nuclear receptor transcription pathway,,NCBI|REACTOME,
Pathway:R-HSA-1306955,GRB7 events in ERBB2 signaling,Pathway,grb7 events in erbb2 signaling,,NCBI|REACTOME,
Pathway:R-HSA-1358803,Downregulation of ERBB2:ERBB3 signaling,Pathway,downregulation of erbb2:erbb3 signaling,,NCBI|REACTOME,
Pathway:R-HSA-416572,Sema4D induced cell migration and growth-cone collapse,Pathway,sema4d induced cell migration and growth-cone collapse,,NCBI|REACTOME,
Pathway:R-HSA-9634285,Constitutive Signaling by Overexpressed ERBB2,Pathway,constitutive signaling by overexpressed erbb2,,NCBI|REACTOME,
Pathway:R-HSA-9652282,Drug-mediated inhibition of ERBB2 signaling,Pathway,drug-mediated inhibition of erbb2 signaling,,NCBI|REACTOME,
Pathway:R-HSA-9665233,Resistance of ERBB2 KD mutants to trastuzumab,Pathway,resistance of erbb2 kd mutants to trastuzumab,,NCBI|REACTOME,
Pathway:R-HSA-9665244,Resistance of ERBB2 KD mutants to sapitinib,Pathway,resistance of erbb2 kd mutants to sapitinib,,NCBI|REACTOME,
Pathway:R-HSA-9665245,Resistance of ERBB2 KD mutants to tesevatinib,Pathway,resistance of erbb2 kd mutants to tesevatinib,,NCBI|REACTOME,
Pathway:R-HSA-9665246,Resistance of ERBB2 KD mutants to neratinib,Pathway,resistance of erbb2 kd mutants to neratinib,,NCBI|REACTOME,
Pathway:R-HSA-9665247,Resistance of ERBB2 KD mutants to osimertinib,Pathway,resistance of erbb2 kd mutants to osimertinib,,NCBI|REACTOME,
Pathway:R-HSA-9665249,Resistance of ERBB2 KD mutants to afatinib,Pathway,resistance of erbb2 kd mutants to afatinib,,NCBI|REACTOME,
Pathway:R-HSA-9665250,Resistance of ERBB2 KD mutants to AEE788,Pathway,resistance of erbb2 kd mutants to aee788,,NCBI|REACTOME,
Pathway:R-HSA-9665251,Resistance of ERBB2 KD mutants to lapatinib,Pathway,resistance of erbb2 kd mutants to lapatinib,,NCBI|REACTOME,
Pathway:R-HSA-9665737,Drug resistance in ERBB2 TMD/JMD mutants,Pathway,drug resistance in erbb2 tmd/jmd mutants,,NCBI|REACTOME,
Pathway:R-HSA-1253288,Downregulation of ERBB4 signaling,Pathway,downregulation of erbb4 signaling,,NCBI|REACTOME,
Pathway:R-HSA-6783310,Fanconi Anemia Pathway,Pathway,fanconi anemia pathway,,NCBI|REACTOME,
Pathway:R-HSA-112382,Formation of RNA Pol II elongation complex,Pathway,formation of rna pol ii elongation complex,,NCBI|REACTOME,
Pathway:R-HSA-113418,Formation of the Early Elongation Complex,Pathway,formation of the early elongation complex,,NCBI|REACTOME,
Pathway:R-HSA-167152,Formation of HIV elongation complex in the absence of HIV Tat,Pathway,formation of hiv elongation complex in the absence of hiv tat,,NCBI|REACTOME,
Pathway:R-HSA-167158,Formation of the HIV-1 Early Elongation Complex,Pathway,formation of the hiv-1 early elongation complex,,NCBI|REACTOME,
Pathway:R-HSA-167160,RNA Pol II CTD phosphorylation and interaction with CE during HIV infection,Pathway,rna pol ii ctd phosphorylation and interaction with ce during hiv infection,,NCBI|REACTOME,
Pathway:R-HSA-167200,Formation of HIV-1 elongation complex containing HIV-1 Tat,Pathway,formation of hiv-1 elongation complex containing hiv-1 tat,,NCBI|REACTOME,
Pathway:R-HSA-167246,Tat-mediated elongation of the HIV-1 transcript,Pathway,tat-mediated elongation of the hiv-1 transcript,,NCBI|REACTOME,
Pathway:R-HSA-2564830,Cytosolic iron-sulfur cluster assembly,Pathway,cytosolic iron-sulfur cluster assembly,,NCBI|REACTOME,
Pathway:R-HSA-72086,mRNA Capping,Pathway,mrna capping,,NCBI|REACTOME,
Pathway:R-HSA-73772,RNA Polymerase I Promoter Escape,Pathway,rna polymerase i promoter escape,,NCBI|REACTOME,
Pathway:R-HSA-73863,RNA Polymerase I Transcription Termination,Pathway,rna polymerase i transcription termination,,NCBI|REACTOME,
Pathway:R-HSA-75955,RNA Polymerase II Transcription Elongation,Pathway,rna polymerase ii transcription elongation,,NCBI|REACTOME,
Pathway:R-HSA-77075,RNA Pol II CTD phosphorylation and interaction with CE,Pathway,rna pol ii ctd phosphorylation and interaction with ce,,NCBI|REACTOME,
Pathway:R-HSA-111447,Activation of BAD and translocation to mitochondria,Pathway,activation of bad and translocation to mitochondria,,NCBI|REACTOME,
Pathway:R-HSA-203615,eNOS activation,Pathway,enos activation,,NCBI|REACTOME,
Pathway:R-HSA-211163,AKT-mediated inactivation of FOXO1A,Pathway,akt-mediated inactivation of foxo1a,,NCBI|REACTOME,
Pathway:R-HSA-354192,Integrin signaling,Pathway,integrin signaling,,NCBI|REACTOME,
Pathway:R-HSA-450385,Butyrate Response Factor 1 (BRF1) binds and destabilizes mRNA,Pathway,butyrate response factor 1 (brf1) binds and destabilizes mrna,,NCBI|REACTOME,
Pathway:R-HSA-6804759,Regulation of TP53 Activity through Association with Co-factors,Pathway,regulation of tp53 activity through association with co-factors,,NCBI|REACTOME,
Pathway:R-HSA-8876198,RAB GEFs exchange GTP for GDP on RABs,Pathway,rab gefs exchange gtp for gdp on rabs,,NCBI|REACTOME,
Pathway:R-HSA-8941332,RUNX2 regulates genes involved in cell migration,Pathway,runx2 regulates genes involved in cell migration,,NCBI|REACTOME,
Pathway:R-HSA-8948751,Regulation of PTEN stability and activity,Pathway,regulation of pten stability and activity,,NCBI|REACTOME,
Pathway:R-HSA-9614399,Regulation of localization of FOXO transcription factors,Pathway,regulation of localization of foxo transcription factors,,NCBI|REACTOME,
Pathway:R-HSA-165160,PDE3B signalling,Pathway,pde3b signalling,,NCBI|REACTOME,
Pathway:R-HSA-165181,Inhibition of TSC complex formation by PKB,Pathway,inhibition of tsc complex formation by pkb,,NCBI|REACTOME,
Pathway:R-HSA-381070,IRE1alpha activates chaperones,Pathway,ire1alpha activates chaperones,,NCBI|REACTOME,
Pathway:R-HSA-4090294,SUMOylation of intracellular receptors,Pathway,sumoylation of intracellular receptors,,NCBI|REACTOME,
Pathway:R-HSA-8931987,RUNX1 regulates estrogen receptor mediated transcription,Pathway,runx1 regulates estrogen receptor mediated transcription,,NCBI|REACTOME,
Pathway:R-HSA-8939211,ESR-mediated signaling,Pathway,esr-mediated signaling,,NCBI|REACTOME,
Pathway:R-HSA-8939256,RUNX1 regulates transcription of genes involved in WNT signaling,Pathway,runx1 regulates transcription of genes involved in wnt signaling,,NCBI|REACTOME,
Pathway:R-HSA-5683678,Defective ABCA3 causes SMDP3,Pathway,defective abca3 causes smdp3,,NCBI|REACTOME,
Pathway:R-HSA-5688399,Defective ABCA3 causes SMDP3,Pathway,defective abca3 causes smdp3,,NCBI|REACTOME,
Pathway:R-HSA-189451,Heme biosynthesis,Pathway,heme biosynthesis,,NCBI|REACTOME,
Pathway:R-HSA-611105,Respiratory electron transport,Pathway,respiratory electron transport,,NCBI|REACTOME,
Pathway:R-HSA-2168880,Scavenging of heme from plasma,Pathway,scavenging of heme from plasma,,NCBI|REACTOME,
Pathway:R-HSA-140875,Common Pathway of Fibrin Clot Formation,Pathway,common pathway of fibrin clot formation,,NCBI|REACTOME,
Pathway:R-HSA-159740,Gamma-carboxylation of protein precursors,Pathway,gamma-carboxylation of protein precursors,,NCBI|REACTOME,
Pathway:R-HSA-159763,Transport of gamma-carboxylated protein precursors from the endoplasmic reticulum to the Golgi apparatus,Pathway,transport of gamma-carboxylated protein precursors from the endoplasmic reticulum to the golgi apparatus,,NCBI|REACTOME,
Pathway:R-HSA-159782,Removal of aminoterminal propeptides from gamma-carboxylated proteins,Pathway,removal of aminoterminal propeptides from gamma-carboxylated proteins,,NCBI|REACTOME,
Pathway:R-HSA-202733,Cell surface interactions at the vascular wall,Pathway,cell surface interactions at the vascular wall,,NCBI|REACTOME,
Pathway:R-HSA-76009,Platelet Aggregation (Plug Formation),Pathway,platelet aggregation (plug formation),,NCBI|REACTOME,
Pathway:R-HSA-9657688,Defective factor XII causes hereditary angioedema,Pathway,defective factor xii causes hereditary angioedema,,NCBI|REACTOME,
Pathway:R-HSA-9672391,Defective F8 cleavage by thrombin,Pathway,defective f8 cleavage by thrombin,,NCBI|REACTOME,
Pathway:R-HSA-140834,Extrinsic Pathway of Fibrin Clot Formation,Pathway,extrinsic pathway of fibrin clot formation,,NCBI|REACTOME,
Pathway:R-HSA-70350,Fructose catabolism,Pathway,fructose catabolism,,NCBI|REACTOME,
Pathway:R-HSA-2142753,Arachidonic acid metabolism,Pathway,arachidonic acid metabolism,,NCBI|REACTOME,
Pathway:R-HSA-163560,Triglyceride catabolism,Pathway,triglyceride catabolism,,NCBI|REACTOME,
Pathway:R-HSA-380612,Metabolism of serotonin,Pathway,metabolism of serotonin,,NCBI|REACTOME,
Pathway:R-HSA-434313,Intracellular metabolism of fatty acids regulates insulin secretion,Pathway,intracellular metabolism of fatty acids regulates insulin secretion,,NCBI|REACTOME,
Pathway:R-HSA-75876,Synthesis of very long-chain fatty acyl-CoAs,Pathway,synthesis of very long-chain fatty acyl-coas,,NCBI|REACTOME,
Pathway:R-HSA-163765,ChREBP activates metabolic gene expression,Pathway,chrebp activates metabolic gene expression,,NCBI|REACTOME,
Pathway:R-HSA-199220,Vitamin B5 (pantothenate) metabolism,Pathway,vitamin b5 (pantothenate) metabolism,,NCBI|REACTOME,
Pathway:R-HSA-75105,Fatty acyl-CoA biosynthesis,Pathway,fatty acyl-coa biosynthesis,,NCBI|REACTOME,
Pathway:R-HSA-9029558,NR1H2 & NR1H3 regulate gene expression linked to lipogenesis,Pathway,nr1h2 & nr1h3 regulate gene expression linked to lipogenesis,,NCBI|REACTOME,
Pathway:R-HSA-2855086,Ficolins bind to repetitive carbohydrate structures on the target cell surface,Pathway,ficolins bind to repetitive carbohydrate structures on the target cell surface,,NCBI|REACTOME,
Pathway:R-HSA-2022928,HS-GAG biosynthesis,Pathway,hs-gag biosynthesis,,NCBI|REACTOME,
Pathway:R-HSA-3656237,Defective EXT2 causes exostoses 2,Pathway,defective ext2 causes exostoses 2,,NCBI|REACTOME,
Pathway:R-HSA-3656253,"Defective EXT1 causes exostoses 1, TRPS2 and CHDS",Pathway,"defective ext1 causes exostoses 1, trps2 and chds",,NCBI|REACTOME,
Pathway:R-HSA-191273,Cholesterol biosynthesis,Pathway,cholesterol biosynthesis,,NCBI|REACTOME,
Pathway:R-HSA-210745,Regulation of gene expression in beta cells,Pathway,regulation of gene expression in beta cells,,NCBI|REACTOME,
Pathway:R-HSA-162594,Early Phase of HIV Life Cycle,Pathway,early phase of hiv life cycle,,NCBI|REACTOME,
Pathway:R-HSA-109704,PI3K Cascade,Pathway,pi3k cascade,,NCBI|REACTOME,
Pathway:R-HSA-1839122,Signaling by activated point mutants of FGFR1,Pathway,signaling by activated point mutants of fgfr1,,NCBI|REACTOME,
Pathway:R-HSA-1839130,Signaling by activated point mutants of FGFR3,Pathway,signaling by activated point mutants of fgfr3,,NCBI|REACTOME,
Pathway:R-HSA-190322,FGFR4 ligand binding and activation,Pathway,fgfr4 ligand binding and activation,,NCBI|REACTOME,
Pathway:R-HSA-190370,FGFR1b ligand binding and activation,Pathway,fgfr1b ligand binding and activation,,NCBI|REACTOME,
Pathway:R-HSA-190371,FGFR3b ligand binding and activation,Pathway,fgfr3b ligand binding and activation,,NCBI|REACTOME,
Pathway:R-HSA-190372,FGFR3c ligand binding and activation,Pathway,fgfr3c ligand binding and activation,,NCBI|REACTOME,
Pathway:R-HSA-190373,FGFR1c ligand binding and activation,Pathway,fgfr1c ligand binding and activation,,NCBI|REACTOME,
Pathway:R-HSA-190375,FGFR2c ligand binding and activation,Pathway,fgfr2c ligand binding and activation,,NCBI|REACTOME,
Pathway:R-HSA-190377,FGFR2b ligand binding and activation,Pathway,fgfr2b ligand binding and activation,,NCBI|REACTOME,
Pathway:R-HSA-2033514,FGFR3 mutant receptor activation,Pathway,fgfr3 mutant receptor activation,,NCBI|REACTOME,
Pathway:R-HSA-2033519,Activated point mutants of FGFR2,Pathway,activated point mutants of fgfr2,,NCBI|REACTOME,
Pathway:R-HSA-5654219,Phospholipase C-mediated cascade: FGFR1,Pathway,phospholipase c-mediated cascade: fgfr1,,NCBI|REACTOME,
Pathway:R-HSA-5654221,Phospholipase C-mediated cascade; FGFR2,Pathway,phospholipase c-mediated cascade; fgfr2,,NCBI|REACTOME,
Pathway:R-HSA-5654227,Phospholipase C-mediated cascade; FGFR3,Pathway,phospholipase c-mediated cascade; fgfr3,,NCBI|REACTOME,
Pathway:R-HSA-5654228,Phospholipase C-mediated cascade; FGFR4,Pathway,phospholipase c-mediated cascade; fgfr4,,NCBI|REACTOME,
Pathway:R-HSA-5654687,Downstream signaling of activated FGFR1,Pathway,downstream signaling of activated fgfr1,,NCBI|REACTOME,
Pathway:R-HSA-5654688,SHC-mediated cascade:FGFR1,Pathway,shc-mediated cascade:fgfr1,,NCBI|REACTOME,
Pathway:R-HSA-5654689,PI-3K cascade:FGFR1,Pathway,pi-3k cascade:fgfr1,,NCBI|REACTOME,
Pathway:R-HSA-5654693,FRS-mediated FGFR1 signaling,Pathway,frs-mediated fgfr1 signaling,,NCBI|REACTOME,
Pathway:R-HSA-5654695,PI-3K cascade:FGFR2,Pathway,pi-3k cascade:fgfr2,,NCBI|REACTOME,
Pathway:R-HSA-5654699,SHC-mediated cascade:FGFR2,Pathway,shc-mediated cascade:fgfr2,,NCBI|REACTOME,
Pathway:R-HSA-5654700,FRS-mediated FGFR2 signaling,Pathway,frs-mediated fgfr2 signaling,,NCBI|REACTOME,
Pathway:R-HSA-5654704,SHC-mediated cascade:FGFR3,Pathway,shc-mediated cascade:fgfr3,,NCBI|REACTOME,
Pathway:R-HSA-5654706,FRS-mediated FGFR3 signaling,Pathway,frs-mediated fgfr3 signaling,,NCBI|REACTOME,
Pathway:R-HSA-5654710,PI-3K cascade:FGFR3,Pathway,pi-3k cascade:fgfr3,,NCBI|REACTOME,
Pathway:R-HSA-5654712,FRS-mediated FGFR4 signaling,Pathway,frs-mediated fgfr4 signaling,,NCBI|REACTOME,
Pathway:R-HSA-5654719,SHC-mediated cascade:FGFR4,Pathway,shc-mediated cascade:fgfr4,,NCBI|REACTOME,
Pathway:R-HSA-5654720,PI-3K cascade:FGFR4,Pathway,pi-3k cascade:fgfr4,,NCBI|REACTOME,
Pathway:R-HSA-5654726,Negative regulation of FGFR1 signaling,Pathway,negative regulation of fgfr1 signaling,,NCBI|REACTOME,
Pathway:R-HSA-5654727,Negative regulation of FGFR2 signaling,Pathway,negative regulation of fgfr2 signaling,,NCBI|REACTOME,
Pathway:R-HSA-5654732,Negative regulation of FGFR3 signaling,Pathway,negative regulation of fgfr3 signaling,,NCBI|REACTOME,
Pathway:R-HSA-5654733,Negative regulation of FGFR4 signaling,Pathway,negative regulation of fgfr4 signaling,,NCBI|REACTOME,
Pathway:R-HSA-5655253,Signaling by FGFR2 in disease,Pathway,signaling by fgfr2 in disease,,NCBI|REACTOME,
Pathway:R-HSA-8851708,Signaling by FGFR2 IIIa TM,Pathway,signaling by fgfr2 iiia tm,,NCBI|REACTOME,
Pathway:R-HSA-8853338,Signaling by FGFR3 point mutants in cancer,Pathway,signaling by fgfr3 point mutants in cancer,,NCBI|REACTOME,
Pathway:R-HSA-5658623,FGFRL1 modulation of FGFR1 signaling,Pathway,fgfrl1 modulation of fgfr1 signaling,,NCBI|REACTOME,
Pathway:R-HSA-9603798,Class I peroxisomal membrane protein import,Pathway,class i peroxisomal membrane protein import,,NCBI|REACTOME,
Pathway:R-HSA-9690406,Transcriptional regulation of testis differentiation,Pathway,transcriptional regulation of testis differentiation,,NCBI|REACTOME,
Pathway:R-HSA-210747,Regulation of gene expression in early pancreatic precursor cells,Pathway,regulation of gene expression in early pancreatic precursor cells,,NCBI|REACTOME,
Pathway:R-HSA-1839120,Signaling by FGFR1 amplification mutants,Pathway,signaling by fgfr1 amplification mutants,,NCBI|REACTOME,
Pathway:R-HSA-190374,FGFR1c and Klotho ligand binding and activation,Pathway,fgfr1c and klotho ligand binding and activation,,NCBI|REACTOME,
Pathway:R-HSA-8853336,Signaling by plasma membrane FGFR1 fusions,Pathway,signaling by plasma membrane fgfr1 fusions,,NCBI|REACTOME,
Pathway:R-HSA-2033515,t(4;14) translocations of FGFR3,Pathway,t(4;14) translocations of fgfr3,,NCBI|REACTOME,
Pathway:R-HSA-8853334,Signaling by FGFR3 fusions in cancer,Pathway,signaling by fgfr3 fusions in cancer,,NCBI|REACTOME,
Pathway:R-HSA-2023837,Signaling by FGFR2 amplification mutants,Pathway,signaling by fgfr2 amplification mutants,,NCBI|REACTOME,
Pathway:R-HSA-8853333,Signaling by FGFR2 fusions,Pathway,signaling by fgfr2 fusions,,NCBI|REACTOME,
Pathway:R-HSA-1307965,betaKlotho-mediated ligand binding,Pathway,betaklotho-mediated ligand binding,,NCBI|REACTOME,
Pathway:R-HSA-1839128,FGFR4 mutant receptor activation,Pathway,fgfr4 mutant receptor activation,,NCBI|REACTOME,
Pathway:R-HSA-5655291,Signaling by FGFR4 in disease,Pathway,signaling by fgfr4 in disease,,NCBI|REACTOME,
Pathway:R-HSA-9696273,RND1 GTPase cycle,Pathway,rnd1 gtpase cycle,,NCBI|REACTOME,
Pathway:R-HSA-8854521,Interaction between PHLDA1 and AURKA,Pathway,interaction between phlda1 and aurka,,NCBI|REACTOME,
Pathway:R-HSA-5674135,MAP2K and MAPK activation,Pathway,map2k and mapk activation,,NCBI|REACTOME,
Pathway:R-HSA-6802946,Signaling by moderate kinase activity BRAF mutants,Pathway,signaling by moderate kinase activity braf mutants,,NCBI|REACTOME,
Pathway:R-HSA-6802948,Signaling by high-kinase activity BRAF mutants,Pathway,signaling by high-kinase activity braf mutants,,NCBI|REACTOME,
Pathway:R-HSA-6802955,Paradoxical activation of RAF signaling by kinase inactive BRAF,Pathway,paradoxical activation of raf signaling by kinase inactive braf,,NCBI|REACTOME,
Pathway:R-HSA-9649948,Signaling downstream of RAS mutants,Pathway,signaling downstream of ras mutants,,NCBI|REACTOME,
Pathway:R-HSA-9656223,Signaling by RAF1 mutants,Pathway,signaling by raf1 mutants,,NCBI|REACTOME,
Pathway:R-HSA-1660499,Synthesis of PIPs at the plasma membrane,Pathway,synthesis of pips at the plasma membrane,,NCBI|REACTOME,
Pathway:R-HSA-9013419,RHOT2 GTPase cycle,Pathway,rhot2 gtpase cycle,,NCBI|REACTOME,
Pathway:R-HSA-9013425,RHOT1 GTPase cycle,Pathway,rhot1 gtpase cycle,,NCBI|REACTOME,
Pathway:R-HSA-1655829,Regulation of cholesterol biosynthesis by SREBP (SREBF),Pathway,regulation of cholesterol biosynthesis by srebp (srebf),,NCBI|REACTOME,
Pathway:R-HSA-5339717,Signaling by LRP5 mutants,Pathway,signaling by lrp5 mutants,,NCBI|REACTOME,
Pathway:R-HSA-390450,Folding of actin by CCT/TriC,Pathway,folding of actin by cct/tric,,NCBI|REACTOME,
Pathway:R-HSA-5620922,BBSome-mediated cargo-targeting to cilium,Pathway,bbsome-mediated cargo-targeting to cilium,,NCBI|REACTOME,
Pathway:R-HSA-111465,Apoptotic cleavage of cellular proteins,Pathway,apoptotic cleavage of cellular proteins,,NCBI|REACTOME,
Pathway:R-HSA-72165,mRNA Splicing - Minor Pathway,Pathway,mrna splicing - minor pathway,,NCBI|REACTOME,
Pathway:R-HSA-69273,Cyclin A/B1/B2 associated events during G2/M transition,Pathway,cyclin a/b1/b2 associated events during g2/m transition,,NCBI|REACTOME,
Pathway:R-HSA-1181150,Signaling by NODAL,Pathway,signaling by nodal,,NCBI|REACTOME,
Pathway:R-HSA-445095,Interaction between L1 and Ankyrins,Pathway,interaction between l1 and ankyrins,,NCBI|REACTOME,
Pathway:R-HSA-9662361,Sensory processing of sound by outer hair cells of the cochlea,Pathway,sensory processing of sound by outer hair cells of the cochlea,,NCBI|REACTOME,
Pathway:R-HSA-430116,GP1b-IX-V activation signalling,Pathway,gp1b-ix-v activation signalling,,NCBI|REACTOME,
Pathway:R-HSA-446353,Cell-extracellular matrix interactions,Pathway,cell-extracellular matrix interactions,,NCBI|REACTOME,
Pathway:R-HSA-5627123,RHO GTPases activate PAKs,Pathway,rho gtpases activate paks,,NCBI|REACTOME,
Pathway:R-HSA-8983711,OAS antiviral response,Pathway,oas antiviral response,,NCBI|REACTOME,
Pathway:R-HSA-8875656,MET receptor recycling,Pathway,met receptor recycling,,NCBI|REACTOME,
Pathway:R-HSA-1483213,Synthesis of PE,Pathway,synthesis of pe,,NCBI|REACTOME,
Pathway:R-HSA-4419969,Depolymerisation of the Nuclear Lamina,Pathway,depolymerisation of the nuclear lamina,,NCBI|REACTOME,
Pathway:R-HSA-75109,Triglyceride biosynthesis,Pathway,triglyceride biosynthesis,,NCBI|REACTOME,
Pathway:R-HSA-194306,Neurophilin interactions with VEGF and VEGFR,Pathway,neurophilin interactions with vegf and vegfr,,NCBI|REACTOME,
Pathway:R-HSA-195399,VEGF binds to VEGFR leading to receptor dimerization,Pathway,vegf binds to vegfr leading to receptor dimerization,,NCBI|REACTOME,
Pathway:R-HSA-1221632,Meiotic synapsis,Pathway,meiotic synapsis,,NCBI|REACTOME,
Pathway:R-HSA-112043,PLC beta mediated events,Pathway,plc beta mediated events,,NCBI|REACTOME,
Pathway:R-HSA-1855204,Synthesis of IP3 and IP4 in the cytosol,Pathway,synthesis of ip3 and ip4 in the cytosol,,NCBI|REACTOME,
Pathway:R-HSA-399997,Acetylcholine regulates insulin secretion,Pathway,acetylcholine regulates insulin secretion,,NCBI|REACTOME,
Pathway:R-HSA-434316,Fatty Acids bound to GPR40 (FFAR1) regulate insulin secretion,Pathway,fatty acids bound to gpr40 (ffar1) regulate insulin secretion,,NCBI|REACTOME,
Pathway:R-HSA-2470946,Cohesin Loading onto Chromatin,Pathway,cohesin loading onto chromatin,,NCBI|REACTOME,
Pathway:R-HSA-6807505,RNA polymerase II transcribes snRNA genes,Pathway,rna polymerase ii transcribes snrna genes,,NCBI|REACTOME,
Pathway:R-HSA-1566977,Fibronectin matrix formation,Pathway,fibronectin matrix formation,,NCBI|REACTOME,
Pathway:R-HSA-354194,GRB2:SOS provides linkage to MAPK signaling for Integrins,Pathway,grb2:sos provides linkage to mapk signaling for integrins,,NCBI|REACTOME,
Pathway:R-HSA-372708,p130Cas linkage to MAPK signaling for integrins,Pathway,p130cas linkage to mapk signaling for integrins,,NCBI|REACTOME,
Pathway:R-HSA-425381,Bicarbonate transporters,Pathway,bicarbonate transporters,,NCBI|REACTOME,
Pathway:R-HSA-379726,Mitochondrial tRNA aminoacylation,Pathway,mitochondrial trna aminoacylation,,NCBI|REACTOME,
Pathway:R-HSA-429958,mRNA decay by 3' to 5' exoribonuclease,Pathway,mrna decay by 3' to 5' exoribonuclease,,NCBI|REACTOME,
Pathway:R-HSA-450513,"Tristetraprolin (TTP, ZFP36) binds and destabilizes mRNA",Pathway,"tristetraprolin (ttp, zfp36) binds and destabilizes mrna",,NCBI|REACTOME,
Pathway:R-HSA-203927,MicroRNA (miRNA) biogenesis,Pathway,microrna (mirna) biogenesis,,NCBI|REACTOME,
Pathway:R-HSA-426486,Small interfering RNA (siRNA) biogenesis,Pathway,small interfering rna (sirna) biogenesis,,NCBI|REACTOME,
Pathway:R-HSA-9708296,"tRNA-derived small RNA (tsRNA or tRNA-related fragment, tRF) biogenesis",Pathway,"trna-derived small rna (tsrna or trna-related fragment, trf) biogenesis",,NCBI|REACTOME,
Pathway:R-HSA-3371453,Regulation of HSF1-mediated heat shock response,Pathway,regulation of hsf1-mediated heat shock response,,NCBI|REACTOME,
Pathway:R-HSA-427359,SIRT1 negatively regulates rRNA expression,Pathway,sirt1 negatively regulates rrna expression,,NCBI|REACTOME,
Pathway:R-HSA-1296072,Voltage gated Potassium channels,Pathway,voltage gated potassium channels,,NCBI|REACTOME,
Pathway:R-HSA-8963693,Aspartate and asparagine metabolism,Pathway,aspartate and asparagine metabolism,,NCBI|REACTOME,
Pathway:R-HSA-1799339,SRP-dependent cotranslational protein targeting to membrane,Pathway,srp-dependent cotranslational protein targeting to membrane,,NCBI|REACTOME,
Pathway:R-HSA-192823,Viral mRNA Translation,Pathway,viral mrna translation,,NCBI|REACTOME,
Pathway:R-HSA-2408557,Selenocysteine synthesis,Pathway,selenocysteine synthesis,,NCBI|REACTOME,
Pathway:R-HSA-72764,Eukaryotic Translation Termination,Pathway,eukaryotic translation termination,,NCBI|REACTOME,
Pathway:R-HSA-162710,Synthesis of glycosylphosphatidylinositol (GPI),Pathway,synthesis of glycosylphosphatidylinositol (gpi),,NCBI|REACTOME,
Pathway:R-HSA-389887,Beta-oxidation of pristanoyl-CoA,Pathway,beta-oxidation of pristanoyl-coa,,NCBI|REACTOME,
Pathway:R-HSA-877300,Interferon gamma signaling,Pathway,interferon gamma signaling,,NCBI|REACTOME,
Pathway:R-HSA-8873719,RAB geranylgeranylation,Pathway,rab geranylgeranylation,,NCBI|REACTOME,
Pathway:R-HSA-420597,Nectin/Necl trans heterodimerization,Pathway,nectin/necl trans heterodimerization,,NCBI|REACTOME,
Pathway:R-HSA-2142696,Synthesis of Hepoxilins (HX) and Trioxilins (TrX),Pathway,synthesis of hepoxilins (hx) and trioxilins (trx),,NCBI|REACTOME,
Pathway:R-HSA-2142700,Synthesis of Lipoxins (LX),Pathway,synthesis of lipoxins (lx),,NCBI|REACTOME,
Pathway:R-HSA-2142712,Synthesis of 12-eicosatetraenoic acid derivatives,Pathway,synthesis of 12-eicosatetraenoic acid derivatives,,NCBI|REACTOME,
Pathway:R-HSA-9018677,Biosynthesis of DHA-derived SPMs,Pathway,biosynthesis of dha-derived spms,,NCBI|REACTOME,
Pathway:R-HSA-9025106,Biosynthesis of DPAn-6 SPMs,Pathway,biosynthesis of dpan-6 spms,,NCBI|REACTOME,
Pathway:R-HSA-9026290,Biosynthesis of DPAn-3-derived maresins,Pathway,biosynthesis of dpan-3-derived maresins,,NCBI|REACTOME,
Pathway:R-HSA-2453864,Retinoid cycle disease events,Pathway,retinoid cycle disease events,,NCBI|REACTOME,
Pathway:R-HSA-2453902,The canonical retinoid cycle in rods (twilight vision),Pathway,the canonical retinoid cycle in rods (twilight vision),,NCBI|REACTOME,
Pathway:R-HSA-2142688,Synthesis of 5-eicosatetraenoic acids,Pathway,synthesis of 5-eicosatetraenoic acids,,NCBI|REACTOME,
Pathway:R-HSA-9012546,Interleukin-18 signaling,Pathway,interleukin-18 signaling,,NCBI|REACTOME,
Pathway:R-HSA-9018676,Biosynthesis of D-series resolvins,Pathway,biosynthesis of d-series resolvins,,NCBI|REACTOME,
Pathway:R-HSA-9018896,Biosynthesis of E-series 18(S)-resolvins,Pathway,biosynthesis of e-series 18(s)-resolvins,,NCBI|REACTOME,
Pathway:R-HSA-9020265,Biosynthesis of aspirin-triggered D-series resolvins,Pathway,biosynthesis of aspirin-triggered d-series resolvins,,NCBI|REACTOME,
Pathway:R-HSA-9023661,Biosynthesis of E-series 18(R)-resolvins,Pathway,biosynthesis of e-series 18(r)-resolvins,,NCBI|REACTOME,
Pathway:R-HSA-9026286,Biosynthesis of DPAn-3-derived protectins and resolvins,Pathway,biosynthesis of dpan-3-derived protectins and resolvins,,NCBI|REACTOME,
Pathway:R-HSA-9026403,Biosynthesis of DPAn-3-derived 13-series resolvins,Pathway,biosynthesis of dpan-3-derived 13-series resolvins,,NCBI|REACTOME,
Pathway:R-HSA-9027604,Biosynthesis of electrophilic ω-3 PUFA oxo-derivatives,Pathway,biosynthesis of electrophilic ω-3 pufa oxo-derivatives,,NCBI|REACTOME,
Pathway:R-HSA-9020956,Interleukin-27 signaling,Pathway,interleukin-27 signaling,,NCBI|REACTOME,
Pathway:R-HSA-452723,Transcriptional regulation of pluripotent stem cells,Pathway,transcriptional regulation of pluripotent stem cells,,NCBI|REACTOME,
Pathway:R-HSA-9694548,Maturation of spike protein,Pathway,maturation of spike protein,,NCBI|REACTOME,
Pathway:R-HSA-975578,Reactions specific to the complex N-glycan synthesis pathway,Pathway,reactions specific to the complex n-glycan synthesis pathway,,NCBI|REACTOME,
Pathway:R-HSA-1433559,Regulation of KIT signaling,Pathway,regulation of kit signaling,,NCBI|REACTOME,
Pathway:R-HSA-2029481,FCGR activation,Pathway,fcgr activation,,NCBI|REACTOME,
Pathway:R-HSA-210990,PECAM1 interactions,Pathway,pecam1 interactions,,NCBI|REACTOME,
Pathway:R-HSA-2730905,Role of LAT2/NTAL/LAB on calcium mobilization,Pathway,role of lat2/ntal/lab on calcium mobilization,,NCBI|REACTOME,
Pathway:R-HSA-373753,Nephrin family interactions,Pathway,nephrin family interactions,,NCBI|REACTOME,
Pathway:R-HSA-389356,CD28 co-stimulation,Pathway,cd28 co-stimulation,,NCBI|REACTOME,
Pathway:R-HSA-389359,CD28 dependent Vav1 pathway,Pathway,cd28 dependent vav1 pathway,,NCBI|REACTOME,
Pathway:R-HSA-5621480,Dectin-2 family,Pathway,dectin-2 family,,NCBI|REACTOME,
Pathway:R-HSA-75892,Platelet Adhesion to exposed collagen,Pathway,platelet adhesion to exposed collagen,,NCBI|REACTOME,
Pathway:R-HSA-8866376,Reelin signalling pathway,Pathway,reelin signalling pathway,,NCBI|REACTOME,
Pathway:R-HSA-9032500,Activated NTRK2 signals through FYN,Pathway,activated ntrk2 signals through fyn,,NCBI|REACTOME,
Pathway:R-HSA-9032759,NTRK2 activates RAC1,Pathway,ntrk2 activates rac1,,NCBI|REACTOME,
Pathway:R-HSA-912631,Regulation of signaling by CBL,Pathway,regulation of signaling by cbl,,NCBI|REACTOME,
Pathway:R-HSA-9670439,"Signaling by phosphorylated juxtamembrane, extracellular and kinase domain KIT mutants",Pathway,"signaling by phosphorylated juxtamembrane, extracellular and kinase domain kit mutants",,NCBI|REACTOME,
Pathway:R-HSA-9706374,FLT3 signaling through SRC family kinases,Pathway,flt3 signaling through src family kinases,,NCBI|REACTOME,
Pathway:R-HSA-983695,Antigen activates B Cell Receptor (BCR) leading to generation of second messengers,Pathway,antigen activates b cell receptor (bcr) leading to generation of second messengers,,NCBI|REACTOME,
Pathway:R-HSA-4608870,Asymmetric localization of PCP proteins,Pathway,asymmetric localization of pcp proteins,,NCBI|REACTOME,
Pathway:R-HSA-3274531,Glycogen storage disease type Ia (G6PC),Pathway,glycogen storage disease type ia (g6pc),,NCBI|REACTOME,
Pathway:R-HSA-164843,2-LTR circle formation,Pathway,2-ltr circle formation,,NCBI|REACTOME,
Pathway:R-HSA-1834949,Cytosolic sensors of pathogen-associated DNA,Pathway,cytosolic sensors of pathogen-associated dna,,NCBI|REACTOME,
Pathway:R-HSA-8851907,MET activates PI3K/AKT signaling,Pathway,met activates pi3k/akt signaling,,NCBI|REACTOME,
Pathway:R-HSA-8865999,MET activates PTPN11,Pathway,met activates ptpn11,,NCBI|REACTOME,
Pathway:R-HSA-8875555,MET activates RAP1 and RAC1,Pathway,met activates rap1 and rac1,,NCBI|REACTOME,
Pathway:R-HSA-9028335,Activated NTRK2 signals through PI3K,Pathway,activated ntrk2 signals through pi3k,,NCBI|REACTOME,
Pathway:R-HSA-420499,Class C/3 (Metabotropic glutamate/pheromone receptors),Pathway,class c/3 (metabotropic glutamate/pheromone receptors),,NCBI|REACTOME,
Pathway:R-HSA-977444,GABA B receptor activation,Pathway,gaba b receptor activation,,NCBI|REACTOME,
Pathway:R-HSA-977443,GABA receptor activation,Pathway,gaba receptor activation,,NCBI|REACTOME,
Pathway:R-HSA-888568,GABA synthesis,Pathway,gaba synthesis,,NCBI|REACTOME,
Pathway:R-HSA-9022927,MECP2 regulates transcription of genes involved in GABA signaling,Pathway,mecp2 regulates transcription of genes involved in gaba signaling,,NCBI|REACTOME,
Pathway:R-HSA-442380,Zinc influx into cells by the SLC39 gene family,Pathway,zinc influx into cells by the slc39 gene family,,NCBI|REACTOME,
Pathway:R-HSA-156584,Cytosolic sulfonation of small molecules,Pathway,cytosolic sulfonation of small molecules,,NCBI|REACTOME,
Pathway:R-HSA-2022857,Keratan sulfate degradation,Pathway,keratan sulfate degradation,,NCBI|REACTOME,
Pathway:R-HSA-2206290,MPS IV - Morquio syndrome A,Pathway,mps iv - morquio syndrome a,,NCBI|REACTOME,
Pathway:R-HSA-110320,Translesion Synthesis by POLH,Pathway,translesion synthesis by polh,,NCBI|REACTOME,
Pathway:R-HSA-5083625,Defective GALNT3 causes familial hyperphosphatemic tumoral calcinosis (HFTC),Pathway,defective galnt3 causes familial hyperphosphatemic tumoral calcinosis (hftc),,NCBI|REACTOME,
Pathway:R-HSA-5682294,Defective ABCA12 causes ARCI4B,Pathway,defective abca12 causes arci4b,,NCBI|REACTOME,
Pathway:R-HSA-400511,"Synthesis, secretion, and inactivation of Glucose-dependent Insulinotropic Polypeptide (GIP)",Pathway,"synthesis, secretion, and inactivation of glucose-dependent insulinotropic polypeptide (gip)",,NCBI|REACTOME,
Pathway:R-HSA-5578768,Physiological factors,Pathway,physiological factors,,NCBI|REACTOME,
Pathway:R-HSA-388844,Receptor-type tyrosine-protein phosphatases,Pathway,receptor-type tyrosine-protein phosphatases,,NCBI|REACTOME,
Pathway:R-HSA-422085,"Synthesis, secretion, and deacylation of Ghrelin",Pathway,"synthesis, secretion, and deacylation of ghrelin",,NCBI|REACTOME,
Pathway:R-HSA-432722,Golgi Associated Vesicle Biogenesis,Pathway,golgi associated vesicle biogenesis,,NCBI|REACTOME,
Pathway:R-HSA-532668,N-glycan trimming in the ER and Calnexin/Calreticulin cycle,Pathway,n-glycan trimming in the er and calnexin/calreticulin cycle,,NCBI|REACTOME,
Pathway:R-HSA-901032,ER Quality Control Compartment (ERQC),Pathway,er quality control compartment (erqc),,NCBI|REACTOME,
Pathway:R-HSA-174403,Glutathione synthesis and recycling,Pathway,glutathione synthesis and recycling,,NCBI|REACTOME,
Pathway:R-HSA-5579022,Defective GGT1 causes GLUTH,Pathway,defective ggt1 causes gluth,,NCBI|REACTOME,
Pathway:R-HSA-9035968,Defective GGT1 in aflatoxin detoxification causes GLUTH,Pathway,defective ggt1 in aflatoxin detoxification causes gluth,,NCBI|REACTOME,
Pathway:R-HSA-1170546,Prolactin receptor signaling,Pathway,prolactin receptor signaling,,NCBI|REACTOME,
Pathway:R-HSA-982772,Growth hormone receptor signaling,Pathway,growth hormone receptor signaling,,NCBI|REACTOME,
Pathway:R-HSA-196741,"Cobalamin (Cbl, vitamin B12) transport and metabolism",Pathway,"cobalamin (cbl, vitamin b12) transport and metabolism",,NCBI|REACTOME,
Pathway:R-HSA-3359457,Defective GIF causes intrinsic factor deficiency,Pathway,defective gif causes intrinsic factor deficiency,,NCBI|REACTOME,
Pathway:R-HSA-3359462,Defective AMN causes hereditary megaloblastic anemia 1,Pathway,defective amn causes hereditary megaloblastic anemia 1,,NCBI|REACTOME,
Pathway:R-HSA-3359463,Defective CUBN causes hereditary megaloblastic anemia 1,Pathway,defective cubn causes hereditary megaloblastic anemia 1,,NCBI|REACTOME,
Pathway:R-HSA-190704,Oligomerization of connexins into connexons,Pathway,oligomerization of connexins into connexons,,NCBI|REACTOME,
Pathway:R-HSA-190827,Transport of connexins along the secretory pathway,Pathway,transport of connexins along the secretory pathway,,NCBI|REACTOME,
Pathway:R-HSA-191650,Regulation of gap junction activity,Pathway,regulation of gap junction activity,,NCBI|REACTOME,
Pathway:R-HSA-448424,Interleukin-17 signaling,Pathway,interleukin-17 signaling,,NCBI|REACTOME,
Pathway:R-HSA-5578999,Defective GCLC causes HAGGSD,Pathway,defective gclc causes haggsd,,NCBI|REACTOME,
Pathway:R-HSA-2162123,Synthesis of Prostaglandins (PG) and Thromboxanes (TX),Pathway,synthesis of prostaglandins (pg) and thromboxanes (tx),,NCBI|REACTOME,
Pathway:R-HSA-444257,RSK activation,Pathway,rsk activation,,NCBI|REACTOME,
Pathway:R-HSA-5610780,Degradation of GLI1 by the proteasome,Pathway,degradation of gli1 by the proteasome,,NCBI|REACTOME,
Pathway:R-HSA-5635851,GLI proteins bind promoters of Hh responsive genes to promote transcription,Pathway,gli proteins bind promoters of hh responsive genes to promote transcription,,NCBI|REACTOME,
Pathway:R-HSA-5610785,GLI3 is processed to GLI3R by the proteasome,Pathway,gli3 is processed to gli3r by the proteasome,,NCBI|REACTOME,
Pathway:R-HSA-70268,Pyruvate metabolism,Pathway,pyruvate metabolism,,NCBI|REACTOME,
Pathway:R-HSA-210455,Astrocytic Glutamate-Glutamine Uptake And Metabolism,Pathway,astrocytic glutamate-glutamine uptake and metabolism,,NCBI|REACTOME,
Pathway:R-HSA-8964539,Glutamate and glutamine metabolism,Pathway,glutamate and glutamine metabolism,,NCBI|REACTOME,
Pathway:R-HSA-422356,Regulation of insulin secretion,Pathway,regulation of insulin secretion,,NCBI|REACTOME,
Pathway:R-HSA-9033807,ABO blood group biosynthesis,Pathway,abo blood group biosynthesis,,NCBI|REACTOME,
Pathway:R-HSA-9673768,Signaling by membrane-tethered fusions of PDGFRA or PDGFRB,Pathway,signaling by membrane-tethered fusions of pdgfra or pdgfrb,,NCBI|REACTOME,
Pathway:R-HSA-5625740,RHO GTPases activate PKNs,Pathway,rho gtpases activate pkns,,NCBI|REACTOME,
Pathway:R-HSA-376176,Signaling by ROBO receptors,Pathway,signaling by robo receptors,,NCBI|REACTOME,
Pathway:R-HSA-5619058,"Defective SLCO1B3 causes hyperbilirubinemia, Rotor type (HBLRR)",Pathway,"defective slco1b3 causes hyperbilirubinemia, rotor type (hblrr)",,NCBI|REACTOME,
Pathway:R-HSA-390918,Peroxisomal lipid metabolism,Pathway,peroxisomal lipid metabolism,,NCBI|REACTOME,
Pathway:R-HSA-936837,Ion transport by P-type ATPases,Pathway,ion transport by p-type atpases,,NCBI|REACTOME,
Pathway:R-HSA-2142770,Synthesis of 15-eicosatetraenoic acid derivatives,Pathway,synthesis of 15-eicosatetraenoic acid derivatives,,NCBI|REACTOME,
Pathway:R-HSA-112412,SOS-mediated signalling,Pathway,sos-mediated signalling,,NCBI|REACTOME,
Pathway:R-HSA-167044,Signalling to RAS,Pathway,signalling to ras,,NCBI|REACTOME,
Pathway:R-HSA-186763,Downstream signal transduction,Pathway,downstream signal transduction,,NCBI|REACTOME,
Pathway:R-HSA-210993,Tie2 Signaling,Pathway,tie2 signaling,,NCBI|REACTOME,
Pathway:R-HSA-2428933,SHC-related events triggered by IGF1R,Pathway,shc-related events triggered by igf1r,,NCBI|REACTOME,
Pathway:R-HSA-388841,Costimulation by the CD28 family,Pathway,costimulation by the cd28 family,,NCBI|REACTOME,
Pathway:R-HSA-6807004,Negative regulation of MET activity,Pathway,negative regulation of met activity,,NCBI|REACTOME,
Pathway:R-HSA-74749,Signal attenuation,Pathway,signal attenuation,,NCBI|REACTOME,
Pathway:R-HSA-74751,Insulin receptor signalling cascade,Pathway,insulin receptor signalling cascade,,NCBI|REACTOME,
Pathway:R-HSA-8875360,InlB-mediated entry of Listeria monocytogenes into host cell,Pathway,inlb-mediated entry of listeria monocytogenes into host cell,,NCBI|REACTOME,
Pathway:R-HSA-8983432,Interleukin-15 signaling,Pathway,interleukin-15 signaling,,NCBI|REACTOME,
Pathway:R-HSA-9026519,Activated NTRK2 signals through RAS,Pathway,activated ntrk2 signals through ras,,NCBI|REACTOME,
Pathway:R-HSA-9028731,Activated NTRK2 signals through FRS2 and FRS3,Pathway,activated ntrk2 signals through frs2 and frs3,,NCBI|REACTOME,
Pathway:R-HSA-9034864,Activated NTRK3 signals through RAS,Pathway,activated ntrk3 signals through ras,,NCBI|REACTOME,
Pathway:R-HSA-9645135,STAT5 Activation,Pathway,stat5 activation,,NCBI|REACTOME,
Pathway:R-HSA-9673767,"Signaling by PDGFRA transmembrane, juxtamembrane and kinase domain mutants",Pathway,"signaling by pdgfra transmembrane, juxtamembrane and kinase domain mutants",,NCBI|REACTOME,
Pathway:R-HSA-9673770,Signaling by PDGFRA extracellular domain mutants,Pathway,signaling by pdgfra extracellular domain mutants,,NCBI|REACTOME,
Pathway:R-HSA-9703648,Signaling by FLT3 ITD and TKD mutants,Pathway,signaling by flt3 itd and tkd mutants,,NCBI|REACTOME,
Pathway:R-HSA-74713,IRS activation,Pathway,irs activation,,NCBI|REACTOME,
Pathway:R-HSA-399710,Activation of AMPA receptors,Pathway,activation of ampa receptors,,NCBI|REACTOME,
Pathway:R-HSA-416993,Trafficking of GluR2-containing AMPA receptors,Pathway,trafficking of glur2-containing ampa receptors,,NCBI|REACTOME,
Pathway:R-HSA-5368286,Mitochondrial translation initiation,Pathway,mitochondrial translation initiation,,NCBI|REACTOME,
Pathway:R-HSA-5389840,Mitochondrial translation elongation,Pathway,mitochondrial translation elongation,,NCBI|REACTOME,
Pathway:R-HSA-5419276,Mitochondrial translation termination,Pathway,mitochondrial translation termination,,NCBI|REACTOME,
Pathway:R-HSA-451307,Activation of Na-permeable kainate receptors,Pathway,activation of na-permeable kainate receptors,,NCBI|REACTOME,
Pathway:R-HSA-8849473,PTK6 Expression,Pathway,ptk6 expression,,NCBI|REACTOME,
Pathway:R-HSA-416550,Sema4D mediated inhibition of cell attachment and migration,Pathway,sema4d mediated inhibition of cell attachment and migration,,NCBI|REACTOME,
Pathway:R-HSA-8849471,"PTK6 Regulates RHO GTPases, RAS GTPase and MAP kinases",Pathway,"ptk6 regulates rho gtpases, ras gtpase and map kinases",,NCBI|REACTOME,
Pathway:R-HSA-5576892,Phase 0 - rapid depolarisation,Pathway,phase 0 - rapid depolarisation,,NCBI|REACTOME,
Pathway:R-HSA-5660668,CLEC7A/inflammasome pathway,Pathway,clec7a/inflammasome pathway,,NCBI|REACTOME,
Pathway:R-HSA-844456,The NLRP3 inflammasome,Pathway,the nlrp3 inflammasome,,NCBI|REACTOME,
Pathway:R-HSA-844615,The AIM2 inflammasome,Pathway,the aim2 inflammasome,,NCBI|REACTOME,
Pathway:R-HSA-9660826,Purinergic signaling in leishmaniasis infection,Pathway,purinergic signaling in leishmaniasis infection,,NCBI|REACTOME,
Pathway:R-HSA-389948,PD-1 signaling,Pathway,pd-1 signaling,,NCBI|REACTOME,
Pathway:R-HSA-901042,Calnexin/calreticulin cycle,Pathway,calnexin/calreticulin cycle,,NCBI|REACTOME,
Pathway:R-HSA-983170,"Antigen Presentation: Folding, assembly and peptide loading of class I MHC",Pathway,"antigen presentation: folding, assembly and peptide loading of class i mhc",,NCBI|REACTOME,
Pathway:R-HSA-9635465,Suppression of apoptosis,Pathway,suppression of apoptosis,,NCBI|REACTOME,
Pathway:R-HSA-9682706,Replication of the SARS-CoV-1 genome,Pathway,replication of the sars-cov-1 genome,,NCBI|REACTOME,
Pathway:R-HSA-9694686,Replication of the SARS-CoV-2 genome,Pathway,replication of the sars-cov-2 genome,,NCBI|REACTOME,
Pathway:R-HSA-5467337,APC truncation mutants have impaired AXIN binding,Pathway,apc truncation mutants have impaired axin binding,,NCBI|REACTOME,
Pathway:R-HSA-5467340,AXIN missense mutants destabilize the destruction complex,Pathway,axin missense mutants destabilize the destruction complex,,NCBI|REACTOME,
Pathway:R-HSA-5467348,Truncations of AMER1 destabilize the destruction complex,Pathway,truncations of amer1 destabilize the destruction complex,,NCBI|REACTOME,
Pathway:R-HSA-5610783,Degradation of GLI2 by the proteasome,Pathway,degradation of gli2 by the proteasome,,NCBI|REACTOME,
Pathway:R-HSA-5632928,Defective Mismatch Repair Associated With MSH2,Pathway,defective mismatch repair associated with msh2,,NCBI|REACTOME,
Pathway:R-HSA-5632968,Defective Mismatch Repair Associated With MSH6,Pathway,defective mismatch repair associated with msh6,,NCBI|REACTOME,
Pathway:R-HSA-749476,RNA Polymerase III Abortive And Retractive Initiation,Pathway,rna polymerase iii abortive and retractive initiation,,NCBI|REACTOME,
Pathway:R-HSA-76061,RNA Polymerase III Transcription Initiation From Type 1 Promoter,Pathway,rna polymerase iii transcription initiation from type 1 promoter,,NCBI|REACTOME,
Pathway:R-HSA-76066,RNA Polymerase III Transcription Initiation From Type 2 Promoter,Pathway,rna polymerase iii transcription initiation from type 2 promoter,,NCBI|REACTOME,
Pathway:R-HSA-392154,Nitric oxide stimulates guanylate cyclase,Pathway,nitric oxide stimulates guanylate cyclase,,NCBI|REACTOME,
Pathway:R-HSA-8935690,Digestion,Pathway,digestion,,NCBI|REACTOME,
Pathway:R-HSA-8942233,Intestinal infectious diseases,Pathway,intestinal infectious diseases,,NCBI|REACTOME,
Pathway:R-HSA-3322077,Glycogen synthesis,Pathway,glycogen synthesis,,NCBI|REACTOME,
Pathway:R-HSA-3858516,Glycogen storage disease type 0 (liver GYS2),Pathway,glycogen storage disease type 0 (liver gys2),,NCBI|REACTOME,
Pathway:R-HSA-3878781,Glycogen storage disease type IV (GBE1),Pathway,glycogen storage disease type iv (gbe1),,NCBI|REACTOME,
Pathway:R-HSA-5620971,Pyroptosis,Pathway,pyroptosis,,NCBI|REACTOME,
Pathway:R-HSA-75108,"Activation, myristolyation of BID and translocation to mitochondria",Pathway,"activation, myristolyation of bid and translocation to mitochondria",,NCBI|REACTOME,
Pathway:R-HSA-140342,Apoptosis induced DNA fragmentation,Pathway,apoptosis induced dna fragmentation,,NCBI|REACTOME,
Pathway:R-HSA-2559584,Formation of Senescence-Associated Heterochromatin Foci (SAHF),Pathway,formation of senescence-associated heterochromatin foci (sahf),,NCBI|REACTOME,
Pathway:R-HSA-5655799,Defective SLC40A1 causes hemochromatosis 4 (HFE4) (duodenum),Pathway,defective slc40a1 causes hemochromatosis 4 (hfe4) (duodenum),,NCBI|REACTOME,
Pathway:R-HSA-444473,Formyl peptide receptors bind formyl peptides and many other ligands,Pathway,formyl peptide receptors bind formyl peptides and many other ligands,,NCBI|REACTOME,
Pathway:R-HSA-110328,Recognition and association of DNA glycosylase with site containing an affected pyrimidine,Pathway,recognition and association of dna glycosylase with site containing an affected pyrimidine,,NCBI|REACTOME,
Pathway:R-HSA-110329,Cleavage of the damaged pyrimidine,Pathway,cleavage of the damaged pyrimidine,,NCBI|REACTOME,
Pathway:R-HSA-110330,Recognition and association of DNA glycosylase with site containing an affected purine,Pathway,recognition and association of dna glycosylase with site containing an affected purine,,NCBI|REACTOME,
Pathway:R-HSA-110331,Cleavage of the damaged purine,Pathway,cleavage of the damaged purine,,NCBI|REACTOME,
Pathway:R-HSA-171306,Packaging Of Telomere Ends,Pathway,packaging of telomere ends,,NCBI|REACTOME,
Pathway:R-HSA-5578749,Transcriptional regulation by small RNAs,Pathway,transcriptional regulation by small rnas,,NCBI|REACTOME,
Pathway:R-HSA-73728,RNA Polymerase I Promoter Opening,Pathway,rna polymerase i promoter opening,,NCBI|REACTOME,
Pathway:R-HSA-9670095,Inhibition of DNA recombination at telomere,Pathway,inhibition of dna recombination at telomere,,NCBI|REACTOME,
Pathway:R-HSA-75205,Dissolution of Fibrin Clot,Pathway,dissolution of fibrin clot,,NCBI|REACTOME,
Pathway:R-HSA-6785470,tRNA processing in the mitochondrion,Pathway,trna processing in the mitochondrion,,NCBI|REACTOME,
Pathway:R-HSA-6787450,tRNA modification in the mitochondrion,Pathway,trna modification in the mitochondrion,,NCBI|REACTOME,
Pathway:R-HSA-70895,Branched-chain amino acid catabolism,Pathway,branched-chain amino acid catabolism,,NCBI|REACTOME,
Pathway:R-HSA-8868766,rRNA processing in the mitochondrion,Pathway,rrna processing in the mitochondrion,,NCBI|REACTOME,
Pathway:R-HSA-1482798,Acyl chain remodeling of CL,Pathway,acyl chain remodeling of cl,,NCBI|REACTOME,
Pathway:R-HSA-77285,Beta oxidation of myristoyl-CoA to lauroyl-CoA,Pathway,beta oxidation of myristoyl-coa to lauroyl-coa,,NCBI|REACTOME,
Pathway:R-HSA-77288,mitochondrial fatty acid beta-oxidation of unsaturated fatty acids,Pathway,mitochondrial fatty acid beta-oxidation of unsaturated fatty acids,,NCBI|REACTOME,
Pathway:R-HSA-77305,Beta oxidation of palmitoyl-CoA to myristoyl-CoA,Pathway,beta oxidation of palmitoyl-coa to myristoyl-coa,,NCBI|REACTOME,
Pathway:R-HSA-77310,Beta oxidation of lauroyl-CoA to decanoyl-CoA-CoA,Pathway,beta oxidation of lauroyl-coa to decanoyl-coa-coa,,NCBI|REACTOME,
Pathway:R-HSA-77346,Beta oxidation of decanoyl-CoA to octanoyl-CoA-CoA,Pathway,beta oxidation of decanoyl-coa to octanoyl-coa-coa,,NCBI|REACTOME,
Pathway:R-HSA-77348,Beta oxidation of octanoyl-CoA to hexanoyl-CoA,Pathway,beta oxidation of octanoyl-coa to hexanoyl-coa,,NCBI|REACTOME,
Pathway:R-HSA-77350,Beta oxidation of hexanoyl-CoA to butanoyl-CoA,Pathway,beta oxidation of hexanoyl-coa to butanoyl-coa,,NCBI|REACTOME,
Pathway:R-HSA-389397,Orexin and neuropeptides FF and QRFP bind to their respective receptors,Pathway,orexin and neuropeptides ff and qrfp bind to their respective receptors,,NCBI|REACTOME,
Pathway:R-HSA-193670,p75NTR negatively regulates cell cycle via SC1,Pathway,p75ntr negatively regulates cell cycle via sc1,,NCBI|REACTOME,
Pathway:R-HSA-9022538,Loss of MECP2 binding ability to 5mC-DNA,Pathway,loss of mecp2 binding ability to 5mc-dna,,NCBI|REACTOME,
Pathway:R-HSA-8964011,HDL clearance,Pathway,hdl clearance,,NCBI|REACTOME,
Pathway:R-HSA-5576894,Phase 1 - inactivation of fast Na+ channels,Pathway,phase 1 - inactivation of fast na+ channels,,NCBI|REACTOME,
Pathway:R-HSA-1266695,Interleukin-7 signaling,Pathway,interleukin-7 signaling,,NCBI|REACTOME,
Pathway:R-HSA-6806942,MET Receptor Activation,Pathway,met receptor activation,,NCBI|REACTOME,
Pathway:R-HSA-8875513,MET interacts with TNS proteins,Pathway,met interacts with tns proteins,,NCBI|REACTOME,
Pathway:R-HSA-8875791,MET activates STAT3,Pathway,met activates stat3,,NCBI|REACTOME,
Pathway:R-HSA-74259,Purine catabolism,Pathway,purine catabolism,,NCBI|REACTOME,
Pathway:R-HSA-1660514,Synthesis of PIPs at the Golgi membrane,Pathway,synthesis of pips at the golgi membrane,,NCBI|REACTOME,
Pathway:R-HSA-1660516,Synthesis of PIPs at the early endosome membrane,Pathway,synthesis of pips at the early endosome membrane,,NCBI|REACTOME,
Pathway:R-HSA-1660517,Synthesis of PIPs at the late endosome membrane,Pathway,synthesis of pips at the late endosome membrane,,NCBI|REACTOME,
Pathway:R-HSA-168138,Toll Like Receptor 9 (TLR9) Cascade,Pathway,toll like receptor 9 (tlr9) cascade,,NCBI|REACTOME,
Pathway:R-HSA-9679504,Translation of Replicase and Assembly of the Replication Transcription Complex,Pathway,translation of replicase and assembly of the replication transcription complex,,NCBI|REACTOME,
Pathway:R-HSA-9694676,Translation of Replicase and Assembly of the Replication Transcription Complex,Pathway,translation of replicase and assembly of the replication transcription complex,,NCBI|REACTOME,
Pathway:R-HSA-1234174,Cellular response to hypoxia,Pathway,cellular response to hypoxia,,NCBI|REACTOME,
Pathway:R-HSA-5619056,Defective HK1 causes hexokinase deficiency (HK deficiency),Pathway,defective hk1 causes hexokinase deficiency (hk deficiency),,NCBI|REACTOME,
Pathway:R-HSA-196780,Biotin transport and metabolism,Pathway,biotin transport and metabolism,,NCBI|REACTOME,
Pathway:R-HSA-3371599,Defective HLCS causes multiple carboxylase deficiency,Pathway,defective hlcs causes multiple carboxylase deficiency,,NCBI|REACTOME,
Pathway:R-HSA-1236977,Endosomal/Vacuolar pathway,Pathway,endosomal/vacuolar pathway,,NCBI|REACTOME,
Pathway:R-HSA-164940,Nef mediated downregulation of MHC class I complex cell surface expression,Pathway,nef mediated downregulation of mhc class i complex cell surface expression,,NCBI|REACTOME,
Pathway:R-HSA-8866654,E3 ubiquitin ligases ubiquitinate target proteins,Pathway,e3 ubiquitin ligases ubiquitinate target proteins,,NCBI|REACTOME,
Pathway:R-HSA-202424,Downstream TCR signaling,Pathway,downstream tcr signaling,,NCBI|REACTOME,
Pathway:R-HSA-202427,Phosphorylation of CD3 and TCR zeta chains,Pathway,phosphorylation of cd3 and tcr zeta chains,,NCBI|REACTOME,
Pathway:R-HSA-202430,Translocation of ZAP-70 to Immunological synapse,Pathway,translocation of zap-70 to immunological synapse,,NCBI|REACTOME,
Pathway:R-HSA-202433,Generation of second messenger molecules,Pathway,generation of second messenger molecules,,NCBI|REACTOME,
Pathway:R-HSA-77111,Synthesis of Ketone Bodies,Pathway,synthesis of ketone bodies,,NCBI|REACTOME,
Pathway:R-HSA-162592,Integration of provirus,Pathway,integration of provirus,,NCBI|REACTOME,
Pathway:R-HSA-175567,Integration of viral DNA into host genomic DNA,Pathway,integration of viral dna into host genomic dna,,NCBI|REACTOME,
Pathway:R-HSA-177539,Autointegration results in viral DNA circles,Pathway,autointegration results in viral dna circles,,NCBI|REACTOME,
Pathway:R-HSA-180689,APOBEC3G mediated resistance to HIV-1 infection,Pathway,apobec3g mediated resistance to hiv-1 infection,,NCBI|REACTOME,
Pathway:R-HSA-180910,Vpr-mediated nuclear import of PICs,Pathway,vpr-mediated nuclear import of pics,,NCBI|REACTOME,
Pathway:R-HSA-964975,Vitamins B6 activation to pyridoxal phosphate,Pathway,vitamins b6 activation to pyridoxal phosphate,,NCBI|REACTOME,
Pathway:R-HSA-9609523,Insertion of tail-anchored proteins into the endoplasmic reticulum membrane,Pathway,insertion of tail-anchored proteins into the endoplasmic reticulum membrane,,NCBI|REACTOME,
Pathway:R-HSA-9707587,Regulation of HMOX1 expression and activity,Pathway,regulation of hmox1 expression and activity,,NCBI|REACTOME,
Pathway:R-HSA-6803529,FGFR2 alternative splicing,Pathway,fgfr2 alternative splicing,,NCBI|REACTOME,
Pathway:R-HSA-4570464,SUMOylation of RNA binding proteins,Pathway,sumoylation of rna binding proteins,,NCBI|REACTOME,
Pathway:R-HSA-5467333,APC truncation mutants are not K63 polyubiquitinated,Pathway,apc truncation mutants are not k63 polyubiquitinated,,NCBI|REACTOME,
Pathway:R-HSA-8852405,Signaling by MST1,Pathway,signaling by mst1,,NCBI|REACTOME,
Pathway:R-HSA-1169092,Activation of RAS in B cells,Pathway,activation of ras in b cells,,NCBI|REACTOME,
Pathway:R-HSA-5218921,VEGFR2 mediated cell proliferation,Pathway,vegfr2 mediated cell proliferation,,NCBI|REACTOME,
Pathway:R-HSA-5673000,RAF activation,Pathway,raf activation,,NCBI|REACTOME,
Pathway:R-HSA-5675221,Negative regulation of MAPK pathway,Pathway,negative regulation of mapk pathway,,NCBI|REACTOME,
Pathway:R-HSA-6802953,RAS signaling downstream of NF1 loss-of-function variants,Pathway,ras signaling downstream of nf1 loss-of-function variants,,NCBI|REACTOME,
Pathway:R-HSA-9634635,Estrogen-stimulated signaling through PRKCZ,Pathway,estrogen-stimulated signaling through prkcz,,NCBI|REACTOME,
Pathway:R-HSA-9648002,RAS processing,Pathway,ras processing,,NCBI|REACTOME,
Pathway:R-HSA-9649913,RAS GTPase cycle mutants,Pathway,ras gtpase cycle mutants,,NCBI|REACTOME,
Pathway:R-HSA-390650,Histamine receptors,Pathway,histamine receptors,,NCBI|REACTOME,
Pathway:R-HSA-110357,Displacement of DNA glycosylase by APEX1,Pathway,displacement of dna glycosylase by apex1,,NCBI|REACTOME,
Pathway:R-HSA-110373,Resolution of AP sites via the multiple-nucleotide patch replacement pathway,Pathway,resolution of ap sites via the multiple-nucleotide patch replacement pathway,,NCBI|REACTOME,
Pathway:R-HSA-73930,Abasic sugar-phosphate removal via the single-nucleotide replacement pathway,Pathway,abasic sugar-phosphate removal via the single-nucleotide replacement pathway,,NCBI|REACTOME,
Pathway:R-HSA-73933,Resolution of Abasic Sites (AP sites),Pathway,resolution of abasic sites (ap sites),,NCBI|REACTOME,
Pathway:R-HSA-5213460,RIPK1-mediated regulated necrosis,Pathway,ripk1-mediated regulated necrosis,,NCBI|REACTOME,
Pathway:R-HSA-5668541,TNFR2 non-canonical NF-kB pathway,Pathway,tnfr2 non-canonical nf-kb pathway,,NCBI|REACTOME,
Pathway:R-HSA-5675482,Regulation of necroptotic cell death,Pathway,regulation of necroptotic cell death,,NCBI|REACTOME,
Pathway:R-HSA-5676594,TNF receptor superfamily (TNFSF) members mediating non-canonical NF-kB pathway,Pathway,tnf receptor superfamily (tnfsf) members mediating non-canonical nf-kb pathway,,NCBI|REACTOME,
Pathway:R-HSA-168330,Viral RNP Complexes in the Host Cell Nucleus,Pathway,viral rnp complexes in the host cell nucleus,,NCBI|REACTOME,
Pathway:R-HSA-381033,ATF6 (ATF6-alpha) activates chaperones,Pathway,atf6 (atf6-alpha) activates chaperones,,NCBI|REACTOME,
Pathway:R-HSA-111459,Activation of caspases through apoptosome-mediated cleavage,Pathway,activation of caspases through apoptosome-mediated cleavage,,NCBI|REACTOME,
Pathway:R-HSA-111463,SMAC (DIABLO) binds to IAPs,Pathway,smac (diablo) binds to iaps,,NCBI|REACTOME,
Pathway:R-HSA-111464,SMAC(DIABLO)-mediated dissociation of IAP:caspase complexes,Pathway,smac(diablo)-mediated dissociation of iap:caspase complexes,,NCBI|REACTOME,
Pathway:R-HSA-111469,"SMAC, XIAP-regulated apoptotic response",Pathway,"smac, xiap-regulated apoptotic response",,NCBI|REACTOME,
Pathway:R-HSA-8948747,Regulation of PTEN localization,Pathway,regulation of pten localization,,NCBI|REACTOME,
Pathway:R-HSA-9627069,Regulation of the apoptosome activity,Pathway,regulation of the apoptosome activity,,NCBI|REACTOME,
Pathway:R-HSA-4615885,SUMOylation of DNA replication proteins,Pathway,sumoylation of dna replication proteins,,NCBI|REACTOME,
Pathway:R-HSA-168928,DDX58/IFIH1-mediated induction of interferon-alpha/beta,Pathway,ddx58/ifih1-mediated induction of interferon-alpha/beta,,NCBI|REACTOME,
Pathway:R-HSA-192905,vRNP Assembly,Pathway,vrnp assembly,,NCBI|REACTOME,
Pathway:R-HSA-3000484,Scavenging by Class F Receptors,Pathway,scavenging by class f receptors,,NCBI|REACTOME,
Pathway:R-HSA-3000471,Scavenging by Class B Receptors,Pathway,scavenging by class b receptors,,NCBI|REACTOME,
Pathway:R-HSA-8963888,Chylomicron assembly,Pathway,chylomicron assembly,,NCBI|REACTOME,
Pathway:R-HSA-8963901,Chylomicron remodeling,Pathway,chylomicron remodeling,,NCBI|REACTOME,
Pathway:R-HSA-390666,Serotonin receptors,Pathway,serotonin receptors,,NCBI|REACTOME,
Pathway:R-HSA-9706019,RHOBTB3 ATPase cycle,Pathway,rhobtb3 atpase cycle,,NCBI|REACTOME,
Pathway:R-HSA-8963889,Assembly of active LPL and LIPC lipase complexes,Pathway,assembly of active lpl and lipc lipase complexes,,NCBI|REACTOME,
Pathway:R-HSA-3000497,Scavenging by Class H Receptors,Pathway,scavenging by class h receptors,,NCBI|REACTOME,
Pathway:R-HSA-8866423,VLDL assembly,Pathway,vldl assembly,,NCBI|REACTOME,
Pathway:R-HSA-8964026,Chylomicron clearance,Pathway,chylomicron clearance,,NCBI|REACTOME,
Pathway:R-HSA-8964038,LDL clearance,Pathway,ldl clearance,,NCBI|REACTOME,
Pathway:R-HSA-8964046,VLDL clearance,Pathway,vldl clearance,,NCBI|REACTOME,
Pathway:R-HSA-3296197,Hydroxycarboxylic acid-binding receptors,Pathway,hydroxycarboxylic acid-binding receptors,,NCBI|REACTOME,
Pathway:R-HSA-2978092,Abnormal conversion of 2-oxoglutarate to 2-hydroxyglutarate,Pathway,abnormal conversion of 2-oxoglutarate to 2-hydroxyglutarate,,NCBI|REACTOME,
Pathway:R-HSA-389542,NADPH regeneration,Pathway,nadph regeneration,,NCBI|REACTOME,
Pathway:R-HSA-71403,Citric acid cycle (TCA cycle),Pathway,citric acid cycle (tca cycle),,NCBI|REACTOME,
Pathway:R-HSA-2206296,MPS II - Hunter syndrome,Pathway,mps ii - hunter syndrome,,NCBI|REACTOME,
Pathway:R-HSA-432047,Passive transport by Aquaporins,Pathway,passive transport by aquaporins,,NCBI|REACTOME,
Pathway:R-HSA-425366,"Transport of bile salts and organic acids, metal ions and amine compounds",Pathway,"transport of bile salts and organic acids, metal ions and amine compounds",,NCBI|REACTOME,
Pathway:R-HSA-877312,Regulation of IFNG signaling,Pathway,regulation of ifng signaling,,NCBI|REACTOME,
Pathway:R-HSA-804914,Transport of fatty acids,Pathway,transport of fatty acids,,NCBI|REACTOME,
Pathway:R-HSA-2404192,Signaling by Type 1 Insulin-like Growth Factor 1 Receptor (IGF1R),Pathway,signaling by type 1 insulin-like growth factor 1 receptor (igf1r),,NCBI|REACTOME,
Pathway:R-HSA-2428928,IRS-related events triggered by IGF1R,Pathway,irs-related events triggered by igf1r,,NCBI|REACTOME,
Pathway:R-HSA-8864260,Transcriptional regulation by the AP-2 (TFAP2) family of transcription factors,Pathway,transcriptional regulation by the ap-2 (tfap2) family of transcription factors,,NCBI|REACTOME,
Pathway:R-HSA-6803211,TP53 Regulates Transcription of Death Receptors and Ligands,Pathway,tp53 regulates transcription of death receptors and ligands,,NCBI|REACTOME,
Pathway:R-HSA-3371378,Regulation by c-FLIP,Pathway,regulation by c-flip,,NCBI|REACTOME,
Pathway:R-HSA-5218900,CASP8 activity is inhibited,Pathway,casp8 activity is inhibited,,NCBI|REACTOME,
Pathway:R-HSA-69416,Dimerization of procaspase-8,Pathway,dimerization of procaspase-8,,NCBI|REACTOME,
Pathway:R-HSA-75157,FasL/ CD95L signaling,Pathway,fasl/ cd95l signaling,,NCBI|REACTOME,
Pathway:R-HSA-1169091,Activation of NF-kappaB in B cells,Pathway,activation of nf-kappab in b cells,,NCBI|REACTOME,
Pathway:R-HSA-209543,p75NTR recruits signalling complexes,Pathway,p75ntr recruits signalling complexes,,NCBI|REACTOME,
Pathway:R-HSA-209560,NF-kB is activated and signals survival,Pathway,nf-kb is activated and signals survival,,NCBI|REACTOME,
Pathway:R-HSA-2871837,FCERI mediated NF-kB activation,Pathway,fceri mediated nf-kb activation,,NCBI|REACTOME,
Pathway:R-HSA-5602636,IKBKB deficiency causes SCID,Pathway,ikbkb deficiency causes scid,,NCBI|REACTOME,
Pathway:R-HSA-5603027,IKBKG deficiency causes anhidrotic ectodermal dysplasia with immunodeficiency (EDA-ID) (via TLR),Pathway,ikbkg deficiency causes anhidrotic ectodermal dysplasia with immunodeficiency (eda-id) (via tlr),,NCBI|REACTOME,
Pathway:R-HSA-5603029,IkBA variant leads to EDA-ID,Pathway,ikba variant leads to eda-id,,NCBI|REACTOME,
Pathway:R-HSA-5607764,CLEC7A (Dectin-1) signaling,Pathway,clec7a (dectin-1) signaling,,NCBI|REACTOME,
Pathway:R-HSA-9020702,Interleukin-1 signaling,Pathway,interleukin-1 signaling,,NCBI|REACTOME,
Pathway:R-HSA-933543,NF-kB activation through FADD/RIP-1 pathway mediated by caspase-8 and -10,Pathway,nf-kb activation through fadd/rip-1 pathway mediated by caspase-8 and -10,,NCBI|REACTOME,
Pathway:R-HSA-937039,IRAK1 recruits IKK complex,Pathway,irak1 recruits ikk complex,,NCBI|REACTOME,
Pathway:R-HSA-975144,IRAK1 recruits IKK complex upon TLR7/8 or 9 stimulation,Pathway,irak1 recruits ikk complex upon tlr7/8 or 9 stimulation,,NCBI|REACTOME,
Pathway:R-HSA-448706,Interleukin-1 processing,Pathway,interleukin-1 processing,,NCBI|REACTOME,
Pathway:R-HSA-9014826,Interleukin-36 pathway,Pathway,interleukin-36 pathway,,NCBI|REACTOME,
Pathway:R-HSA-9014843,Interleukin-33 signaling,Pathway,interleukin-33 signaling,,NCBI|REACTOME,
Pathway:R-HSA-9020558,Interleukin-2 signaling,Pathway,interleukin-2 signaling,,NCBI|REACTOME,
Pathway:R-HSA-8985947,Interleukin-9 signaling,Pathway,interleukin-9 signaling,,NCBI|REACTOME,
Pathway:R-HSA-9020958,Interleukin-21 signaling,Pathway,interleukin-21 signaling,,NCBI|REACTOME,
Pathway:R-HSA-8939247,RUNX1 regulates transcription of genes involved in interleukin signaling,Pathway,runx1 regulates transcription of genes involved in interleukin signaling,,NCBI|REACTOME,
Pathway:R-HSA-1059683,Interleukin-6 signaling,Pathway,interleukin-6 signaling,,NCBI|REACTOME,
Pathway:R-HSA-110056,MAPK3 (ERK1) activation,Pathway,mapk3 (erk1) activation,,NCBI|REACTOME,
Pathway:R-HSA-112411,MAPK1 (ERK2) activation,Pathway,mapk1 (erk2) activation,,NCBI|REACTOME,
Pathway:R-HSA-8984722,Interleukin-35 Signalling,Pathway,interleukin-35 signalling,,NCBI|REACTOME,
Pathway:R-HSA-9020591,Interleukin-12 signaling,Pathway,interleukin-12 signaling,,NCBI|REACTOME,
Pathway:R-HSA-9020933,Interleukin-23 signaling,Pathway,interleukin-23 signaling,,NCBI|REACTOME,
Pathway:R-HSA-1855183,"Synthesis of IP2, IP, and Ins in the cytosol",Pathway,"synthesis of ip2, ip, and ins in the cytosol",,NCBI|REACTOME,
Pathway:R-HSA-71240,Tryptophan catabolism,Pathway,tryptophan catabolism,,NCBI|REACTOME,
Pathway:R-HSA-74752,Signaling by Insulin receptor,Pathway,signaling by insulin receptor,,NCBI|REACTOME,
Pathway:R-HSA-77387,Insulin receptor recycling,Pathway,insulin receptor recycling,,NCBI|REACTOME,
Pathway:R-HSA-450321,JNK (c-Jun kinases) phosphorylation and activation mediated by activated human TAK1,Pathway,jnk (c-jun kinases) phosphorylation and activation mediated by activated human tak1,,NCBI|REACTOME,
Pathway:R-HSA-8986944,Transcriptional Regulation by MECP2,Pathway,transcriptional regulation by mecp2,,NCBI|REACTOME,
Pathway:R-HSA-975110,TRAF6 mediated IRF7 activation in TLR7/8 or 9 signaling,Pathway,traf6 mediated irf7 activation in tlr7/8 or 9 signaling,,NCBI|REACTOME,
Pathway:R-HSA-975138,TRAF6 mediated induction of NFkB and MAP kinases upon TLR7/8 or 9 activation,Pathway,traf6 mediated induction of nfkb and map kinases upon tlr7/8 or 9 activation,,NCBI|REACTOME,
Pathway:R-HSA-975155,MyD88 dependent cascade initiated on endosome,Pathway,myd88 dependent cascade initiated on endosome,,NCBI|REACTOME,
Pathway:R-HSA-975871,MyD88 cascade initiated on plasma membrane,Pathway,myd88 cascade initiated on plasma membrane,,NCBI|REACTOME,
Pathway:R-HSA-937042,IRAK2 mediated activation of TAK1 complex,Pathway,irak2 mediated activation of tak1 complex,,NCBI|REACTOME,
Pathway:R-HSA-112399,IRS-mediated signalling,Pathway,irs-mediated signalling,,NCBI|REACTOME,
Pathway:R-HSA-198203,PI3K/AKT activation,Pathway,pi3k/akt activation,,NCBI|REACTOME,
Pathway:R-HSA-2586552,Signaling by Leptin,Pathway,signaling by leptin,,NCBI|REACTOME,
Pathway:R-HSA-9603381,Activated NTRK3 signals through PI3K,Pathway,activated ntrk3 signals through pi3k,,NCBI|REACTOME,
Pathway:R-HSA-5690338,Defective ABCC6 causes PXE,Pathway,defective abcc6 causes pxe,,NCBI|REACTOME,
Pathway:R-HSA-210991,Basigin interactions,Pathway,basigin interactions,,NCBI|REACTOME,
Pathway:R-HSA-416700,Other semaphorin interactions,Pathway,other semaphorin interactions,,NCBI|REACTOME,
Pathway:R-HSA-446343,Localization of the PINCH-ILK-PARVIN complex to focal adhesions,Pathway,localization of the pinch-ilk-parvin complex to focal adhesions,,NCBI|REACTOME,
Pathway:R-HSA-9660537,Signaling by MRAS-complex mutants,Pathway,signaling by mras-complex mutants,,NCBI|REACTOME,
Pathway:R-HSA-446107,Type I hemidesmosome assembly,Pathway,type i hemidesmosome assembly,,NCBI|REACTOME,
Pathway:R-HSA-139853,Elevation of cytosolic Ca2+ levels,Pathway,elevation of cytosolic ca2+ levels,,NCBI|REACTOME,
Pathway:R-HSA-1489509,DAG and IP3 signaling,Pathway,dag and ip3 signaling,,NCBI|REACTOME,
Pathway:R-HSA-2029485,Role of phospholipids in phagocytosis,Pathway,role of phospholipids in phagocytosis,,NCBI|REACTOME,
Pathway:R-HSA-418457,cGMP effects,Pathway,cgmp effects,,NCBI|REACTOME,
Pathway:R-HSA-5578775,Ion homeostasis,Pathway,ion homeostasis,,NCBI|REACTOME,
Pathway:R-HSA-5607763,CLEC7A (Dectin-1) induces NFAT activation,Pathway,clec7a (dectin-1) induces nfat activation,,NCBI|REACTOME,
Pathway:R-HSA-167590,Nef Mediated CD4 Down-regulation,Pathway,nef mediated cd4 down-regulation,,NCBI|REACTOME,
Pathway:R-HSA-199992,trans-Golgi Network Vesicle Budding,Pathway,trans-golgi network vesicle budding,,NCBI|REACTOME,
Pathway:R-HSA-1296067,Potassium transport channels,Pathway,potassium transport channels,,NCBI|REACTOME,
Pathway:R-HSA-1296053,Classical Kir channels,Pathway,classical kir channels,,NCBI|REACTOME,
Pathway:R-HSA-5576886,Phase 4 - resting membrane potential,Pathway,phase 4 - resting membrane potential,,NCBI|REACTOME,
Pathway:R-HSA-1296052,Ca2+ activated K+ channels,Pathway,ca2+ activated k+ channels,,NCBI|REACTOME,
Pathway:R-HSA-9667769,Acetylcholine inhibits contraction of outer hair cells,Pathway,acetylcholine inhibits contraction of outer hair cells,,NCBI|REACTOME,
Pathway:R-HSA-5625970,RHO GTPases activate KTN1,Pathway,rho gtpases activate ktn1,,NCBI|REACTOME,
Pathway:R-HSA-9669914,Dasatinib-resistant KIT mutants,Pathway,dasatinib-resistant kit mutants,,NCBI|REACTOME,
Pathway:R-HSA-9669917,Imatinib-resistant KIT mutants,Pathway,imatinib-resistant kit mutants,,NCBI|REACTOME,
Pathway:R-HSA-9669921,KIT mutants bind TKIs,Pathway,kit mutants bind tkis,,NCBI|REACTOME,
Pathway:R-HSA-9669924,Masitinib-resistant KIT mutants,Pathway,masitinib-resistant kit mutants,,NCBI|REACTOME,
Pathway:R-HSA-9669926,Nilotinib-resistant KIT mutants,Pathway,nilotinib-resistant kit mutants,,NCBI|REACTOME,
Pathway:R-HSA-9669929,Regorafenib-resistant KIT mutants,Pathway,regorafenib-resistant kit mutants,,NCBI|REACTOME,
Pathway:R-HSA-9669933,Signaling by kinase domain mutants of KIT,Pathway,signaling by kinase domain mutants of kit,,NCBI|REACTOME,
Pathway:R-HSA-9669934,Sunitinib-resistant KIT mutants,Pathway,sunitinib-resistant kit mutants,,NCBI|REACTOME,
Pathway:R-HSA-9669935,Signaling by juxtamembrane domain KIT mutants,Pathway,signaling by juxtamembrane domain kit mutants,,NCBI|REACTOME,
Pathway:R-HSA-9669936,Sorafenib-resistant KIT mutants,Pathway,sorafenib-resistant kit mutants,,NCBI|REACTOME,
Pathway:R-HSA-9680187,Signaling by extracellular domain mutants of KIT,Pathway,signaling by extracellular domain mutants of kit,,NCBI|REACTOME,
Pathway:R-HSA-70635,Urea cycle,Pathway,urea cycle,,NCBI|REACTOME,
Pathway:R-HSA-168271,Transport of Ribonucleoproteins into the Host Nucleus,Pathway,transport of ribonucleoproteins into the host nucleus,,NCBI|REACTOME,
Pathway:R-HSA-168276,NS1 Mediated Effects on Host Pathways,Pathway,ns1 mediated effects on host pathways,,NCBI|REACTOME,
Pathway:R-HSA-9636249,Inhibition of nitric oxide production,Pathway,inhibition of nitric oxide production,,NCBI|REACTOME,
Pathway:R-HSA-6799990,Metal sequestration by antimicrobial proteins,Pathway,metal sequestration by antimicrobial proteins,,NCBI|REACTOME,
Pathway:R-HSA-8949215,Mitochondrial calcium ion transport,Pathway,mitochondrial calcium ion transport,,NCBI|REACTOME,
Pathway:R-HSA-193634,Axonal growth inhibition (RHOA activation),Pathway,axonal growth inhibition (rhoa activation),,NCBI|REACTOME,
Pathway:R-HSA-209563,Axonal growth stimulation,Pathway,axonal growth stimulation,,NCBI|REACTOME,
Pathway:R-HSA-375281,Hormone ligand-binding receptors,Pathway,hormone ligand-binding receptors,,NCBI|REACTOME,
Pathway:R-HSA-110381,Resolution of AP sites via the single-nucleotide replacement pathway,Pathway,resolution of ap sites via the single-nucleotide replacement pathway,,NCBI|REACTOME,
Pathway:R-HSA-5649702,APEX1-Independent Resolution of AP Sites via the Single Nucleotide Replacement Pathway,Pathway,apex1-independent resolution of ap sites via the single nucleotide replacement pathway,,NCBI|REACTOME,
Pathway:R-HSA-2046105,Linoleic acid (LA) metabolism,Pathway,linoleic acid (la) metabolism,,NCBI|REACTOME,
Pathway:R-HSA-2046106,alpha-linolenic acid (ALA) metabolism,Pathway,alpha-linolenic acid (ala) metabolism,,NCBI|REACTOME,
Pathway:R-HSA-2980766,Nuclear Envelope Breakdown,Pathway,nuclear envelope breakdown,,NCBI|REACTOME,
Pathway:R-HSA-2995383,Initiation of Nuclear Envelope (NE) Reformation,Pathway,initiation of nuclear envelope (ne) reformation,,NCBI|REACTOME,
Pathway:R-HSA-352238,Breakdown of the nuclear lamina,Pathway,breakdown of the nuclear lamina,,NCBI|REACTOME,
Pathway:R-HSA-1222449,Mtb iron assimilation by chelation,Pathway,mtb iron assimilation by chelation,,NCBI|REACTOME,
Pathway:R-HSA-141405,Inhibition of the proteolytic activity of APC/C required for the onset of anaphase by mitotic spindle checkpoint components,Pathway,inhibition of the proteolytic activity of apc/c required for the onset of anaphase by mitotic spindle checkpoint components,,NCBI|REACTOME,
Pathway:R-HSA-1502540,Signaling by Activin,Pathway,signaling by activin,,NCBI|REACTOME,
Pathway:R-HSA-2173789,TGF-beta receptor signaling activates SMADs,Pathway,tgf-beta receptor signaling activates smads,,NCBI|REACTOME,
Pathway:R-HSA-3304356,SMAD2/3 Phosphorylation Motif Mutants in Cancer,Pathway,smad2/3 phosphorylation motif mutants in cancer,,NCBI|REACTOME,
Pathway:R-HSA-3311021,SMAD4 MH2 Domain Mutants in Cancer,Pathway,smad4 mh2 domain mutants in cancer,,NCBI|REACTOME,
Pathway:R-HSA-3315487,SMAD2/3 MH2 Domain Mutants in Cancer,Pathway,smad2/3 mh2 domain mutants in cancer,,NCBI|REACTOME,
Pathway:R-HSA-3656532,TGFBR1 KD Mutants in Cancer,Pathway,tgfbr1 kd mutants in cancer,,NCBI|REACTOME,
Pathway:R-HSA-9008059,Interleukin-37 signaling,Pathway,interleukin-37 signaling,,NCBI|REACTOME,
Pathway:R-HSA-8941326,RUNX2 regulates bone development,Pathway,runx2 regulates bone development,,NCBI|REACTOME,
Pathway:R-HSA-8853383,Lysosomal oligosaccharide catabolism,Pathway,lysosomal oligosaccharide catabolism,,NCBI|REACTOME,
Pathway:R-HSA-141333,Biogenic amines are oxidatively deaminated to aldehydes by MAOA and MAOB,Pathway,biogenic amines are oxidatively deaminated to aldehydes by maoa and maob,,NCBI|REACTOME,
Pathway:R-HSA-5579012,Defective MAOA causes BRUNS,Pathway,defective maoa causes bruns,,NCBI|REACTOME,
Pathway:R-HSA-5579024,Defective MAT1A causes MATD,Pathway,defective mat1a causes matd,,NCBI|REACTOME,
Pathway:R-HSA-5579031,Defective ACTH causes obesity and POMCD,Pathway,defective acth causes obesity and pomcd,,NCBI|REACTOME,
Pathway:R-HSA-176974,Unwinding of DNA,Pathway,unwinding of dna,,NCBI|REACTOME,
Pathway:R-HSA-68867,Assembly of the pre-replicative complex,Pathway,assembly of the pre-replicative complex,,NCBI|REACTOME,
Pathway:R-HSA-68949,Orc1 removal from chromatin,Pathway,orc1 removal from chromatin,,NCBI|REACTOME,
Pathway:R-HSA-68962,Activation of the pre-replicative complex,Pathway,activation of the pre-replicative complex,,NCBI|REACTOME,
Pathway:R-HSA-69052,Switching of origins to a post-replicative state,Pathway,switching of origins to a post-replicative state,,NCBI|REACTOME,
Pathway:R-HSA-3232142,SUMOylation of ubiquitinylation proteins,Pathway,sumoylation of ubiquitinylation proteins,,NCBI|REACTOME,
Pathway:R-HSA-9022534,Loss of MECP2 binding ability to 5hmC-DNA,Pathway,loss of mecp2 binding ability to 5hmc-dna,,NCBI|REACTOME,
Pathway:R-HSA-9022535,Loss of phosphorylation of MECP2 at T308,Pathway,loss of phosphorylation of mecp2 at t308,,NCBI|REACTOME,
Pathway:R-HSA-9022537,Loss of MECP2 binding ability to the NCoR/SMRT complex,Pathway,loss of mecp2 binding ability to the ncor/smrt complex,,NCBI|REACTOME,
Pathway:R-HSA-1660662,Glycosphingolipid metabolism,Pathway,glycosphingolipid metabolism,,NCBI|REACTOME,
Pathway:R-HSA-5545483,Defective Mismatch Repair Associated With MLH1,Pathway,defective mismatch repair associated with mlh1,,NCBI|REACTOME,
Pathway:R-HSA-5632987,Defective Mismatch Repair Associated With PMS2,Pathway,defective mismatch repair associated with pms2,,NCBI|REACTOME,
Pathway:R-HSA-112311,Neurotransmitter clearance,Pathway,neurotransmitter clearance,,NCBI|REACTOME,
Pathway:R-HSA-8941413,Events associated with phagocytolytic activity of PMN cells,Pathway,events associated with phagocytolytic activity of pmn cells,,NCBI|REACTOME,
Pathway:R-HSA-5632927,Defective Mismatch Repair Associated With MSH3,Pathway,defective mismatch repair associated with msh3,,NCBI|REACTOME,
Pathway:R-HSA-5676934,Protein repair,Pathway,protein repair,,NCBI|REACTOME,
Pathway:R-HSA-5661231,Metallothioneins bind metals,Pathway,metallothioneins bind metals,,NCBI|REACTOME,
Pathway:R-HSA-1237112,Methionine salvage pathway,Pathway,methionine salvage pathway,,NCBI|REACTOME,
Pathway:R-HSA-6799198,Complex I biogenesis,Pathway,complex i biogenesis,,NCBI|REACTOME,
Pathway:R-HSA-3359467,Defective MTRR causes methylmalonic aciduria and homocystinuria type cblE,Pathway,defective mtrr causes methylmalonic aciduria and homocystinuria type cble,,NCBI|REACTOME,
Pathway:R-HSA-3359469,Defective MTR causes methylmalonic aciduria and homocystinuria type cblG,Pathway,defective mtr causes methylmalonic aciduria and homocystinuria type cblg,,NCBI|REACTOME,
Pathway:R-HSA-5083632,Defective C1GALT1C1 causes Tn polyagglutination syndrome (TNPS),Pathway,defective c1galt1c1 causes tn polyagglutination syndrome (tnps),,NCBI|REACTOME,
Pathway:R-HSA-5083636,Defective GALNT12 causes colorectal cancer 1 (CRCS1),Pathway,defective galnt12 causes colorectal cancer 1 (crcs1),,NCBI|REACTOME,
Pathway:R-HSA-977068,Termination of O-glycan biosynthesis,Pathway,termination of o-glycan biosynthesis,,NCBI|REACTOME,
Pathway:R-HSA-9608287,Defective MUTYH substrate binding,Pathway,defective mutyh substrate binding,,NCBI|REACTOME,
Pathway:R-HSA-9608290,Defective MUTYH substrate processing,Pathway,defective mutyh substrate processing,,NCBI|REACTOME,
Pathway:R-HSA-8869496,TFAP2A acts as a transcriptional repressor during retinoic acid induced cell differentiation,Pathway,tfap2a acts as a transcriptional repressor during retinoic acid induced cell differentiation,,NCBI|REACTOME,
Pathway:R-HSA-8985586,SLIT2:ROBO1 increases RHOA activity,Pathway,slit2:robo1 increases rhoa activity,,NCBI|REACTOME,
Pathway:R-HSA-2206282,MPS IIIB - Sanfilippo syndrome B,Pathway,mps iiib - sanfilippo syndrome b,,NCBI|REACTOME,
Pathway:R-HSA-349425,Autodegradation of the E3 ubiquitin ligase COP1,Pathway,autodegradation of the e3 ubiquitin ligase cop1,,NCBI|REACTOME,
Pathway:R-HSA-6803207,TP53 Regulates Transcription of Caspase Activators and Caspases,Pathway,tp53 regulates transcription of caspase activators and caspases,,NCBI|REACTOME,
Pathway:R-HSA-9664873,Pexophagy,Pathway,pexophagy,,NCBI|REACTOME,
Pathway:R-HSA-6803544,Ion influx/efflux at host-pathogen interface,Pathway,ion influx/efflux at host-pathogen interface,,NCBI|REACTOME,
Pathway:R-HSA-2025928,Calcineurin activates NFAT,Pathway,calcineurin activates nfat,,NCBI|REACTOME,
Pathway:R-HSA-8932339,ROS sensing by NFE2L2,Pathway,ros sensing by nfe2l2,,NCBI|REACTOME,
Pathway:R-HSA-73980,RNA Polymerase III Transcription Termination,Pathway,rna polymerase iii transcription termination,,NCBI|REACTOME,
Pathway:R-HSA-193692,Regulated proteolysis of p75NTR,Pathway,regulated proteolysis of p75ntr,,NCBI|REACTOME,
Pathway:R-HSA-3134963,DEx/H-box helicases activate type I IFN and inflammatory cytokines production,Pathway,dex/h-box helicases activate type i ifn and inflammatory cytokines production,,NCBI|REACTOME,
Pathway:R-HSA-4755510,SUMOylation of immune response proteins,Pathway,sumoylation of immune response proteins,,NCBI|REACTOME,
Pathway:R-HSA-193681,Ceramide signalling,Pathway,ceramide signalling,,NCBI|REACTOME,
Pathway:R-HSA-205017,NFG and proNGF binds to p75NTR,Pathway,nfg and prongf binds to p75ntr,,NCBI|REACTOME,
Pathway:R-HSA-205025,NADE modulates death signalling,Pathway,nade modulates death signalling,,NCBI|REACTOME,
Pathway:R-HSA-205043,NRIF signals cell death from the nucleus,Pathway,nrif signals cell death from the nucleus,,NCBI|REACTOME,
Pathway:R-HSA-499943,Interconversion of nucleotide di- and triphosphates,Pathway,interconversion of nucleotide di- and triphosphates,,NCBI|REACTOME,
Pathway:R-HSA-1433617,Regulation of signaling by NODAL,Pathway,regulation of signaling by nodal,,NCBI|REACTOME,
Pathway:R-HSA-1222556,ROS and RNS production in phagocytes,Pathway,ros and rns production in phagocytes,,NCBI|REACTOME,
Pathway:R-HSA-203641,NOSTRIN mediated eNOS trafficking,Pathway,nostrin mediated enos trafficking,,NCBI|REACTOME,
Pathway:R-HSA-203754,NOSIP mediated eNOS trafficking,Pathway,nosip mediated enos trafficking,,NCBI|REACTOME,
Pathway:R-HSA-1912399,Pre-NOTCH Processing in the Endoplasmic Reticulum,Pathway,pre-notch processing in the endoplasmic reticulum,,NCBI|REACTOME,
Pathway:R-HSA-1912420,Pre-NOTCH Processing in Golgi,Pathway,pre-notch processing in golgi,,NCBI|REACTOME,
Pathway:R-HSA-2644607,Loss of Function of FBXW7 in Cancer and NOTCH1 Signaling,Pathway,loss of function of fbxw7 in cancer and notch1 signaling,,NCBI|REACTOME,
Pathway:R-HSA-5083630,Defective LFNG causes SCDO3,Pathway,defective lfng causes scdo3,,NCBI|REACTOME,
Pathway:R-HSA-9017802,Noncanonical activation of NOTCH3,Pathway,noncanonical activation of notch3,,NCBI|REACTOME,
Pathway:R-HSA-180746,Nuclear import of Rev protein,Pathway,nuclear import of rev protein,,NCBI|REACTOME,
Pathway:R-HSA-418359,Reduction of cytosolic Ca++ levels,Pathway,reduction of cytosolic ca++ levels,,NCBI|REACTOME,
Pathway:R-HSA-5619048,"Defective SLC11A2 causes hypochromic microcytic anemia, with iron overload 1 (AHMIO1)",Pathway,"defective slc11a2 causes hypochromic microcytic anemia, with iron overload 1 (ahmio1)",,NCBI|REACTOME,
Pathway:R-HSA-9025046,NTF3 activates NTRK2 (TRKB) signaling,Pathway,ntf3 activates ntrk2 (trkb) signaling,,NCBI|REACTOME,
Pathway:R-HSA-9034013,NTF3 activates NTRK3 signaling,Pathway,ntf3 activates ntrk3 signaling,,NCBI|REACTOME,
Pathway:R-HSA-9034015,Signaling by NTRK3 (TRKC),Pathway,signaling by ntrk3 (trkc),,NCBI|REACTOME,
Pathway:R-HSA-9034793,Activated NTRK3 signals through PLCG1,Pathway,activated ntrk3 signals through plcg1,,NCBI|REACTOME,
Pathway:R-HSA-9630221,Defective NTHL1 substrate processing,Pathway,defective nthl1 substrate processing,,NCBI|REACTOME,
Pathway:R-HSA-9630222,Defective NTHL1 substrate binding,Pathway,defective nthl1 substrate binding,,NCBI|REACTOME,
Pathway:R-HSA-167021,PLC-gamma1 signalling,Pathway,plc-gamma1 signalling,,NCBI|REACTOME,
Pathway:R-HSA-170968,Frs2-mediated activation,Pathway,frs2-mediated activation,,NCBI|REACTOME,
Pathway:R-HSA-170984,ARMS-mediated activation,Pathway,arms-mediated activation,,NCBI|REACTOME,
Pathway:R-HSA-187042,TRKA activation by NGF,Pathway,trka activation by ngf,,NCBI|REACTOME,
Pathway:R-HSA-187706,Signalling to p38 via RIT and RIN,Pathway,signalling to p38 via rit and rin,,NCBI|REACTOME,
Pathway:R-HSA-198745,Signalling to STAT3,Pathway,signalling to stat3,,NCBI|REACTOME,
Pathway:R-HSA-9024909,BDNF activates NTRK2 (TRKB) signaling,Pathway,bdnf activates ntrk2 (trkb) signaling,,NCBI|REACTOME,
Pathway:R-HSA-9026357,NTF4 activates NTRK2 (TRKB) signaling,Pathway,ntf4 activates ntrk2 (trkb) signaling,,NCBI|REACTOME,
Pathway:R-HSA-9026527,Activated NTRK2 signals through PLCG1,Pathway,activated ntrk2 signals through plcg1,,NCBI|REACTOME,
Pathway:R-HSA-9603505,NTRK3 as a dependence receptor,Pathway,ntrk3 as a dependence receptor,,NCBI|REACTOME,
Pathway:R-HSA-159227,Transport of the SLBP independent Mature mRNA,Pathway,transport of the slbp independent mature mrna,,NCBI|REACTOME,
Pathway:R-HSA-159230,Transport of the SLBP Dependant Mature mRNA,Pathway,transport of the slbp dependant mature mrna,,NCBI|REACTOME,
Pathway:R-HSA-159231,Transport of Mature mRNA Derived from an Intronless Transcript,Pathway,transport of mature mrna derived from an intronless transcript,,NCBI|REACTOME,
Pathway:R-HSA-159236,Transport of Mature mRNA derived from an Intron-Containing Transcript,Pathway,transport of mature mrna derived from an intron-containing transcript,,NCBI|REACTOME,
Pathway:R-HSA-165054,Rev-mediated nuclear export of HIV RNA,Pathway,rev-mediated nuclear export of hiv rna,,NCBI|REACTOME,
Pathway:R-HSA-168325,Viral Messenger RNA Synthesis,Pathway,viral messenger rna synthesis,,NCBI|REACTOME,
Pathway:R-HSA-168333,NEP/NS2 Interacts with the Cellular Export Machinery,Pathway,nep/ns2 interacts with the cellular export machinery,,NCBI|REACTOME,
Pathway:R-HSA-170822,Regulation of Glucokinase by Glucokinase Regulatory Protein,Pathway,regulation of glucokinase by glucokinase regulatory protein,,NCBI|REACTOME,
Pathway:R-HSA-191859,snRNP Assembly,Pathway,snrnp assembly,,NCBI|REACTOME,
Pathway:R-HSA-3301854,Nuclear Pore Complex (NPC) Disassembly,Pathway,nuclear pore complex (npc) disassembly,,NCBI|REACTOME,
Pathway:R-HSA-4085377,SUMOylation of SUMOylation proteins,Pathway,sumoylation of sumoylation proteins,,NCBI|REACTOME,
Pathway:R-HSA-5619107,Defective TPR may confer susceptibility towards thyroid papillary carcinoma (TPC),Pathway,defective tpr may confer susceptibility towards thyroid papillary carcinoma (tpc),,NCBI|REACTOME,
Pathway:R-HSA-9615933,Postmitotic nuclear pore complex (NPC) reformation,Pathway,postmitotic nuclear pore complex (npc) reformation,,NCBI|REACTOME,
Pathway:R-HSA-5662702,Melanin biosynthesis,Pathway,melanin biosynthesis,,NCBI|REACTOME,
Pathway:R-HSA-351202,Metabolism of polyamines,Pathway,metabolism of polyamines,,NCBI|REACTOME,
Pathway:R-HSA-9656255,Defective OGG1 Substrate Binding,Pathway,defective ogg1 substrate binding,,NCBI|REACTOME,
Pathway:R-HSA-9656256,Defective OGG1 Substrate Processing,Pathway,defective ogg1 substrate processing,,NCBI|REACTOME,
Pathway:R-HSA-9657050,Defective OGG1 Localization,Pathway,defective ogg1 localization,,NCBI|REACTOME,
Pathway:R-HSA-111885,Opioid Signalling,Pathway,opioid signalling,,NCBI|REACTOME,
Pathway:R-HSA-113507,E2F-enabled inhibition of pre-replication complex formation,Pathway,e2f-enabled inhibition of pre-replication complex formation,,NCBI|REACTOME,
Pathway:R-HSA-68616,Assembly of the ORC complex at the origin of replication,Pathway,assembly of the orc complex at the origin of replication,,NCBI|REACTOME,
Pathway:R-HSA-68827,CDT1 association with the CDC6:ORC:origin complex,Pathway,cdt1 association with the cdc6:orc:origin complex,,NCBI|REACTOME,
Pathway:R-HSA-549127,Organic cation transport,Pathway,organic cation transport,,NCBI|REACTOME,
Pathway:R-HSA-5619066,Defective SLC22A18 causes lung cancer (LNCR) and embryonal rhabdomyosarcoma 1 (RMSE1),Pathway,defective slc22a18 causes lung cancer (lncr) and embryonal rhabdomyosarcoma 1 (rmse1),,NCBI|REACTOME,
Pathway:R-HSA-2534343,Interaction With Cumulus Cells And The Zona Pellucida,Pathway,interaction with cumulus cells and the zona pellucida,,NCBI|REACTOME,
Pathway:R-HSA-388479,Vasopressin-like receptors,Pathway,vasopressin-like receptors,,NCBI|REACTOME,
Pathway:R-HSA-418346,Platelet homeostasis,Pathway,platelet homeostasis,,NCBI|REACTOME,
Pathway:R-HSA-5358346,Hedgehog ligand biogenesis,Pathway,hedgehog ligand biogenesis,,NCBI|REACTOME,
Pathway:R-HSA-2160456,Phenylketonuria,Pathway,phenylketonuria,,NCBI|REACTOME,
Pathway:R-HSA-8964208,Phenylalanine metabolism,Pathway,phenylalanine metabolism,,NCBI|REACTOME,
Pathway:R-HSA-428540,Activation of RAC1,Pathway,activation of rac1,,NCBI|REACTOME,
Pathway:R-HSA-9013420,RHOU GTPase cycle,Pathway,rhou gtpase cycle,,NCBI|REACTOME,
Pathway:R-HSA-9013424,RHOV GTPase cycle,Pathway,rhov gtpase cycle,,NCBI|REACTOME,
Pathway:R-HSA-211728,Regulation of PAK-2p34 activity by PS-GAP/RHG10,Pathway,regulation of pak-2p34 activity by ps-gap/rhg10,,NCBI|REACTOME,
Pathway:R-HSA-211733,Regulation of activated PAK-2p34 by proteasome mediated degradation,Pathway,regulation of activated pak-2p34 by proteasome mediated degradation,,NCBI|REACTOME,
Pathway:R-HSA-211736,Stimulation of the cell death response by PAK-2p34,Pathway,stimulation of the cell death response by pak-2p34,,NCBI|REACTOME,
Pathway:R-HSA-5689877,Josephin domain DUBs,Pathway,josephin domain dubs,,NCBI|REACTOME,
Pathway:R-HSA-9033500,TYSND1 cleaves peroxisomal proteins,Pathway,tysnd1 cleaves peroxisomal proteins,,NCBI|REACTOME,
Pathway:R-HSA-446210,Synthesis of UDP-N-acetyl-glucosamine,Pathway,synthesis of udp-n-acetyl-glucosamine,,NCBI|REACTOME,
Pathway:R-HSA-2161541,Abacavir metabolism,Pathway,abacavir metabolism,,NCBI|REACTOME,
Pathway:R-HSA-9632974,NR1H2 & NR1H3 regulate gene expression linked to gluconeogenesis,Pathway,nr1h2 & nr1h3 regulate gene expression linked to gluconeogenesis,,NCBI|REACTOME,
Pathway:R-HSA-73780,RNA Polymerase III Chain Elongation,Pathway,rna polymerase iii chain elongation,,NCBI|REACTOME,
Pathway:R-HSA-76071,RNA Polymerase III Transcription Initiation From Type 3 Promoter,Pathway,rna polymerase iii transcription initiation from type 3 promoter,,NCBI|REACTOME,
Pathway:R-HSA-163358,PKA-mediated phosphorylation of key metabolic factors,Pathway,pka-mediated phosphorylation of key metabolic factors,,NCBI|REACTOME,
Pathway:R-HSA-163680,AMPK inhibits chREBP transcriptional activation activity,Pathway,ampk inhibits chrebp transcriptional activation activity,,NCBI|REACTOME,
Pathway:R-HSA-163767,PP2A-mediated dephosphorylation of key metabolic factors,Pathway,pp2a-mediated dephosphorylation of key metabolic factors,,NCBI|REACTOME,
Pathway:R-HSA-110312,Translesion synthesis by REV1,Pathway,translesion synthesis by rev1,,NCBI|REACTOME,
Pathway:R-HSA-5655862,Translesion synthesis by POLK,Pathway,translesion synthesis by polk,,NCBI|REACTOME,
Pathway:R-HSA-5656121,Translesion synthesis by POLI,Pathway,translesion synthesis by poli,,NCBI|REACTOME,
Pathway:R-HSA-5603037,IRAK4 deficiency (TLR5),Pathway,irak4 deficiency (tlr5),,NCBI|REACTOME,
Pathway:R-HSA-71064,Lysine catabolism,Pathway,lysine catabolism,,NCBI|REACTOME,
Pathway:R-HSA-1237044,Erythrocytes take up carbon dioxide and release oxygen,Pathway,erythrocytes take up carbon dioxide and release oxygen,,NCBI|REACTOME,
Pathway:R-HSA-5662853,Essential pentosuria,Pathway,essential pentosuria,,NCBI|REACTOME,
Pathway:R-HSA-167238,Pausing and recovery of Tat-mediated HIV elongation,Pathway,pausing and recovery of tat-mediated hiv elongation,,NCBI|REACTOME,
Pathway:R-HSA-167243,Tat-mediated HIV elongation arrest and recovery,Pathway,tat-mediated hiv elongation arrest and recovery,,NCBI|REACTOME,
Pathway:R-HSA-167287,HIV elongation arrest and recovery,Pathway,hiv elongation arrest and recovery,,NCBI|REACTOME,
Pathway:R-HSA-167290,Pausing and recovery of HIV elongation,Pathway,pausing and recovery of hiv elongation,,NCBI|REACTOME,
Pathway:R-HSA-3238698,WNT ligand biogenesis and trafficking,Pathway,wnt ligand biogenesis and trafficking,,NCBI|REACTOME,
Pathway:R-HSA-69481,G2/M Checkpoints,Pathway,g2/m checkpoints,,NCBI|REACTOME,
Pathway:R-HSA-204174,Regulation of pyruvate dehydrogenase (PDH) complex,Pathway,regulation of pyruvate dehydrogenase (pdh) complex,,NCBI|REACTOME,
Pathway:R-HSA-3247509,Chromatin modifying enzymes,Pathway,chromatin modifying enzymes,,NCBI|REACTOME,
Pathway:R-HSA-5619046,Defective SLC26A4 causes Pendred syndrome (PDS),Pathway,defective slc26a4 causes pendred syndrome (pds),,NCBI|REACTOME,
Pathway:R-HSA-8866904,Negative regulation of activity of TFAP2 (AP-2) family transcription factors,Pathway,negative regulation of activity of tfap2 (ap-2) family transcription factors,,NCBI|REACTOME,
Pathway:R-HSA-171319,Telomere Extension By Telomerase,Pathway,telomere extension by telomerase,,NCBI|REACTOME,
Pathway:R-HSA-173736,Alternative complement activation,Pathway,alternative complement activation,,NCBI|REACTOME,
Pathway:R-HSA-174577,Activation of C3 and C5,Pathway,activation of c3 and c5,,NCBI|REACTOME,
Pathway:R-HSA-9634600,"Regulation of glycolysis by fructose 2,6-bisphosphate metabolism",Pathway,"regulation of glycolysis by fructose 2,6-bisphosphate metabolism",,NCBI|REACTOME,
Pathway:R-HSA-71336,Pentose phosphate pathway,Pathway,pentose phosphate pathway,,NCBI|REACTOME,
Pathway:R-HSA-5609974,Defective PGM1 causes PGM1-CDG (CDG1t),Pathway,defective pgm1 causes pgm1-cdg (cdg1t),,NCBI|REACTOME,
Pathway:R-HSA-2161517,Abacavir transmembrane transport,Pathway,abacavir transmembrane transport,,NCBI|REACTOME,
Pathway:R-HSA-5678771,"Defective ABCB4 causes PFIC3, ICP3 and GBD1",Pathway,"defective abcb4 causes pfic3, icp3 and gbd1",,NCBI|REACTOME,
Pathway:R-HSA-8949664,Processing of SMDT1,Pathway,processing of smdt1,,NCBI|REACTOME,
Pathway:R-HSA-70221,Glycogen breakdown (glycogenolysis),Pathway,glycogen breakdown (glycogenolysis),,NCBI|REACTOME,
Pathway:R-HSA-917977,Transferrin endocytosis and recycling,Pathway,transferrin endocytosis and recycling,,NCBI|REACTOME,
Pathway:R-HSA-983712,Ion channel transport,Pathway,ion channel transport,,NCBI|REACTOME,
Pathway:R-HSA-1483248,Synthesis of PIPs at the ER membrane,Pathway,synthesis of pips at the er membrane,,NCBI|REACTOME,
Pathway:R-HSA-8847453,Synthesis of PIPs in the nucleus,Pathway,synthesis of pips in the nucleus,,NCBI|REACTOME,
Pathway:R-HSA-1482922,Acyl chain remodelling of PI,Pathway,acyl chain remodelling of pi,,NCBI|REACTOME,
Pathway:R-HSA-111995,phospho-PLA2 pathway,Pathway,phospho-pla2 pathway,,NCBI|REACTOME,
Pathway:R-HSA-162791,Attachment of GPI anchor to uPAR,Pathway,attachment of gpi anchor to upar,,NCBI|REACTOME,
Pathway:R-HSA-1483148,Synthesis of PG,Pathway,synthesis of pg,,NCBI|REACTOME,
Pathway:R-HSA-162658,Golgi Cisternae Pericentriolar Stack Reorganization,Pathway,golgi cisternae pericentriolar stack reorganization,,NCBI|REACTOME,
Pathway:R-HSA-176417,Phosphorylation of Emi1,Pathway,phosphorylation of emi1,,NCBI|REACTOME,
Pathway:R-HSA-2980767,"Activation of NIMA Kinases NEK9, NEK6, NEK7",Pathway,"activation of nima kinases nek9, nek6, nek7",,NCBI|REACTOME,
Pathway:R-HSA-68881,Mitotic Metaphase/Anaphase Transition,Pathway,mitotic metaphase/anaphase transition,,NCBI|REACTOME,
Pathway:R-HSA-8934593,Regulation of RUNX1 Expression and Activity,Pathway,regulation of runx1 expression and activity,,NCBI|REACTOME,
Pathway:R-HSA-4043911,Defective PMM2 causes PMM2-CDG (CDG-1a),Pathway,defective pmm2 causes pmm2-cdg (cdg-1a),,NCBI|REACTOME,
Pathway:R-HSA-446205,Synthesis of GDP-mannose,Pathway,synthesis of gdp-mannose,,NCBI|REACTOME,
Pathway:R-HSA-192456,Digestion of dietary lipid,Pathway,digestion of dietary lipid,,NCBI|REACTOME,
Pathway:R-HSA-68952,DNA replication initiation,Pathway,dna replication initiation,,NCBI|REACTOME,
Pathway:R-HSA-167242,Abortive elongation of HIV-1 transcript in the absence of Tat,Pathway,abortive elongation of hiv-1 transcript in the absence of tat,,NCBI|REACTOME,
Pathway:R-HSA-352230,Amino acid transport across the plasma membrane,Pathway,amino acid transport across the plasma membrane,,NCBI|REACTOME,
Pathway:R-HSA-141334,PAOs oxidise polyamines to amines,Pathway,paos oxidise polyamines to amines,,NCBI|REACTOME,
Pathway:R-HSA-351200,Interconversion of polyamines,Pathway,interconversion of polyamines,,NCBI|REACTOME,
Pathway:R-HSA-379716,Cytosolic tRNA aminoacylation,Pathway,cytosolic trna aminoacylation,,NCBI|REACTOME,
Pathway:R-HSA-71737,Pyrophosphate hydrolysis,Pathway,pyrophosphate hydrolysis,,NCBI|REACTOME,
Pathway:R-HSA-9623433,NR1H2 & NR1H3 regulate gene expression to control bile acid homeostasis,Pathway,nr1h2 & nr1h3 regulate gene expression to control bile acid homeostasis,,NCBI|REACTOME,
Pathway:R-HSA-162585,Uncoating of the HIV Virion,Pathway,uncoating of the hiv virion,,NCBI|REACTOME,
Pathway:R-HSA-162588,Budding and maturation of HIV virion,Pathway,budding and maturation of hiv virion,,NCBI|REACTOME,
Pathway:R-HSA-164516,Minus-strand DNA synthesis,Pathway,minus-strand dna synthesis,,NCBI|REACTOME,
Pathway:R-HSA-164525,Plus-strand DNA synthesis,Pathway,plus-strand dna synthesis,,NCBI|REACTOME,
Pathway:R-HSA-175474,Assembly Of The HIV Virion,Pathway,assembly of the hiv virion,,NCBI|REACTOME,
Pathway:R-HSA-5221030,"TET1,2,3 and TDG demethylate DNA",Pathway,"tet1,2,3 and tdg demethylate dna",,NCBI|REACTOME,
Pathway:R-HSA-4641263,Regulation of FZD by ubiquitination,Pathway,regulation of fzd by ubiquitination,,NCBI|REACTOME,
Pathway:R-HSA-5340588,Signaling by RNF43 mutants,Pathway,signaling by rnf43 mutants,,NCBI|REACTOME,
Pathway:R-HSA-5619099,"Defective AVP does not bind AVPR1A,B and causes neurohypophyseal diabetes insipidus (NDI)",Pathway,"defective avp does not bind avpr1a,b and causes neurohypophyseal diabetes insipidus (ndi)",,NCBI|REACTOME,
Pathway:R-HSA-9036092,Defective AVP does not bind AVPR2 and causes neurohypophyseal diabetes insipidus (NDI),Pathway,defective avp does not bind avpr2 and causes neurohypophyseal diabetes insipidus (ndi),,NCBI|REACTOME,
Pathway:R-HSA-163685,Integration of energy metabolism,Pathway,integration of energy metabolism,,NCBI|REACTOME,
Pathway:R-HSA-2465910,MASTL Facilitates Mitotic Progression,Pathway,mastl facilitates mitotic progression,,NCBI|REACTOME,
Pathway:R-HSA-196783,Coenzyme A biosynthesis,Pathway,coenzyme a biosynthesis,,NCBI|REACTOME,
Pathway:R-HSA-9629232,Defective Base Excision Repair Associated with NEIL3,Pathway,defective base excision repair associated with neil3,,NCBI|REACTOME,
Pathway:R-HSA-9636003,NEIL3-mediated resolution of ICLs,Pathway,neil3-mediated resolution of icls,,NCBI|REACTOME,
Pathway:R-HSA-196843,Vitamin B2 (riboflavin) metabolism,Pathway,vitamin b2 (riboflavin) metabolism,,NCBI|REACTOME,
Pathway:R-HSA-9613354,Lipophagy,Pathway,lipophagy,,NCBI|REACTOME,
Pathway:R-HSA-392517,Rap1 signalling,Pathway,rap1 signalling,,NCBI|REACTOME,
Pathway:R-HSA-9010642,ROBO receptors bind AKAP5,Pathway,robo receptors bind akap5,,NCBI|REACTOME,
Pathway:R-HSA-5658034,HHAT G278V doesn't palmitoylate Hh-Np,Pathway,hhat g278v doesn't palmitoylate hh-np,,NCBI|REACTOME,
Pathway:R-HSA-111933,Calmodulin induced events,Pathway,calmodulin induced events,,NCBI|REACTOME,
Pathway:R-HSA-114516,Disinhibition of SNARE formation,Pathway,disinhibition of snare formation,,NCBI|REACTOME,
Pathway:R-HSA-450520,HuR (ELAVL1) binds and stabilizes mRNA,Pathway,hur (elavl1) binds and stabilizes mrna,,NCBI|REACTOME,
Pathway:R-HSA-76005,Response to elevated platelet cytosolic Ca2+,Pathway,response to elevated platelet cytosolic ca2+,,NCBI|REACTOME,
Pathway:R-HSA-4085001,Sialic acid metabolism,Pathway,sialic acid metabolism,,NCBI|REACTOME,
Pathway:R-HSA-2173791,TGF-beta receptor signaling in EMT (epithelial to mesenchymal transition),Pathway,tgf-beta receptor signaling in emt (epithelial to mesenchymal transition),,NCBI|REACTOME,
Pathway:R-HSA-112409,RAF-independent MAPK1/3 activation,Pathway,raf-independent mapk1/3 activation,,NCBI|REACTOME,
Pathway:R-HSA-5674499,Negative feedback regulation of MAPK pathway,Pathway,negative feedback regulation of mapk pathway,,NCBI|REACTOME,
Pathway:R-HSA-9652169,Signaling by MAP2K mutants,Pathway,signaling by map2k mutants,,NCBI|REACTOME,
Pathway:R-HSA-9652817,Signaling by MAPK mutants,Pathway,signaling by mapk mutants,,NCBI|REACTOME,
Pathway:R-HSA-139910,Activation of BMF and translocation to mitochondria,Pathway,activation of bmf and translocation to mitochondria,,NCBI|REACTOME,
Pathway:R-HSA-9007892,Interleukin-38 signaling,Pathway,interleukin-38 signaling,,NCBI|REACTOME,
Pathway:R-HSA-169131,Inhibition of PKR,Pathway,inhibition of pkr,,NCBI|REACTOME,
Pathway:R-HSA-70688,Proline catabolism,Pathway,proline catabolism,,NCBI|REACTOME,
Pathway:R-HSA-73843,5-Phosphoribose 1-diphosphate biosynthesis,Pathway,5-phosphoribose 1-diphosphate biosynthesis,,NCBI|REACTOME,
Pathway:R-HSA-111457,Release of apoptotic factors from the mitochondria,Pathway,release of apoptotic factors from the mitochondria,,NCBI|REACTOME,
Pathway:R-HSA-112303,Electric Transmission Across Gap Junctions,Pathway,electric transmission across gap junctions,,NCBI|REACTOME,
Pathway:R-HSA-9637628,Modulation by Mtb of host immune system,Pathway,modulation by mtb of host immune system,,NCBI|REACTOME,
Pathway:R-HSA-1236978,Cross-presentation of soluble exogenous antigens (endosomes),Pathway,cross-presentation of soluble exogenous antigens (endosomes),,NCBI|REACTOME,
Pathway:R-HSA-174113,SCF-beta-TrCP mediated degradation of Emi1,Pathway,scf-beta-trcp mediated degradation of emi1,,NCBI|REACTOME,
Pathway:R-HSA-180534,Vpu mediated degradation of CD4,Pathway,vpu mediated degradation of cd4,,NCBI|REACTOME,
Pathway:R-HSA-180585,Vif-mediated degradation of APOBEC3G,Pathway,vif-mediated degradation of apobec3g,,NCBI|REACTOME,
Pathway:R-HSA-4641257,Degradation of AXIN,Pathway,degradation of axin,,NCBI|REACTOME,
Pathway:R-HSA-5362768,Hh mutants are degraded by ERAD,Pathway,hh mutants are degraded by erad,,NCBI|REACTOME,
Pathway:R-HSA-5607761,Dectin-1 mediated noncanonical NF-kB signaling,Pathway,dectin-1 mediated noncanonical nf-kb signaling,,NCBI|REACTOME,
Pathway:R-HSA-5676590,NIK-->noncanonical NF-kB signaling,Pathway,nik-->noncanonical nf-kb signaling,,NCBI|REACTOME,
Pathway:R-HSA-8854050,FBXL7 down-regulates AURKA during mitotic entry and in early mitosis,Pathway,fbxl7 down-regulates aurka during mitotic entry and in early mitosis,,NCBI|REACTOME,
Pathway:R-HSA-111458,Formation of apoptosome,Pathway,formation of apoptosome,,NCBI|REACTOME,
Pathway:R-HSA-1362409,Mitochondrial iron-sulfur cluster biogenesis,Pathway,mitochondrial iron-sulfur cluster biogenesis,,NCBI|REACTOME,
Pathway:R-HSA-5674404,PTEN Loss of Function in Cancer,Pathway,pten loss of function in cancer,,NCBI|REACTOME,
Pathway:R-HSA-8943723,Regulation of PTEN mRNA translation,Pathway,regulation of pten mrna translation,,NCBI|REACTOME,
Pathway:R-HSA-391908,Prostanoid ligand receptors,Pathway,prostanoid ligand receptors,,NCBI|REACTOME,
Pathway:R-HSA-211994,Sterols are 12-hydroxylated by CYP8B1,Pathway,sterols are 12-hydroxylated by cyp8b1,,NCBI|REACTOME,
Pathway:R-HSA-140180,COX reactions,Pathway,cox reactions,,NCBI|REACTOME,
Pathway:R-HSA-9018679,Biosynthesis of EPA-derived SPMs,Pathway,biosynthesis of epa-derived spms,,NCBI|REACTOME,
Pathway:R-HSA-9025094,Biosynthesis of DPAn-3 SPMs,Pathway,biosynthesis of dpan-3 spms,,NCBI|REACTOME,
Pathway:R-HSA-426117,Cation-coupled Chloride cotransporters,Pathway,cation-coupled chloride cotransporters,,NCBI|REACTOME,
Pathway:R-HSA-8849472,PTK6 Down-Regulation,Pathway,ptk6 down-regulation,,NCBI|REACTOME,
Pathway:R-HSA-5690714,CD22 mediated BCR regulation,Pathway,cd22 mediated bcr regulation,,NCBI|REACTOME,
Pathway:R-HSA-111452,Activation and oligomerization of BAK protein,Pathway,activation and oligomerization of bak protein,,NCBI|REACTOME,
Pathway:R-HSA-9706369,Negative regulation of FLT3,Pathway,negative regulation of flt3,,NCBI|REACTOME,
Pathway:R-HSA-9663199,Defective DNA double strand break response due to BRCA1 loss of function,Pathway,defective dna double strand break response due to brca1 loss of function,,NCBI|REACTOME,
Pathway:R-HSA-9699150,Defective DNA double strand break response due to BARD1 loss of function,Pathway,defective dna double strand break response due to bard1 loss of function,,NCBI|REACTOME,
Pathway:R-HSA-114294,"Activation, translocation and oligomerization of BAX",Pathway,"activation, translocation and oligomerization of bax",,NCBI|REACTOME,
Pathway:R-HSA-5683329,Defective ABCD4 causes MAHCJ,Pathway,defective abcd4 causes mahcj,,NCBI|REACTOME,
Pathway:R-HSA-446388,Regulation of cytoskeletal remodeling and cell spreading by IPP complex components,Pathway,regulation of cytoskeletal remodeling and cell spreading by ipp complex components,,NCBI|REACTOME,
Pathway:R-HSA-428543,Inactivation of CDC42 and RAC1,Pathway,inactivation of cdc42 and rac1,,NCBI|REACTOME,
Pathway:R-HSA-69200,Phosphorylation of proteins involved in G1/S transition by active Cyclin E:Cdk2 complexes,Pathway,phosphorylation of proteins involved in g1/s transition by active cyclin e:cdk2 complexes,,NCBI|REACTOME,
Pathway:R-HSA-9661070,Defective translocation of RB1 mutants to the nucleus,Pathway,defective translocation of rb1 mutants to the nucleus,,NCBI|REACTOME,
Pathway:R-HSA-2187335,The retinoid cycle in cones (daylight vision),Pathway,the retinoid cycle in cones (daylight vision),,NCBI|REACTOME,
Pathway:R-HSA-844455,The NLRP1 inflammasome,Pathway,the nlrp1 inflammasome,,NCBI|REACTOME,
Pathway:R-HSA-9037628,Rhesus blood group biosynthesis,Pathway,rhesus blood group biosynthesis,,NCBI|REACTOME,
Pathway:R-HSA-444821,Relaxin receptors,Pathway,relaxin receptors,,NCBI|REACTOME,
Pathway:R-HSA-8985801,Regulation of cortical dendrite branching,Pathway,regulation of cortical dendrite branching,,NCBI|REACTOME,
Pathway:R-HSA-9031525,NR1H2 & NR1H3 regulate gene expression to limit cholesterol uptake,Pathway,nr1h2 & nr1h3 regulate gene expression to limit cholesterol uptake,,NCBI|REACTOME,
Pathway:R-HSA-9031528,NR1H2 & NR1H3 regulate gene expression linked to triglyceride lipolysis in adipose,Pathway,nr1h2 & nr1h3 regulate gene expression linked to triglyceride lipolysis in adipose,,NCBI|REACTOME,
Pathway:R-HSA-77352,Beta oxidation of butanoyl-CoA to acetyl-CoA,Pathway,beta oxidation of butanoyl-coa to acetyl-coa,,NCBI|REACTOME,
Pathway:R-HSA-5679090,Defective ABCG8 causes GBD4 and sitosterolemia,Pathway,defective abcg8 causes gbd4 and sitosterolemia,,NCBI|REACTOME,
Pathway:R-HSA-5679096,Defective ABCG5 causes sitosterolemia,Pathway,defective abcg5 causes sitosterolemia,,NCBI|REACTOME,
Pathway:R-HSA-5688031,Defective pro-SFTPB causes SMDP1 and RDS,Pathway,defective pro-sftpb causes smdp1 and rds,,NCBI|REACTOME,
Pathway:R-HSA-5632681,Ligand-receptor interactions,Pathway,ligand-receptor interactions,,NCBI|REACTOME,
Pathway:R-HSA-5688354,Defective pro-SFTPC causes SMDP2 and RDS,Pathway,defective pro-sftpc causes smdp2 and rds,,NCBI|REACTOME,
Pathway:R-HSA-168179,Toll Like Receptor TLR1:TLR2 Cascade,Pathway,toll like receptor tlr1:tlr2 cascade,,NCBI|REACTOME,
Pathway:R-HSA-5362798,Release of Hh-Np from the secreting cell,Pathway,release of hh-np from the secreting cell,,NCBI|REACTOME,
Pathway:R-HSA-71262,Carnitine synthesis,Pathway,carnitine synthesis,,NCBI|REACTOME,
Pathway:R-HSA-9683673,Maturation of protein 3a,Pathway,maturation of protein 3a,,NCBI|REACTOME,
Pathway:R-HSA-9694719,Maturation of protein 3a,Pathway,maturation of protein 3a,,NCBI|REACTOME,
Pathway:R-HSA-9708530,Regulation of BACH1 activity,Pathway,regulation of bach1 activity,,NCBI|REACTOME,
Pathway:R-HSA-425393,Transport of inorganic cations/anions and amino acids/oligopeptides,Pathway,transport of inorganic cations/anions and amino acids/oligopeptides,,NCBI|REACTOME,
Pathway:R-HSA-5619067,Defective SLC1A1 is implicated in schizophrenia 18 (SCZD18) and dicarboxylic aminoaciduria (DCBXA),Pathway,defective slc1a1 is implicated in schizophrenia 18 (sczd18) and dicarboxylic aminoaciduria (dcbxa),,NCBI|REACTOME,
Pathway:R-HSA-5619062,Defective SLC1A3 causes episodic ataxia 6 (EA6),Pathway,defective slc1a3 causes episodic ataxia 6 (ea6),,NCBI|REACTOME,
Pathway:R-HSA-189200,Cellular hexose transport,Pathway,cellular hexose transport,,NCBI|REACTOME,
Pathway:R-HSA-196836,Vitamin C (ascorbate) metabolism,Pathway,vitamin c (ascorbate) metabolism,,NCBI|REACTOME,
Pathway:R-HSA-5619043,Defective SLC2A1 causes GLUT1 deficiency syndrome 1 (GLUT1DS1),Pathway,defective slc2a1 causes glut1 deficiency syndrome 1 (glut1ds1),,NCBI|REACTOME,
Pathway:R-HSA-5653890,Lactose synthesis,Pathway,lactose synthesis,,NCBI|REACTOME,
Pathway:R-HSA-5619098,Defective SLC2A2 causes Fanconi-Bickel syndrome (FBS),Pathway,defective slc2a2 causes fanconi-bickel syndrome (fbs),,NCBI|REACTOME,
Pathway:R-HSA-8981373,Intestinal hexose absorption,Pathway,intestinal hexose absorption,,NCBI|REACTOME,
Pathway:R-HSA-5660862,Defective SLC7A7 causes lysinuric protein intolerance (LPI),Pathway,defective slc7a7 causes lysinuric protein intolerance (lpi),,NCBI|REACTOME,
Pathway:R-HSA-209968,Thyroxine biosynthesis,Pathway,thyroxine biosynthesis,,NCBI|REACTOME,
Pathway:R-HSA-5619096,Defective SLC5A5 causes thyroid dyshormonogenesis 1 (TDH1),Pathway,defective slc5a5 causes thyroid dyshormonogenesis 1 (tdh1),,NCBI|REACTOME,
Pathway:R-HSA-442660,Na+/Cl- dependent neurotransmitter transporters,Pathway,na+/cl- dependent neurotransmitter transporters,,NCBI|REACTOME,
Pathway:R-HSA-888593,Reuptake of GABA,Pathway,reuptake of gaba,,NCBI|REACTOME,
Pathway:R-HSA-5619109,Defective SLC6A2 causes orthostatic intolerance (OI),Pathway,defective slc6a2 causes orthostatic intolerance (oi),,NCBI|REACTOME,
Pathway:R-HSA-379401,Dopamine clearance from the synaptic cleft,Pathway,dopamine clearance from the synaptic cleft,,NCBI|REACTOME,
Pathway:R-HSA-5619081,Defective SLC6A3 causes Parkinsonism-dystonia infantile (PKDYS),Pathway,defective slc6a3 causes parkinsonism-dystonia infantile (pkdys),,NCBI|REACTOME,
Pathway:R-HSA-5660724,Defective SLC6A3 causes Parkinsonism-dystonia infantile (PKDYS),Pathway,defective slc6a3 causes parkinsonism-dystonia infantile (pkdys),,NCBI|REACTOME,
Pathway:R-HSA-380615,Serotonin clearance from the synaptic cleft,Pathway,serotonin clearance from the synaptic cleft,,NCBI|REACTOME,
Pathway:R-HSA-425561,Sodium/Calcium exchangers,Pathway,sodium/calcium exchangers,,NCBI|REACTOME,
Pathway:R-HSA-425986,Sodium/Proton exchangers,Pathway,sodium/proton exchangers,,NCBI|REACTOME,
Pathway:R-HSA-427975,Proton/oligopeptide cotransporters,Pathway,proton/oligopeptide cotransporters,,NCBI|REACTOME,
Pathway:R-HSA-433692,Proton-coupled monocarboxylate transport,Pathway,proton-coupled monocarboxylate transport,,NCBI|REACTOME,
Pathway:R-HSA-5619070,Defective SLC16A1 causes symptomatic deficiency in lactate transport (SDLT),Pathway,defective slc16a1 causes symptomatic deficiency in lactate transport (sdlt),,NCBI|REACTOME,
Pathway:R-HSA-5619095,"Defective SLCO2A1 causes primary, autosomal recessive hypertrophic osteoarthropathy 2 (PHOAR2)",Pathway,"defective slco2a1 causes primary, autosomal recessive hypertrophic osteoarthropathy 2 (phoar2)",,NCBI|REACTOME,
Pathway:R-HSA-5250968,Toxicity of botulinum toxin type A (botA),Pathway,toxicity of botulinum toxin type a (bota),,NCBI|REACTOME,
Pathway:R-HSA-5250971,Toxicity of botulinum toxin type C (botC),Pathway,toxicity of botulinum toxin type c (botc),,NCBI|REACTOME,
Pathway:R-HSA-5250992,Toxicity of botulinum toxin type E (botE),Pathway,toxicity of botulinum toxin type e (bote),,NCBI|REACTOME,
Pathway:R-HSA-111367,SLBP independent Processing of Histone Pre-mRNAs,Pathway,slbp independent processing of histone pre-mrnas,,NCBI|REACTOME,
Pathway:R-HSA-77588,SLBP Dependent Processing of Replication-Dependent Histone Pre-mRNAs,Pathway,slbp dependent processing of replication-dependent histone pre-mrnas,,NCBI|REACTOME,
Pathway:R-HSA-2892245,"POU5F1 (OCT4), SOX2, NANOG repress genes related to differentiation",Pathway,"pou5f1 (oct4), sox2, nanog repress genes related to differentiation",,NCBI|REACTOME,
Pathway:R-HSA-8949275,RUNX3 Regulates Immune Response and Cell Migration,Pathway,runx3 regulates immune response and cell migration,,NCBI|REACTOME,
Pathway:R-HSA-8934903,Receptor Mediated Mitophagy,Pathway,receptor mediated mitophagy,,NCBI|REACTOME,
Pathway:R-HSA-8849474,PTK6 Activates STAT3,Pathway,ptk6 activates stat3,,NCBI|REACTOME,
Pathway:R-HSA-1296025,ATP sensitive Potassium channels,Pathway,atp sensitive potassium channels,,NCBI|REACTOME,
Pathway:R-HSA-5683177,Defective ABCC8 can cause hypo- and hyper-glycemias,Pathway,defective abcc8 can cause hypo- and hyper-glycemias,,NCBI|REACTOME,
Pathway:R-HSA-380095,Tachykinin receptors bind tachykinins,Pathway,tachykinin receptors bind tachykinins,,NCBI|REACTOME,
Pathway:R-HSA-9645460,Alpha-protein kinase 1 signaling pathway,Pathway,alpha-protein kinase 1 signaling pathway,,NCBI|REACTOME,
Pathway:R-HSA-163754,Insulin effects increased synthesis of Xylulose-5-Phosphate,Pathway,insulin effects increased synthesis of xylulose-5-phosphate,,NCBI|REACTOME,
Pathway:R-HSA-6791055,"TALDO1 deficiency: failed conversion of SH7P, GA3P to Fru(6)P, E4P",Pathway,"taldo1 deficiency: failed conversion of sh7p, ga3p to fru(6)p, e4p",,NCBI|REACTOME,
Pathway:R-HSA-6791462,"TALDO1 deficiency: failed conversion of Fru(6)P, E4P to SH7P, GA3P",Pathway,"taldo1 deficiency: failed conversion of fru(6)p, e4p to sh7p, ga3p",,NCBI|REACTOME,
Pathway:R-HSA-5579032,Defective TBXAS1 causes GHDD,Pathway,defective tbxas1 causes ghdd,,NCBI|REACTOME,
Pathway:R-HSA-3359454,Defective TCN2 causes hereditary megaloblastic anemia,Pathway,defective tcn2 causes hereditary megaloblastic anemia,,NCBI|REACTOME,
Pathway:R-HSA-3359485,Defective CD320 causes methylmalonic aciduria,Pathway,defective cd320 causes methylmalonic aciduria,,NCBI|REACTOME,
Pathway:R-HSA-8866906,TFAP2 (AP-2) family regulates transcription of other transcription factors,Pathway,tfap2 (ap-2) family regulates transcription of other transcription factors,,NCBI|REACTOME,
Pathway:R-HSA-168277,Influenza Virus Induced Apoptosis,Pathway,influenza virus induced apoptosis,,NCBI|REACTOME,
Pathway:R-HSA-3642279,TGFBR2 MSI Frameshift Mutants in Cancer,Pathway,tgfbr2 msi frameshift mutants in cancer,,NCBI|REACTOME,
Pathway:R-HSA-3645790,TGFBR2 Kinase Domain Mutants in Cancer,Pathway,tgfbr2 kinase domain mutants in cancer,,NCBI|REACTOME,
Pathway:R-HSA-3656535,TGFBR1 LBD Mutants in Cancer,Pathway,tgfbr1 lbd mutants in cancer,,NCBI|REACTOME,
Pathway:R-HSA-5602410,TLR3 deficiency - HSE,Pathway,tlr3 deficiency - hse,,NCBI|REACTOME,
Pathway:R-HSA-5602415,UNC93B1 deficiency - HSE,Pathway,unc93b1 deficiency - hse,,NCBI|REACTOME,
Pathway:R-HSA-9657689,Defective SERPING1 causes hereditary angioedema,Pathway,defective serping1 causes hereditary angioedema,,NCBI|REACTOME,
Pathway:R-HSA-168176,Toll Like Receptor 5 (TLR5) Cascade,Pathway,toll like receptor 5 (tlr5) cascade,,NCBI|REACTOME,
Pathway:R-HSA-5602680,MyD88 deficiency (TLR5),Pathway,myd88 deficiency (tlr5),,NCBI|REACTOME,
Pathway:R-HSA-9678110,Attachment and Entry,Pathway,attachment and entry,,NCBI|REACTOME,
Pathway:R-HSA-9694614,Attachment and Entry,Pathway,attachment and entry,,NCBI|REACTOME,
Pathway:R-HSA-5626978,TNFR1-mediated ceramide production,Pathway,tnfr1-mediated ceramide production,,NCBI|REACTOME,
Pathway:R-HSA-75893,TNF signaling,Pathway,tnf signaling,,NCBI|REACTOME,
Pathway:R-HSA-6804754,Regulation of TP53 Expression,Pathway,regulation of tp53 expression,,NCBI|REACTOME,
Pathway:R-HSA-1614517,Sulfide oxidation to sulfate,Pathway,sulfide oxidation to sulfate,,NCBI|REACTOME,
Pathway:R-HSA-2408550,Metabolism of ingested H2SeO4 and H2SeO3 into H2Se,Pathway,metabolism of ingested h2seo4 and h2seo3 into h2se,,NCBI|REACTOME,
Pathway:R-HSA-5263617,Metabolism of ingested MeSeO2H into MeSeH,Pathway,metabolism of ingested meseo2h into meseh,,NCBI|REACTOME,
Pathway:R-HSA-167826,The fatty acid cycling model,Pathway,the fatty acid cycling model,,NCBI|REACTOME,
Pathway:R-HSA-167827,The proton buffering model,Pathway,the proton buffering model,,NCBI|REACTOME,
Pathway:R-HSA-5619072,Defective SLC35A2 causes congenital disorder of glycosylation 2M (CDG2M),Pathway,defective slc35a2 causes congenital disorder of glycosylation 2m (cdg2m),,NCBI|REACTOME,
Pathway:R-HSA-727802,Transport of nucleotide sugars,Pathway,transport of nucleotide sugars,,NCBI|REACTOME,
Pathway:R-HSA-173599,"Formation of the active cofactor, UDP-glucuronate",Pathway,"formation of the active cofactor, udp-glucuronate",,NCBI|REACTOME,
Pathway:R-HSA-500753,Pyrimidine biosynthesis,Pathway,pyrimidine biosynthesis,,NCBI|REACTOME,
Pathway:R-HSA-8866427,VLDLR internalisation and degradation,Pathway,vldlr internalisation and degradation,,NCBI|REACTOME,
Pathway:R-HSA-194138,Signaling by VEGF,Pathway,signaling by vegf,,NCBI|REACTOME,
Pathway:R-HSA-194313,VEGF ligand-receptor interactions,Pathway,vegf ligand-receptor interactions,,NCBI|REACTOME,
Pathway:R-HSA-9672393,Defective F8 binding to von Willebrand factor,Pathway,defective f8 binding to von willebrand factor,,NCBI|REACTOME,
Pathway:R-HSA-1247673,Erythrocytes take up oxygen and release carbon dioxide,Pathway,erythrocytes take up oxygen and release carbon dioxide,,NCBI|REACTOME,
Pathway:R-HSA-1475029,Reversible hydration of carbon dioxide,Pathway,reversible hydration of carbon dioxide,,NCBI|REACTOME,
Pathway:R-HSA-435368,Zinc efflux and compartmentalization by the SLC30 family,Pathway,zinc efflux and compartmentalization by the slc30 family,,NCBI|REACTOME,
Pathway:R-HSA-73943,Reversal of alkylation damage by DNA dioxygenases,Pathway,reversal of alkylation damage by dna dioxygenases,,NCBI|REACTOME,
Pathway:R-HSA-964739,N-glycan trimming and elongation in the cis-Golgi,Pathway,n-glycan trimming and elongation in the cis-golgi,,NCBI|REACTOME,
Pathway:R-HSA-174430,Telomere C-strand synthesis initiation,Pathway,telomere c-strand synthesis initiation,,NCBI|REACTOME,
Pathway:R-HSA-917729,Endosomal Sorting Complex Required For Transport (ESCRT),Pathway,endosomal sorting complex required for transport (escrt),,NCBI|REACTOME,
Pathway:R-HSA-8941237,Invadopodia formation,Pathway,invadopodia formation,,NCBI|REACTOME,
Pathway:R-HSA-5619068,Defective SLC2A10 causes arterial tortuosity syndrome (ATS),Pathway,defective slc2a10 causes arterial tortuosity syndrome (ats),,NCBI|REACTOME,
Pathway:R-HSA-168316,Assembly of Viral Components at the Budding Site,Pathway,assembly of viral components at the budding site,,NCBI|REACTOME,
Pathway:R-HSA-975577,N-Glycan antennae elongation,Pathway,n-glycan antennae elongation,,NCBI|REACTOME,
Pathway:R-HSA-209822,Glycoprotein hormones,Pathway,glycoprotein hormones,,NCBI|REACTOME,
Pathway:R-HSA-75153,Apoptotic execution phase,Pathway,apoptotic execution phase,,NCBI|REACTOME,
Pathway:R-HSA-75158,TRAIL signaling,Pathway,trail signaling,,NCBI|REACTOME,
Pathway:R-HSA-9686347,Microbial modulation of RIPK1-mediated regulated necrosis,Pathway,microbial modulation of ripk1-mediated regulated necrosis,,NCBI|REACTOME,
Pathway:R-HSA-9693928,Defective RIPK1-mediated regulated necrosis,Pathway,defective ripk1-mediated regulated necrosis,,NCBI|REACTOME,
Pathway:R-HSA-75896,Plasmalogen biosynthesis,Pathway,plasmalogen biosynthesis,,NCBI|REACTOME,
Pathway:R-HSA-5666185,RHO GTPases Activate Rhotekin and Rhophilins,Pathway,rho gtpases activate rhotekin and rhophilins,,NCBI|REACTOME,
Pathway:R-HSA-1483152,Hydrolysis of LPE,Pathway,hydrolysis of lpe,,NCBI|REACTOME,
Pathway:R-HSA-8939245,RUNX1 regulates transcription of genes involved in BCR signaling,Pathway,runx1 regulates transcription of genes involved in bcr signaling,,NCBI|REACTOME,
Pathway:R-HSA-8941333,RUNX2 regulates genes involved in differentiation of myeloid cells,Pathway,runx2 regulates genes involved in differentiation of myeloid cells,,NCBI|REACTOME,
Pathway:R-HSA-8951911,RUNX3 regulates RUNX1-mediated transcription,Pathway,runx3 regulates runx1-mediated transcription,,NCBI|REACTOME,
Pathway:R-HSA-5678520,Defective ABCB11 causes PFIC2 and BRIC2,Pathway,defective abcb11 causes pfic2 and bric2,,NCBI|REACTOME,
Pathway:R-HSA-8941284,RUNX2 regulates chondrocyte maturation,Pathway,runx2 regulates chondrocyte maturation,,NCBI|REACTOME,
Pathway:R-HSA-5619054,"Defective SLC4A4 causes renal tubular acidosis, proximal, with ocular abnormalities and mental retardation (pRTA-OA)",Pathway,"defective slc4a4 causes renal tubular acidosis, proximal, with ocular abnormalities and mental retardation (prta-oa)",,NCBI|REACTOME,
Pathway:R-HSA-1614603,Cysteine formation from homocysteine,Pathway,cysteine formation from homocysteine,,NCBI|REACTOME,
Pathway:R-HSA-1368071,NR1D1 (REV-ERBA) represses gene expression,Pathway,nr1d1 (rev-erba) represses gene expression,,NCBI|REACTOME,
Pathway:R-HSA-1483206,Glycerophospholipid biosynthesis,Pathway,glycerophospholipid biosynthesis,,NCBI|REACTOME,
Pathway:R-HSA-170145,Phosphorylation of proteins involved in the G2/M transition by Cyclin A:Cdc2 complexes,Pathway,phosphorylation of proteins involved in the g2/m transition by cyclin a:cdc2 complexes,,NCBI|REACTOME,
Pathway:R-HSA-68875,Mitotic Prophase,Pathway,mitotic prophase,,NCBI|REACTOME,
Pathway:R-HSA-69478,G2/M DNA replication checkpoint,Pathway,g2/m dna replication checkpoint,,NCBI|REACTOME,
Pathway:R-HSA-5619089,Defective SLC6A5 causes hyperekplexia 3 (HKPX3),Pathway,defective slc6a5 causes hyperekplexia 3 (hkpx3),,NCBI|REACTOME,
Pathway:R-HSA-425397,"Transport of vitamins, nucleosides, and related molecules",Pathway,"transport of vitamins, nucleosides, and related molecules",,NCBI|REACTOME,
Pathway:R-HSA-5619061,Defective SLC33A1 causes spastic paraplegia 42 (SPG42),Pathway,defective slc33a1 causes spastic paraplegia 42 (spg42),,NCBI|REACTOME,
Pathway:R-HSA-1300645,Acrosome Reaction and Sperm:Oocyte Membrane Binding,Pathway,acrosome reaction and sperm:oocyte membrane binding,,NCBI|REACTOME,
Pathway:R-HSA-5579013,Defective CYP7B1 causes SPG5A and CBAS3,Pathway,defective cyp7b1 causes spg5a and cbas3,,NCBI|REACTOME,
Pathway:R-HSA-5579007,Defective ACY1 causes encephalopathy,Pathway,defective acy1 causes encephalopathy,,NCBI|REACTOME,
Pathway:R-HSA-5250955,Toxicity of botulinum toxin type D (botD),Pathway,toxicity of botulinum toxin type d (botd),,NCBI|REACTOME,
Pathway:R-HSA-5250981,Toxicity of botulinum toxin type F (botF),Pathway,toxicity of botulinum toxin type f (botf),,NCBI|REACTOME,
Pathway:R-HSA-417957,P2Y receptors,Pathway,p2y receptors,,NCBI|REACTOME,
